{
"type": "FeatureCollection",
"name": "grille_100m_indices",
"crs": { "type": "name", "properties": { "name": "urn:ogc:def:crs:OGC:1.3:CRS84" } },
"features": [
{ "type": "Feature", "properties": { "ndvi_mean": 0.0, "ndmi_mean": 0.0, "ndbi_mean": 0.0 }, "geometry": { "type": "Polygon", "coordinates": [ [ [ 5.216220268745407, 43.459909826193524 ], [ 5.216254929469503, 43.460809146611915 ], [ 5.215020314477202, 43.460834387620913 ], [ 5.21498567304138, 43.459935066791317 ], [ 5.216220268745407, 43.459909826193524 ] ] ] } },
{ "type": "Feature", "properties": { "ndvi_mean": 0.0, "ndmi_mean": 0.0, "ndbi_mean": 0.0 }, "geometry": { "type": "Polygon", "coordinates": [ [ [ 5.217454863365596, 43.459884571535135 ], [ 5.217489543377914, 43.460783891542107 ], [ 5.216254929469503, 43.460809146611915 ], [ 5.216220268745407, 43.459909826193524 ], [ 5.217454863365596, 43.459884571535135 ] ] ] } },
{ "type": "Feature", "properties": { "ndvi_mean": 0.0, "ndmi_mean": 0.0, "ndbi_mean": 0.0 }, "geometry": { "type": "Polygon", "coordinates": [ [ [ 5.218689456901343, 43.45985930281617 ], [ 5.218724156201833, 43.460758622411475 ], [ 5.217489543377914, 43.460783891542107 ], [ 5.217454863365596, 43.459884571535135 ], [ 5.218689456901343, 43.45985930281617 ] ] ] } },
{ "type": "Feature", "properties": { "ndvi_mean": 0.0, "ndmi_mean": 0.0, "ndbi_mean": 0.0 }, "geometry": { "type": "Polygon", "coordinates": [ [ [ 5.219924049352047, 43.459834020036638 ], [ 5.219958767940657, 43.460733339220063 ], [ 5.218724156201833, 43.460758622411475 ], [ 5.218689456901343, 43.45985930281617 ], [ 5.219924049352047, 43.459834020036638 ] ] ] } },
{ "type": "Feature", "properties": { "ndvi_mean": 0.0, "ndmi_mean": 0.0, "ndbi_mean": 0.0 }, "geometry": { "type": "Polygon", "coordinates": [ [ [ 5.221158640717105, 43.459808723196566 ], [ 5.221193378593787, 43.46070804196787 ], [ 5.219958767940657, 43.460733339220063 ], [ 5.219924049352047, 43.459834020036638 ], [ 5.221158640717105, 43.459808723196566 ] ] ] } },
{ "type": "Feature", "properties": { "ndvi_mean": 0.0, "ndmi_mean": 0.0, "ndbi_mean": 0.0 }, "geometry": { "type": "Polygon", "coordinates": [ [ [ 5.222393230995916, 43.459783412295977 ], [ 5.222427988160616, 43.460682730654938 ], [ 5.221193378593787, 43.46070804196787 ], [ 5.221158640717105, 43.459808723196566 ], [ 5.222393230995916, 43.459783412295977 ] ] ] } },
{ "type": "Feature", "properties": { "ndvi_mean": 0.0, "ndmi_mean": 0.0, "ndbi_mean": 0.0 }, "geometry": { "type": "Polygon", "coordinates": [ [ [ 5.223627820187877, 43.45975808733489 ], [ 5.223662596640545, 43.460657405281282 ], [ 5.222427988160616, 43.460682730654938 ], [ 5.222393230995916, 43.459783412295977 ], [ 5.223627820187877, 43.45975808733489 ] ] ] } },
{ "type": "Feature", "properties": { "ndvi_mean": 0.0, "ndmi_mean": 0.0, "ndbi_mean": 0.0 }, "geometry": { "type": "Polygon", "coordinates": [ [ [ 5.224862408292386, 43.4597327483133 ], [ 5.224897204032971, 43.460632065846902 ], [ 5.223662596640545, 43.460657405281282 ], [ 5.223627820187877, 43.45975808733489 ], [ 5.224862408292386, 43.4597327483133 ] ] ] } },
{ "type": "Feature", "properties": { "ndvi_mean": 0.0, "ndmi_mean": 0.0, "ndbi_mean": 0.0 }, "geometry": { "type": "Polygon", "coordinates": [ [ [ 5.226096995308841, 43.459707395231256 ], [ 5.226131810337293, 43.460606712351833 ], [ 5.224897204032971, 43.460632065846902 ], [ 5.224862408292386, 43.4597327483133 ], [ 5.226096995308841, 43.459707395231256 ] ] ] } },
{ "type": "Feature", "properties": { "ndvi_mean": 0.0, "ndmi_mean": 0.0, "ndbi_mean": 0.0 }, "geometry": { "type": "Polygon", "coordinates": [ [ [ 5.227331581236641, 43.459682028088771 ], [ 5.227366415552908, 43.460581344796083 ], [ 5.226131810337293, 43.460606712351833 ], [ 5.226096995308841, 43.459707395231256 ], [ 5.227331581236641, 43.459682028088771 ] ] ] } },
{ "type": "Feature", "properties": { "ndvi_mean": 0.0792, "ndmi_mean": -0.0776, "ndbi_mean": 0.0776 }, "geometry": { "type": "Polygon", "coordinates": [ [ [ 5.228566166075182, 43.459656646885875 ], [ 5.228601019679211, 43.460555963179701 ], [ 5.227366415552908, 43.460581344796083 ], [ 5.227331581236641, 43.459682028088771 ], [ 5.228566166075182, 43.459656646885875 ] ] ] } },
{ "type": "Feature", "properties": { "ndvi_mean": 0.8932, "ndmi_mean": 0.1604, "ndbi_mean": -0.1604 }, "geometry": { "type": "Polygon", "coordinates": [ [ [ 5.229800749823861, 43.459631251622568 ], [ 5.229835622715604, 43.46053056750268 ], [ 5.228601019679211, 43.460555963179701 ], [ 5.228566166075182, 43.459656646885875 ], [ 5.229800749823861, 43.459631251622568 ] ] ] } },
{ "type": "Feature", "properties": { "ndvi_mean": 0.7641, "ndmi_mean": 0.0301, "ndbi_mean": -0.0301 }, "geometry": { "type": "Polygon", "coordinates": [ [ [ 5.231035332482079, 43.459605842298856 ], [ 5.231070224661484, 43.46050515776502 ], [ 5.229835622715604, 43.46053056750268 ], [ 5.229800749823861, 43.459631251622568 ], [ 5.231035332482079, 43.459605842298856 ] ] ] } },
{ "type": "Feature", "properties": { "ndvi_mean": 0.9322, "ndmi_mean": 0.1872, "ndbi_mean": -0.1872 }, "geometry": { "type": "Polygon", "coordinates": [ [ [ 5.232269914049231, 43.459580418914804 ], [ 5.232304825516247, 43.460479733966793 ], [ 5.231070224661484, 43.46050515776502 ], [ 5.231035332482079, 43.459605842298856 ], [ 5.232269914049231, 43.459580418914804 ] ] ] } },
{ "type": "Feature", "properties": { "ndvi_mean": 0.3558, "ndmi_mean": -0.0076, "ndbi_mean": 0.0076 }, "geometry": { "type": "Polygon", "coordinates": [ [ [ 5.233504494524716, 43.459554981470376 ], [ 5.233539425279292, 43.460454296107962 ], [ 5.232304825516247, 43.460479733966793 ], [ 5.232269914049231, 43.459580418914804 ], [ 5.233504494524716, 43.459554981470376 ] ] ] } },
{ "type": "Feature", "properties": { "ndvi_mean": 0.6714, "ndmi_mean": 0.0183, "ndbi_mean": -0.0183 }, "geometry": { "type": "Polygon", "coordinates": [ [ [ 5.234739073907933, 43.459529529965636 ], [ 5.234774023950016, 43.460428844188591 ], [ 5.233539425279292, 43.460454296107962 ], [ 5.233504494524716, 43.459554981470376 ], [ 5.234739073907933, 43.459529529965636 ] ] ] } },
{ "type": "Feature", "properties": { "ndvi_mean": 0.6411, "ndmi_mean": 0.0047, "ndbi_mean": -0.0047 }, "geometry": { "type": "Polygon", "coordinates": [ [ [ 5.235973652198278, 43.459504064400598 ], [ 5.236008621527819, 43.460403378208696 ], [ 5.234774023950016, 43.460428844188591 ], [ 5.234739073907933, 43.459529529965636 ], [ 5.235973652198278, 43.459504064400598 ] ] ] } },
{ "type": "Feature", "properties": { "ndvi_mean": 0.9664, "ndmi_mean": 0.2607, "ndbi_mean": -0.2607 }, "geometry": { "type": "Polygon", "coordinates": [ [ [ 5.23720822939515, 43.459478584775248 ], [ 5.237243218012096, 43.460377898168254 ], [ 5.236008621527819, 43.460403378208696 ], [ 5.235973652198278, 43.459504064400598 ], [ 5.23720822939515, 43.459478584775248 ] ] ] } },
{ "type": "Feature", "properties": { "ndvi_mean": 0.9988, "ndmi_mean": 0.2842, "ndbi_mean": -0.2842 }, "geometry": { "type": "Polygon", "coordinates": [ [ [ 5.238442805497946, 43.459453091089635 ], [ 5.238477813402246, 43.460352404067336 ], [ 5.237243218012096, 43.460377898168254 ], [ 5.23720822939515, 43.459478584775248 ], [ 5.238442805497946, 43.459453091089635 ] ] ] } },
{ "type": "Feature", "properties": { "ndvi_mean": 0.9484, "ndmi_mean": 0.1613, "ndbi_mean": -0.1613 }, "geometry": { "type": "Polygon", "coordinates": [ [ [ 5.239677380506063, 43.459427583343796 ], [ 5.239712407697667, 43.460326895905922 ], [ 5.238477813402246, 43.460352404067336 ], [ 5.238442805497946, 43.459453091089635 ], [ 5.239677380506063, 43.459427583343796 ] ] ] } },
{ "type": "Feature", "properties": { "ndvi_mean": 0.7803, "ndmi_mean": 0.1954, "ndbi_mean": -0.1954 }, "geometry": { "type": "Polygon", "coordinates": [ [ [ 5.240911954418903, 43.459402061537695 ], [ 5.240947000897757, 43.460301373684068 ], [ 5.239712407697667, 43.460326895905922 ], [ 5.239677380506063, 43.459427583343796 ], [ 5.240911954418903, 43.459402061537695 ] ] ] } },
{ "type": "Feature", "properties": { "ndvi_mean": 0.5635, "ndmi_mean": -0.0344, "ndbi_mean": 0.0344 }, "geometry": { "type": "Polygon", "coordinates": [ [ [ 5.242146527235858, 43.459376525671395 ], [ 5.242181593001914, 43.460275837401767 ], [ 5.240947000897757, 43.460301373684068 ], [ 5.240911954418903, 43.459402061537695 ], [ 5.242146527235858, 43.459376525671395 ] ] ] } },
{ "type": "Feature", "properties": { "ndvi_mean": 0.4473, "ndmi_mean": -0.0929, "ndbi_mean": 0.0929 }, "geometry": { "type": "Polygon", "coordinates": [ [ [ 5.243381098956331, 43.45935097574489 ], [ 5.243416184009535, 43.46025028705904 ], [ 5.242181593001914, 43.460275837401767 ], [ 5.242146527235858, 43.459376525671395 ], [ 5.243381098956331, 43.45935097574489 ] ] ] } },
{ "type": "Feature", "properties": { "ndvi_mean": 0.3914, "ndmi_mean": -0.1328, "ndbi_mean": 0.1328 }, "geometry": { "type": "Polygon", "coordinates": [ [ [ 5.244615669579717, 43.45932541175825 ], [ 5.244650773920018, 43.460224722655909 ], [ 5.243416184009535, 43.46025028705904 ], [ 5.243381098956331, 43.45935097574489 ], [ 5.244615669579717, 43.45932541175825 ] ] ] } },
{ "type": "Feature", "properties": { "ndvi_mean": 0.444, "ndmi_mean": -0.1255, "ndbi_mean": 0.1255 }, "geometry": { "type": "Polygon", "coordinates": [ [ [ 5.245850239105415, 43.459299833711448 ], [ 5.245885362732762, 43.460199144192423 ], [ 5.244650773920018, 43.460224722655909 ], [ 5.244615669579717, 43.45932541175825 ], [ 5.245850239105415, 43.459299833711448 ] ] ] } },
{ "type": "Feature", "properties": { "ndvi_mean": 0.5181, "ndmi_mean": -0.0759, "ndbi_mean": 0.0759 }, "geometry": { "type": "Polygon", "coordinates": [ [ [ 5.247084807532822, 43.459274241604483 ], [ 5.247119950447163, 43.460173551668539 ], [ 5.245885362732762, 43.460199144192423 ], [ 5.245850239105415, 43.459299833711448 ], [ 5.247084807532822, 43.459274241604483 ] ] ] } },
{ "type": "Feature", "properties": { "ndvi_mean": 0.5413, "ndmi_mean": -0.0555, "ndbi_mean": 0.0555 }, "geometry": { "type": "Polygon", "coordinates": [ [ [ 5.248319374861336, 43.459248635437447 ], [ 5.248354537062621, 43.460147945084337 ], [ 5.247119950447163, 43.460173551668539 ], [ 5.247084807532822, 43.459274241604483 ], [ 5.248319374861336, 43.459248635437447 ] ] ] } },
{ "type": "Feature", "properties": { "ndvi_mean": 0.3875, "ndmi_mean": -0.1539, "ndbi_mean": 0.1539 }, "geometry": { "type": "Polygon", "coordinates": [ [ [ 5.249553941090356, 43.459223015210284 ], [ 5.249589122578532, 43.460122324439808 ], [ 5.248354537062621, 43.460147945084337 ], [ 5.248319374861336, 43.459248635437447 ], [ 5.249553941090356, 43.459223015210284 ] ] ] } },
{ "type": "Feature", "properties": { "ndvi_mean": 0.481, "ndmi_mean": -0.0688, "ndbi_mean": 0.0688 }, "geometry": { "type": "Polygon", "coordinates": [ [ [ 5.250788506219279, 43.459197380923058 ], [ 5.250823706994295, 43.460096689734975 ], [ 5.249589122578532, 43.460122324439808 ], [ 5.249553941090356, 43.459223015210284 ], [ 5.250788506219279, 43.459197380923058 ] ] ] } },
{ "type": "Feature", "properties": { "ndvi_mean": 0.7025, "ndmi_mean": 0.0452, "ndbi_mean": -0.0452 }, "geometry": { "type": "Polygon", "coordinates": [ [ [ 5.252023070247503, 43.459171732575776 ], [ 5.252058290309307, 43.460071040969865 ], [ 5.250823706994295, 43.460096689734975 ], [ 5.250788506219279, 43.459197380923058 ], [ 5.252023070247503, 43.459171732575776 ] ] ] } },
{ "type": "Feature", "properties": { "ndvi_mean": 0.4817, "ndmi_mean": -0.0726, "ndbi_mean": 0.0726 }, "geometry": { "type": "Polygon", "coordinates": [ [ [ 5.253257633174426, 43.459146070168458 ], [ 5.253292872522967, 43.460045378144478 ], [ 5.252058290309307, 43.460071040969865 ], [ 5.252023070247503, 43.459171732575776 ], [ 5.253257633174426, 43.459146070168458 ] ] ] } },
{ "type": "Feature", "properties": { "ndvi_mean": 0.6864, "ndmi_mean": -0.0935, "ndbi_mean": 0.0935 }, "geometry": { "type": "Polygon", "coordinates": [ [ [ 5.254492194999447, 43.459120393701127 ], [ 5.254527453634672, 43.460019701258865 ], [ 5.253292872522967, 43.460045378144478 ], [ 5.253257633174426, 43.459146070168458 ], [ 5.254492194999447, 43.459120393701127 ] ] ] } },
{ "type": "Feature", "properties": { "ndvi_mean": 0.9008, "ndmi_mean": -0.0756, "ndbi_mean": 0.0756 }, "geometry": { "type": "Polygon", "coordinates": [ [ [ 5.255726755721962, 43.459094703173797 ], [ 5.25576203364382, 43.459994010313011 ], [ 5.254527453634672, 43.460019701258865 ], [ 5.254492194999447, 43.459120393701127 ], [ 5.255726755721962, 43.459094703173797 ] ] ] } },
{ "type": "Feature", "properties": { "ndvi_mean": 0.0, "ndmi_mean": 0.0, "ndbi_mean": 0.0 }, "geometry": { "type": "Polygon", "coordinates": [ [ [ 5.216185609105151, 43.459010506353835 ], [ 5.216220268745407, 43.459909826193524 ], [ 5.21498567304138, 43.459935066791317 ], [ 5.214951032688795, 43.459035746540422 ], [ 5.216185609105151, 43.459010506353835 ] ] ] } },
{ "type": "Feature", "properties": { "ndvi_mean": 0.0, "ndmi_mean": 0.0, "ndbi_mean": 0.0 }, "geometry": { "type": "Polygon", "coordinates": [ [ [ 5.217420184437718, 43.458985252106849 ], [ 5.217454863365596, 43.459884571535135 ], [ 5.216220268745407, 43.459909826193524 ], [ 5.216185609105151, 43.459010506353835 ], [ 5.217420184437718, 43.458985252106849 ] ] ] } },
{ "type": "Feature", "properties": { "ndvi_mean": 0.0, "ndmi_mean": 0.0, "ndbi_mean": 0.0 }, "geometry": { "type": "Polygon", "coordinates": [ [ [ 5.218654758685896, 43.458959983799531 ], [ 5.218689456901343, 43.45985930281617 ], [ 5.217454863365596, 43.459884571535135 ], [ 5.217420184437718, 43.458985252106849 ], [ 5.218654758685896, 43.458959983799531 ] ] ] } },
{ "type": "Feature", "properties": { "ndvi_mean": 0.0, "ndmi_mean": 0.0, "ndbi_mean": 0.0 }, "geometry": { "type": "Polygon", "coordinates": [ [ [ 5.21988933184908, 43.458934701431886 ], [ 5.219924049352047, 43.459834020036638 ], [ 5.218689456901343, 43.45985930281617 ], [ 5.218654758685896, 43.458959983799531 ], [ 5.21988933184908, 43.458934701431886 ] ] ] } },
{ "type": "Feature", "properties": { "ndvi_mean": 0.0, "ndmi_mean": 0.0, "ndbi_mean": 0.0 }, "geometry": { "type": "Polygon", "coordinates": [ [ [ 5.221123903926671, 43.458909405003929 ], [ 5.221158640717105, 43.459808723196566 ], [ 5.219924049352047, 43.459834020036638 ], [ 5.21988933184908, 43.458934701431886 ], [ 5.221123903926671, 43.458909405003929 ] ] ] } },
{ "type": "Feature", "properties": { "ndvi_mean": 0.0, "ndmi_mean": 0.0, "ndbi_mean": 0.0 }, "geometry": { "type": "Polygon", "coordinates": [ [ [ 5.222358474918066, 43.45888409451566 ], [ 5.222393230995916, 43.459783412295977 ], [ 5.221158640717105, 43.459808723196566 ], [ 5.221123903926671, 43.458909405003929 ], [ 5.222358474918066, 43.45888409451566 ] ] ] } },
{ "type": "Feature", "properties": { "ndvi_mean": 0.0, "ndmi_mean": 0.0, "ndbi_mean": 0.0 }, "geometry": { "type": "Polygon", "coordinates": [ [ [ 5.22359304482266, 43.458858769967136 ], [ 5.223627820187877, 43.45975808733489 ], [ 5.222393230995916, 43.459783412295977 ], [ 5.222358474918066, 43.45888409451566 ], [ 5.22359304482266, 43.458858769967136 ] ] ] } },
{ "type": "Feature", "properties": { "ndvi_mean": 0.0, "ndmi_mean": 0.0, "ndbi_mean": 0.0 }, "geometry": { "type": "Polygon", "coordinates": [ [ [ 5.224827613639856, 43.45883343135835 ], [ 5.224862408292386, 43.4597327483133 ], [ 5.223627820187877, 43.45975808733489 ], [ 5.22359304482266, 43.458858769967136 ], [ 5.224827613639856, 43.45883343135835 ] ] ] } },
{ "type": "Feature", "properties": { "ndvi_mean": 0.0, "ndmi_mean": 0.0, "ndbi_mean": 0.0 }, "geometry": { "type": "Polygon", "coordinates": [ [ [ 5.226062181369047, 43.458808078689323 ], [ 5.226096995308841, 43.459707395231256 ], [ 5.224862408292386, 43.4597327483133 ], [ 5.224827613639856, 43.45883343135835 ], [ 5.226062181369047, 43.458808078689323 ] ] ] } },
{ "type": "Feature", "properties": { "ndvi_mean": 0.0, "ndmi_mean": 0.0, "ndbi_mean": 0.0 }, "geometry": { "type": "Polygon", "coordinates": [ [ [ 5.227296748009633, 43.45878271196009 ], [ 5.227331581236641, 43.459682028088771 ], [ 5.226096995308841, 43.459707395231256 ], [ 5.226062181369047, 43.458808078689323 ], [ 5.227296748009633, 43.45878271196009 ] ] ] } },
{ "type": "Feature", "properties": { "ndvi_mean": 0.2176, "ndmi_mean": -0.278, "ndbi_mean": 0.278 }, "geometry": { "type": "Polygon", "coordinates": [ [ [ 5.228531313561012, 43.458757331170666 ], [ 5.228566166075182, 43.459656646885875 ], [ 5.227331581236641, 43.459682028088771 ], [ 5.227296748009633, 43.45878271196009 ], [ 5.228531313561012, 43.458757331170666 ] ] ] } },
{ "type": "Feature", "properties": { "ndvi_mean": 0.5766, "ndmi_mean": -0.0059, "ndbi_mean": 0.0059 }, "geometry": { "type": "Polygon", "coordinates": [ [ [ 5.229765878022581, 43.458731936321065 ], [ 5.229800749823861, 43.459631251622568 ], [ 5.228566166075182, 43.459656646885875 ], [ 5.228531313561012, 43.458757331170666 ], [ 5.229765878022581, 43.458731936321065 ] ] ] } },
{ "type": "Feature", "properties": { "ndvi_mean": 0.4707, "ndmi_mean": -0.0554, "ndbi_mean": 0.0554 }, "geometry": { "type": "Polygon", "coordinates": [ [ [ 5.231000441393738, 43.458706527411287 ], [ 5.231035332482079, 43.459605842298856 ], [ 5.229800749823861, 43.459631251622568 ], [ 5.229765878022581, 43.458731936321065 ], [ 5.231000441393738, 43.458706527411287 ] ] ] } },
{ "type": "Feature", "properties": { "ndvi_mean": 0.2051, "ndmi_mean": -0.1019, "ndbi_mean": 0.1019 }, "geometry": { "type": "Polygon", "coordinates": [ [ [ 5.232235003673884, 43.458681104441411 ], [ 5.232269914049231, 43.459580418914804 ], [ 5.231035332482079, 43.459605842298856 ], [ 5.231000441393738, 43.458706527411287 ], [ 5.232235003673884, 43.458681104441411 ] ] ] } },
{ "type": "Feature", "properties": { "ndvi_mean": 0.4441, "ndmi_mean": -0.0536, "ndbi_mean": 0.0536 }, "geometry": { "type": "Polygon", "coordinates": [ [ [ 5.233469564862411, 43.458655667411378 ], [ 5.233504494524716, 43.459554981470376 ], [ 5.232269914049231, 43.459580418914804 ], [ 5.232235003673884, 43.458681104441411 ], [ 5.233469564862411, 43.458655667411378 ] ] ] } },
{ "type": "Feature", "properties": { "ndvi_mean": 0.9424, "ndmi_mean": 0.3049, "ndbi_mean": -0.3049 }, "geometry": { "type": "Polygon", "coordinates": [ [ [ 5.234704124958721, 43.458630216321268 ], [ 5.234739073907933, 43.459529529965636 ], [ 5.233504494524716, 43.459554981470376 ], [ 5.233469564862411, 43.458655667411378 ], [ 5.234704124958721, 43.458630216321268 ] ] ] } },
{ "type": "Feature", "properties": { "ndvi_mean": 0.577, "ndmi_mean": -0.0849, "ndbi_mean": 0.0849 }, "geometry": { "type": "Polygon", "coordinates": [ [ [ 5.235938683962212, 43.458604751171066 ], [ 5.235973652198278, 43.459504064400598 ], [ 5.234739073907933, 43.459529529965636 ], [ 5.234704124958721, 43.458630216321268 ], [ 5.235938683962212, 43.458604751171066 ] ] ] } },
{ "type": "Feature", "properties": { "ndvi_mean": 0.8781, "ndmi_mean": 0.046, "ndbi_mean": -0.046 }, "geometry": { "type": "Polygon", "coordinates": [ [ [ 5.23717324187228, 43.458579271960815 ], [ 5.23720822939515, 43.459478584775248 ], [ 5.235973652198278, 43.459504064400598 ], [ 5.235938683962212, 43.458604751171066 ], [ 5.23717324187228, 43.458579271960815 ] ] ] } },
{ "type": "Feature", "properties": { "ndvi_mean": 0.9724, "ndmi_mean": 0.2893, "ndbi_mean": -0.2893 }, "geometry": { "type": "Polygon", "coordinates": [ [ [ 5.238407798688324, 43.458553778690515 ], [ 5.238442805497946, 43.459453091089635 ], [ 5.23720822939515, 43.459478584775248 ], [ 5.23717324187228, 43.458579271960815 ], [ 5.238407798688324, 43.458553778690515 ] ] ] } },
{ "type": "Feature", "properties": { "ndvi_mean": 0.5931, "ndmi_mean": 0.0628, "ndbi_mean": -0.0628 }, "geometry": { "type": "Polygon", "coordinates": [ [ [ 5.239642354409741, 43.458528271360208 ], [ 5.239677380506063, 43.459427583343796 ], [ 5.238442805497946, 43.459453091089635 ], [ 5.238407798688324, 43.458553778690515 ], [ 5.239642354409741, 43.458528271360208 ] ] ] } },
{ "type": "Feature", "properties": { "ndvi_mean": 0.2914, "ndmi_mean": -0.1074, "ndbi_mean": 0.1074 }, "geometry": { "type": "Polygon", "coordinates": [ [ [ 5.24087690903593, 43.458502749969867 ], [ 5.240911954418903, 43.459402061537695 ], [ 5.239677380506063, 43.459427583343796 ], [ 5.239642354409741, 43.458528271360208 ], [ 5.24087690903593, 43.458502749969867 ] ] ] } },
{ "type": "Feature", "properties": { "ndvi_mean": 0.7947, "ndmi_mean": 0.1454, "ndbi_mean": -0.1454 }, "geometry": { "type": "Polygon", "coordinates": [ [ [ 5.242111462566288, 43.458477214519576 ], [ 5.242146527235858, 43.459376525671395 ], [ 5.240911954418903, 43.459402061537695 ], [ 5.24087690903593, 43.458502749969867 ], [ 5.242111462566288, 43.458477214519576 ] ] ] } },
{ "type": "Feature", "properties": { "ndvi_mean": 0.5684, "ndmi_mean": -0.0555, "ndbi_mean": 0.0555 }, "geometry": { "type": "Polygon", "coordinates": [ [ [ 5.243346015000213, 43.458451665009321 ], [ 5.243381098956331, 43.45935097574489 ], [ 5.242146527235858, 43.459376525671395 ], [ 5.242111462566288, 43.458477214519576 ], [ 5.243346015000213, 43.458451665009321 ] ] ] } },
{ "type": "Feature", "properties": { "ndvi_mean": 0.2687, "ndmi_mean": -0.1623, "ndbi_mean": 0.1623 }, "geometry": { "type": "Polygon", "coordinates": [ [ [ 5.244580566337104, 43.458426101439116 ], [ 5.244615669579717, 43.45932541175825 ], [ 5.243381098956331, 43.45935097574489 ], [ 5.243346015000213, 43.458451665009321 ], [ 5.244580566337104, 43.458426101439116 ] ] ] } },
{ "type": "Feature", "properties": { "ndvi_mean": 0.5266, "ndmi_mean": -0.0504, "ndbi_mean": 0.0504 }, "geometry": { "type": "Polygon", "coordinates": [ [ [ 5.245815116576359, 43.458400523808976 ], [ 5.245850239105415, 43.459299833711448 ], [ 5.244615669579717, 43.45932541175825 ], [ 5.244580566337104, 43.458426101439116 ], [ 5.245815116576359, 43.458400523808976 ] ] ] } },
{ "type": "Feature", "properties": { "ndvi_mean": 0.4174, "ndmi_mean": -0.0828, "ndbi_mean": 0.0828 }, "geometry": { "type": "Polygon", "coordinates": [ [ [ 5.247049665717373, 43.458374932118957 ], [ 5.247084807532822, 43.459274241604483 ], [ 5.245850239105415, 43.459299833711448 ], [ 5.245815116576359, 43.458400523808976 ], [ 5.247049665717373, 43.458374932118957 ] ] ] } },
{ "type": "Feature", "properties": { "ndvi_mean": 0.3392, "ndmi_mean": -0.1289, "ndbi_mean": 0.1289 }, "geometry": { "type": "Polygon", "coordinates": [ [ [ 5.248284213759548, 43.458349326369031 ], [ 5.248319374861336, 43.459248635437447 ], [ 5.247084807532822, 43.459274241604483 ], [ 5.247049665717373, 43.458374932118957 ], [ 5.248284213759548, 43.458349326369031 ] ] ] } },
{ "type": "Feature", "properties": { "ndvi_mean": 0.5667, "ndmi_mean": -0.0428, "ndbi_mean": 0.0428 }, "geometry": { "type": "Polygon", "coordinates": [ [ [ 5.249518760702278, 43.458323706559241 ], [ 5.249553941090356, 43.459223015210284 ], [ 5.248319374861336, 43.459248635437447 ], [ 5.248284213759548, 43.458349326369031 ], [ 5.249518760702278, 43.458323706559241 ] ] ] } },
{ "type": "Feature", "properties": { "ndvi_mean": 0.5768, "ndmi_mean": -0.0081, "ndbi_mean": 0.0081 }, "geometry": { "type": "Polygon", "coordinates": [ [ [ 5.250753306544963, 43.458298072689622 ], [ 5.250788506219279, 43.459197380923058 ], [ 5.249553941090356, 43.459223015210284 ], [ 5.249518760702278, 43.458323706559241 ], [ 5.250753306544963, 43.458298072689622 ] ] ] } },
{ "type": "Feature", "properties": { "ndvi_mean": 0.5697, "ndmi_mean": -0.0171, "ndbi_mean": 0.0171 }, "geometry": { "type": "Polygon", "coordinates": [ [ [ 5.251987851287002, 43.45827242476016 ], [ 5.252023070247503, 43.459171732575776 ], [ 5.250788506219279, 43.459197380923058 ], [ 5.250753306544963, 43.458298072689622 ], [ 5.251987851287002, 43.45827242476016 ] ] ] } },
{ "type": "Feature", "properties": { "ndvi_mean": 0.6854, "ndmi_mean": 0.0032, "ndbi_mean": -0.0032 }, "geometry": { "type": "Polygon", "coordinates": [ [ [ 5.253222394927791, 43.458246762770905 ], [ 5.253257633174426, 43.459146070168458 ], [ 5.252023070247503, 43.459171732575776 ], [ 5.251987851287002, 43.45827242476016 ], [ 5.253222394927791, 43.458246762770905 ] ] ] } },
{ "type": "Feature", "properties": { "ndvi_mean": 0.6147, "ndmi_mean": -0.0731, "ndbi_mean": 0.0731 }, "geometry": { "type": "Polygon", "coordinates": [ [ [ 5.254456937466728, 43.458221086721849 ], [ 5.254492194999447, 43.459120393701127 ], [ 5.253257633174426, 43.459146070168458 ], [ 5.253222394927791, 43.458246762770905 ], [ 5.254456937466728, 43.458221086721849 ] ] ] } },
{ "type": "Feature", "properties": { "ndvi_mean": 0.794, "ndmi_mean": -0.1384, "ndbi_mean": 0.1384 }, "geometry": { "type": "Polygon", "coordinates": [ [ [ 5.255691478903212, 43.458195396613064 ], [ 5.255726755721962, 43.459094703173797 ], [ 5.254492194999447, 43.459120393701127 ], [ 5.254456937466728, 43.458221086721849 ], [ 5.255691478903212, 43.458195396613064 ] ] ] } },
{ "type": "Feature", "properties": { "ndvi_mean": 0.0, "ndmi_mean": 0.0, "ndbi_mean": 0.0 }, "geometry": { "type": "Polygon", "coordinates": [ [ [ 5.216150950548681, 43.458111187092989 ], [ 5.216185609105151, 43.459010506353835 ], [ 5.214951032688795, 43.459035746540422 ], [ 5.214916393419395, 43.458136426868407 ], [ 5.216150950548681, 43.458111187092989 ] ] ] } },
{ "type": "Feature", "properties": { "ndvi_mean": 0.0, "ndmi_mean": 0.0, "ndbi_mean": 0.0 }, "geometry": { "type": "Polygon", "coordinates": [ [ [ 5.217385506594232, 43.458085933257436 ], [ 5.217420184437718, 43.458985252106849 ], [ 5.216185609105151, 43.459010506353835 ], [ 5.216150950548681, 43.458111187092989 ], [ 5.217385506594232, 43.458085933257436 ] ] ] } },
{ "type": "Feature", "properties": { "ndvi_mean": 0.0, "ndmi_mean": 0.0, "ndbi_mean": 0.0 }, "geometry": { "type": "Polygon", "coordinates": [ [ [ 5.218620061555442, 43.458060665361742 ], [ 5.218654758685896, 43.458959983799531 ], [ 5.217420184437718, 43.458985252106849 ], [ 5.217385506594232, 43.458085933257436 ], [ 5.218620061555442, 43.458060665361742 ] ] ] } },
{ "type": "Feature", "properties": { "ndvi_mean": 0.0, "ndmi_mean": 0.0, "ndbi_mean": 0.0 }, "geometry": { "type": "Polygon", "coordinates": [ [ [ 5.219854615431709, 43.458035383405971 ], [ 5.21988933184908, 43.458934701431886 ], [ 5.218654758685896, 43.458959983799531 ], [ 5.218620061555442, 43.458060665361742 ], [ 5.219854615431709, 43.458035383405971 ] ] ] } },
{ "type": "Feature", "properties": { "ndvi_mean": 0.0, "ndmi_mean": 0.0, "ndbi_mean": 0.0 }, "geometry": { "type": "Polygon", "coordinates": [ [ [ 5.221089168222434, 43.458010087390115 ], [ 5.221123903926671, 43.458909405003929 ], [ 5.21988933184908, 43.458934701431886 ], [ 5.219854615431709, 43.458035383405971 ], [ 5.221089168222434, 43.458010087390115 ] ] ] } },
{ "type": "Feature", "properties": { "ndvi_mean": 0.0, "ndmi_mean": 0.0, "ndbi_mean": 0.0 }, "geometry": { "type": "Polygon", "coordinates": [ [ [ 5.222323719927013, 43.457984777314195 ], [ 5.222358474918066, 43.45888409451566 ], [ 5.221123903926671, 43.458909405003929 ], [ 5.221089168222434, 43.458010087390115 ], [ 5.222323719927013, 43.457984777314195 ] ] ] } },
{ "type": "Feature", "properties": { "ndvi_mean": 0.0, "ndmi_mean": 0.0, "ndbi_mean": 0.0 }, "geometry": { "type": "Polygon", "coordinates": [ [ [ 5.223558270544845, 43.457959453178205 ], [ 5.22359304482266, 43.458858769967136 ], [ 5.222358474918066, 43.45888409451566 ], [ 5.222323719927013, 43.457984777314195 ], [ 5.223558270544845, 43.457959453178205 ] ] ] } },
{ "type": "Feature", "properties": { "ndvi_mean": 0.0, "ndmi_mean": 0.0, "ndbi_mean": 0.0 }, "geometry": { "type": "Polygon", "coordinates": [ [ [ 5.224792820075327, 43.457934114982194 ], [ 5.224827613639856, 43.45883343135835 ], [ 5.22359304482266, 43.458858769967136 ], [ 5.223558270544845, 43.457959453178205 ], [ 5.224792820075327, 43.457934114982194 ] ] ] } },
{ "type": "Feature", "properties": { "ndvi_mean": 0.0, "ndmi_mean": 0.0, "ndbi_mean": 0.0 }, "geometry": { "type": "Polygon", "coordinates": [ [ [ 5.226027368517856, 43.457908762726206 ], [ 5.226062181369047, 43.458808078689323 ], [ 5.224827613639856, 43.45883343135835 ], [ 5.224792820075327, 43.457934114982194 ], [ 5.226027368517856, 43.457908762726206 ] ] ] } },
{ "type": "Feature", "properties": { "ndvi_mean": 0.0155, "ndmi_mean": -0.0646, "ndbi_mean": 0.0646 }, "geometry": { "type": "Polygon", "coordinates": [ [ [ 5.227261915871831, 43.457883396410224 ], [ 5.227296748009633, 43.45878271196009 ], [ 5.226062181369047, 43.458808078689323 ], [ 5.226027368517856, 43.457908762726206 ], [ 5.227261915871831, 43.457883396410224 ] ] ] } },
{ "type": "Feature", "properties": { "ndvi_mean": 0.3985, "ndmi_mean": -0.1185, "ndbi_mean": 0.1185 }, "geometry": { "type": "Polygon", "coordinates": [ [ [ 5.228496462136651, 43.457858016034258 ], [ 5.228531313561012, 43.458757331170666 ], [ 5.227296748009633, 43.45878271196009 ], [ 5.227261915871831, 43.457883396410224 ], [ 5.228496462136651, 43.457858016034258 ] ] ] } },
{ "type": "Feature", "properties": { "ndvi_mean": 0.372, "ndmi_mean": -0.026, "ndbi_mean": 0.026 }, "geometry": { "type": "Polygon", "coordinates": [ [ [ 5.229731007311711, 43.457832621598357 ], [ 5.229765878022581, 43.458731936321065 ], [ 5.228531313561012, 43.458757331170666 ], [ 5.228496462136651, 43.457858016034258 ], [ 5.229731007311711, 43.457832621598357 ] ] ] } },
{ "type": "Feature", "properties": { "ndvi_mean": 0.4587, "ndmi_mean": -0.0389, "ndbi_mean": 0.0389 }, "geometry": { "type": "Polygon", "coordinates": [ [ [ 5.230965551396412, 43.457807213102519 ], [ 5.231000441393738, 43.458706527411287 ], [ 5.229765878022581, 43.458731936321065 ], [ 5.229731007311711, 43.457832621598357 ], [ 5.230965551396412, 43.457807213102519 ] ] ] } },
{ "type": "Feature", "properties": { "ndvi_mean": 0.3767, "ndmi_mean": -0.1432, "ndbi_mean": 0.1432 }, "geometry": { "type": "Polygon", "coordinates": [ [ [ 5.23220009439015, 43.457781790546775 ], [ 5.232235003673884, 43.458681104441411 ], [ 5.231000441393738, 43.458706527411287 ], [ 5.230965551396412, 43.457807213102519 ], [ 5.23220009439015, 43.457781790546775 ] ] ] } },
{ "type": "Feature", "properties": { "ndvi_mean": 0.3332, "ndmi_mean": -0.0765, "ndbi_mean": 0.0765 }, "geometry": { "type": "Polygon", "coordinates": [ [ [ 5.233434636292323, 43.457756353931153 ], [ 5.233469564862411, 43.458655667411378 ], [ 5.232235003673884, 43.458681104441411 ], [ 5.23220009439015, 43.457781790546775 ], [ 5.233434636292323, 43.457756353931153 ] ] ] } },
{ "type": "Feature", "properties": { "ndvi_mean": 0.9179, "ndmi_mean": 0.2195, "ndbi_mean": -0.2195 }, "geometry": { "type": "Polygon", "coordinates": [ [ [ 5.234669177102329, 43.457730903255644 ], [ 5.234704124958721, 43.458630216321268 ], [ 5.233469564862411, 43.458655667411378 ], [ 5.233434636292323, 43.457756353931153 ], [ 5.234669177102329, 43.457730903255644 ] ] ] } },
{ "type": "Feature", "properties": { "ndvi_mean": 0.4458, "ndmi_mean": -0.1114, "ndbi_mean": 0.1114 }, "geometry": { "type": "Polygon", "coordinates": [ [ [ 5.235903716819567, 43.4577054385203 ], [ 5.235938683962212, 43.458604751171066 ], [ 5.234704124958721, 43.458630216321268 ], [ 5.234669177102329, 43.457730903255644 ], [ 5.235903716819567, 43.4577054385203 ] ] ] } },
{ "type": "Feature", "properties": { "ndvi_mean": 0.896, "ndmi_mean": 0.09, "ndbi_mean": -0.09 }, "geometry": { "type": "Polygon", "coordinates": [ [ [ 5.237138255443433, 43.457679959725112 ], [ 5.23717324187228, 43.458579271960815 ], [ 5.235938683962212, 43.458604751171066 ], [ 5.235903716819567, 43.4577054385203 ], [ 5.237138255443433, 43.457679959725112 ] ] ] } },
{ "type": "Feature", "properties": { "ndvi_mean": 0.7717, "ndmi_mean": 0.2167, "ndbi_mean": -0.2167 }, "geometry": { "type": "Polygon", "coordinates": [ [ [ 5.238372792973327, 43.457654466870146 ], [ 5.238407798688324, 43.458553778690515 ], [ 5.23717324187228, 43.458579271960815 ], [ 5.237138255443433, 43.457679959725112 ], [ 5.238372792973327, 43.457654466870146 ] ] ] } },
{ "type": "Feature", "properties": { "ndvi_mean": 0.2989, "ndmi_mean": -0.0771, "ndbi_mean": 0.0771 }, "geometry": { "type": "Polygon", "coordinates": [ [ [ 5.239607329408646, 43.457628959955343 ], [ 5.239642354409741, 43.458528271360208 ], [ 5.238407798688324, 43.458553778690515 ], [ 5.238372792973327, 43.457654466870146 ], [ 5.239607329408646, 43.457628959955343 ] ] ] } },
{ "type": "Feature", "properties": { "ndvi_mean": 0.373, "ndmi_mean": -0.0903, "ndbi_mean": 0.0903 }, "geometry": { "type": "Polygon", "coordinates": [ [ [ 5.240841864748788, 43.457603438980783 ], [ 5.24087690903593, 43.458502749969867 ], [ 5.239642354409741, 43.458528271360208 ], [ 5.239607329408646, 43.457628959955343 ], [ 5.240841864748788, 43.457603438980783 ] ] ] } },
{ "type": "Feature", "properties": { "ndvi_mean": 0.712, "ndmi_mean": -0.0302, "ndbi_mean": 0.0302 }, "geometry": { "type": "Polygon", "coordinates": [ [ [ 5.24207639899315, 43.457577903946472 ], [ 5.242111462566288, 43.458477214519576 ], [ 5.24087690903593, 43.458502749969867 ], [ 5.240841864748788, 43.457603438980783 ], [ 5.24207639899315, 43.457577903946472 ] ] ] } },
{ "type": "Feature", "properties": { "ndvi_mean": 0.5748, "ndmi_mean": -0.0299, "ndbi_mean": 0.0299 }, "geometry": { "type": "Polygon", "coordinates": [ [ [ 5.243310932141132, 43.457552354852425 ], [ 5.243346015000213, 43.458451665009321 ], [ 5.242111462566288, 43.458477214519576 ], [ 5.24207639899315, 43.457577903946472 ], [ 5.243310932141132, 43.457552354852425 ] ] ] } },
{ "type": "Feature", "properties": { "ndvi_mean": 0.7554, "ndmi_mean": 0.1681, "ndbi_mean": -0.1681 }, "geometry": { "type": "Polygon", "coordinates": [ [ [ 5.244545464192129, 43.457526791698676 ], [ 5.244580566337104, 43.458426101439116 ], [ 5.243346015000213, 43.458451665009321 ], [ 5.243310932141132, 43.457552354852425 ], [ 5.244545464192129, 43.457526791698676 ] ] ] } },
{ "type": "Feature", "properties": { "ndvi_mean": 0.3373, "ndmi_mean": -0.1183, "ndbi_mean": 0.1183 }, "geometry": { "type": "Polygon", "coordinates": [ [ [ 5.245779995145541, 43.457501214485212 ], [ 5.245815116576359, 43.458400523808976 ], [ 5.244580566337104, 43.458426101439116 ], [ 5.244545464192129, 43.457526791698676 ], [ 5.245779995145541, 43.457501214485212 ] ] ] } },
{ "type": "Feature", "properties": { "ndvi_mean": 0.5083, "ndmi_mean": -0.077, "ndbi_mean": 0.077 }, "geometry": { "type": "Polygon", "coordinates": [ [ [ 5.247014525000766, 43.457475623212076 ], [ 5.247049665717373, 43.458374932118957 ], [ 5.245815116576359, 43.458400523808976 ], [ 5.245779995145541, 43.457501214485212 ], [ 5.247014525000766, 43.457475623212076 ] ] ] } },
{ "type": "Feature", "properties": { "ndvi_mean": 0.4532, "ndmi_mean": -0.0752, "ndbi_mean": 0.0752 }, "geometry": { "type": "Polygon", "coordinates": [ [ [ 5.248249053757201, 43.45745001787931 ], [ 5.248284213759548, 43.458349326369031 ], [ 5.247049665717373, 43.458374932118957 ], [ 5.247014525000766, 43.457475623212076 ], [ 5.248249053757201, 43.45745001787931 ] ] ] } },
{ "type": "Feature", "properties": { "ndvi_mean": 0.4823, "ndmi_mean": -0.0967, "ndbi_mean": 0.0967 }, "geometry": { "type": "Polygon", "coordinates": [ [ [ 5.249483581414244, 43.457424398486886 ], [ 5.249518760702278, 43.458323706559241 ], [ 5.248284213759548, 43.458349326369031 ], [ 5.248249053757201, 43.45745001787931 ], [ 5.249483581414244, 43.457424398486886 ] ] ] } },
{ "type": "Feature", "properties": { "ndvi_mean": 0.5148, "ndmi_mean": -0.0446, "ndbi_mean": 0.0446 }, "geometry": { "type": "Polygon", "coordinates": [ [ [ 5.250718107971295, 43.457398765034853 ], [ 5.250753306544963, 43.458298072689622 ], [ 5.249518760702278, 43.458323706559241 ], [ 5.249483581414244, 43.457424398486886 ], [ 5.250718107971295, 43.457398765034853 ] ] ] } },
{ "type": "Feature", "properties": { "ndvi_mean": 0.5691, "ndmi_mean": -0.0722, "ndbi_mean": 0.0722 }, "geometry": { "type": "Polygon", "coordinates": [ [ [ 5.251952633427749, 43.457373117523218 ], [ 5.251987851287002, 43.45827242476016 ], [ 5.250753306544963, 43.458298072689622 ], [ 5.250718107971295, 43.457398765034853 ], [ 5.251952633427749, 43.457373117523218 ] ] ] } },
{ "type": "Feature", "properties": { "ndvi_mean": 0.5774, "ndmi_mean": -0.0233, "ndbi_mean": 0.0233 }, "geometry": { "type": "Polygon", "coordinates": [ [ [ 5.253187157783005, 43.457347455952011 ], [ 5.253222394927791, 43.458246762770905 ], [ 5.251987851287002, 43.45827242476016 ], [ 5.251952633427749, 43.457373117523218 ], [ 5.253187157783005, 43.457347455952011 ] ] ] } },
{ "type": "Feature", "properties": { "ndvi_mean": 0.6874, "ndmi_mean": -0.0733, "ndbi_mean": 0.0733 }, "geometry": { "type": "Polygon", "coordinates": [ [ [ 5.254421681036462, 43.457321780321244 ], [ 5.254456937466728, 43.458221086721849 ], [ 5.253222394927791, 43.458246762770905 ], [ 5.253187157783005, 43.457347455952011 ], [ 5.254421681036462, 43.457321780321244 ] ] ] } },
{ "type": "Feature", "properties": { "ndvi_mean": 0.8165, "ndmi_mean": -0.1024, "ndbi_mean": 0.1024 }, "geometry": { "type": "Polygon", "coordinates": [ [ [ 5.255656203187518, 43.45729609063094 ], [ 5.255691478903212, 43.458195396613064 ], [ 5.254456937466728, 43.458221086721849 ], [ 5.254421681036462, 43.457321780321244 ], [ 5.255656203187518, 43.45729609063094 ] ] ] } },
{ "type": "Feature", "properties": { "ndvi_mean": 0.0, "ndmi_mean": 0.0, "ndbi_mean": 0.0 }, "geometry": { "type": "Polygon", "coordinates": [ [ [ 5.21611629307595, 43.457211868411257 ], [ 5.216150950548681, 43.458111187092989 ], [ 5.214916393419395, 43.458136426868407 ], [ 5.21488175523313, 43.457237107775477 ], [ 5.21611629307595, 43.457211868411257 ] ] ] } },
{ "type": "Feature", "properties": { "ndvi_mean": 0.0, "ndmi_mean": 0.0, "ndbi_mean": 0.0 }, "geometry": { "type": "Polygon", "coordinates": [ [ [ 5.217350829835084, 43.457186614987094 ], [ 5.217385506594232, 43.458085933257436 ], [ 5.216150950548681, 43.458111187092989 ], [ 5.21611629307595, 43.457211868411257 ], [ 5.217350829835084, 43.457186614987094 ] ] ] } },
{ "type": "Feature", "properties": { "ndvi_mean": 0.0, "ndmi_mean": 0.0, "ndbi_mean": 0.0 }, "geometry": { "type": "Polygon", "coordinates": [ [ [ 5.218585365509928, 43.457161347503046 ], [ 5.218620061555442, 43.458060665361742 ], [ 5.217385506594232, 43.458085933257436 ], [ 5.217350829835084, 43.457186614987094 ], [ 5.218585365509928, 43.457161347503046 ] ] ] } },
{ "type": "Feature", "properties": { "ndvi_mean": 0.0, "ndmi_mean": 0.0, "ndbi_mean": 0.0 }, "geometry": { "type": "Polygon", "coordinates": [ [ [ 5.219819900099882, 43.457136065959133 ], [ 5.219854615431709, 43.458035383405971 ], [ 5.218620061555442, 43.458060665361742 ], [ 5.218585365509928, 43.457161347503046 ], [ 5.219819900099882, 43.457136065959133 ] ] ] } },
{ "type": "Feature", "properties": { "ndvi_mean": 0.0, "ndmi_mean": 0.0, "ndbi_mean": 0.0 }, "geometry": { "type": "Polygon", "coordinates": [ [ [ 5.221054433604343, 43.457110770355357 ], [ 5.221089168222434, 43.458010087390115 ], [ 5.219854615431709, 43.458035383405971 ], [ 5.219819900099882, 43.457136065959133 ], [ 5.221054433604343, 43.457110770355357 ] ] ] } },
{ "type": "Feature", "properties": { "ndvi_mean": 0.0, "ndmi_mean": 0.0, "ndbi_mean": 0.0 }, "geometry": { "type": "Polygon", "coordinates": [ [ [ 5.222288966022711, 43.457085460691737 ], [ 5.222323719927013, 43.457984777314195 ], [ 5.221089168222434, 43.458010087390115 ], [ 5.221054433604343, 43.457110770355357 ], [ 5.222288966022711, 43.457085460691737 ] ] ] } },
{ "type": "Feature", "properties": { "ndvi_mean": 0.0, "ndmi_mean": 0.0, "ndbi_mean": 0.0 }, "geometry": { "type": "Polygon", "coordinates": [ [ [ 5.22352349735438, 43.457060136968323 ], [ 5.223558270544845, 43.457959453178205 ], [ 5.222323719927013, 43.457984777314195 ], [ 5.222288966022711, 43.457085460691737 ], [ 5.22352349735438, 43.457060136968323 ] ] ] } },
{ "type": "Feature", "properties": { "ndvi_mean": 0.0, "ndmi_mean": 0.0, "ndbi_mean": 0.0 }, "geometry": { "type": "Polygon", "coordinates": [ [ [ 5.224758027598751, 43.457034799185124 ], [ 5.224792820075327, 43.457934114982194 ], [ 5.223558270544845, 43.457959453178205 ], [ 5.22352349735438, 43.457060136968323 ], [ 5.224758027598751, 43.457034799185124 ] ] ] } },
{ "type": "Feature", "properties": { "ndvi_mean": 0.0, "ndmi_mean": 0.0, "ndbi_mean": 0.0 }, "geometry": { "type": "Polygon", "coordinates": [ [ [ 5.225992556755221, 43.457009447342116 ], [ 5.226027368517856, 43.457908762726206 ], [ 5.224792820075327, 43.457934114982194 ], [ 5.224758027598751, 43.457034799185124 ], [ 5.225992556755221, 43.457009447342116 ] ] ] } },
{ "type": "Feature", "properties": { "ndvi_mean": 0.0705, "ndmi_mean": -0.1798, "ndbi_mean": 0.1798 }, "geometry": { "type": "Polygon", "coordinates": [ [ [ 5.227227084823188, 43.456984081439352 ], [ 5.227261915871831, 43.457883396410224 ], [ 5.226027368517856, 43.457908762726206 ], [ 5.225992556755221, 43.457009447342116 ], [ 5.227227084823188, 43.456984081439352 ] ] ] } },
{ "type": "Feature", "properties": { "ndvi_mean": 0.7445, "ndmi_mean": 0.032, "ndbi_mean": -0.032 }, "geometry": { "type": "Polygon", "coordinates": [ [ [ 5.228461611802049, 43.456958701476864 ], [ 5.228496462136651, 43.457858016034258 ], [ 5.227261915871831, 43.457883396410224 ], [ 5.227227084823188, 43.456984081439352 ], [ 5.228461611802049, 43.456958701476864 ] ] ] } },
{ "type": "Feature", "properties": { "ndvi_mean": 0.4214, "ndmi_mean": -0.0058, "ndbi_mean": 0.0058 }, "geometry": { "type": "Polygon", "coordinates": [ [ [ 5.229696137691203, 43.456933307454662 ], [ 5.229731007311711, 43.457832621598357 ], [ 5.228496462136651, 43.457858016034258 ], [ 5.228461611802049, 43.456958701476864 ], [ 5.229696137691203, 43.456933307454662 ] ] ] } },
{ "type": "Feature", "properties": { "ndvi_mean": 0.4386, "ndmi_mean": -0.0164, "ndbi_mean": 0.0164 }, "geometry": { "type": "Polygon", "coordinates": [ [ [ 5.230930662490048, 43.456907899372759 ], [ 5.230965551396412, 43.457807213102519 ], [ 5.229731007311711, 43.457832621598357 ], [ 5.229696137691203, 43.456933307454662 ], [ 5.230930662490048, 43.456907899372759 ] ] ] } },
{ "type": "Feature", "properties": { "ndvi_mean": 0.3211, "ndmi_mean": -0.0907, "ndbi_mean": 0.0907 }, "geometry": { "type": "Polygon", "coordinates": [ [ [ 5.232165186197982, 43.456882477231169 ], [ 5.23220009439015, 43.457781790546775 ], [ 5.230965551396412, 43.457807213102519 ], [ 5.230930662490048, 43.456907899372759 ], [ 5.232165186197982, 43.456882477231169 ] ] ] } },
{ "type": "Feature", "properties": { "ndvi_mean": 0.3279, "ndmi_mean": -0.064, "ndbi_mean": 0.064 }, "geometry": { "type": "Polygon", "coordinates": [ [ [ 5.233399708814402, 43.45685704102992 ], [ 5.233434636292323, 43.457756353931153 ], [ 5.23220009439015, 43.457781790546775 ], [ 5.232165186197982, 43.456882477231169 ], [ 5.233399708814402, 43.45685704102992 ] ] ] } },
{ "type": "Feature", "properties": { "ndvi_mean": 0.8084, "ndmi_mean": 0.0844, "ndbi_mean": -0.0844 }, "geometry": { "type": "Polygon", "coordinates": [ [ [ 5.234634230338706, 43.456831590769035 ], [ 5.234669177102329, 43.457730903255644 ], [ 5.233434636292323, 43.457756353931153 ], [ 5.233399708814402, 43.45685704102992 ], [ 5.234634230338706, 43.456831590769035 ] ] ] } },
{ "type": "Feature", "properties": { "ndvi_mean": 0.5493, "ndmi_mean": -0.0726, "ndbi_mean": 0.0726 }, "geometry": { "type": "Polygon", "coordinates": [ [ [ 5.235868750770293, 43.456806126448519 ], [ 5.235903716819567, 43.4577054385203 ], [ 5.234669177102329, 43.457730903255644 ], [ 5.234634230338706, 43.456831590769035 ], [ 5.235868750770293, 43.456806126448519 ] ] ] } },
{ "type": "Feature", "properties": { "ndvi_mean": 0.8036, "ndmi_mean": 0.0731, "ndbi_mean": -0.0731 }, "geometry": { "type": "Polygon", "coordinates": [ [ [ 5.237103270108561, 43.456780648068396 ], [ 5.237138255443433, 43.457679959725112 ], [ 5.235903716819567, 43.4577054385203 ], [ 5.235868750770293, 43.456806126448519 ], [ 5.237103270108561, 43.456780648068396 ] ] ] } },
{ "type": "Feature", "properties": { "ndvi_mean": 0.8646, "ndmi_mean": 0.1447, "ndbi_mean": -0.1447 }, "geometry": { "type": "Polygon", "coordinates": [ [ [ 5.238337788352906, 43.456755155628713 ], [ 5.238372792973327, 43.457654466870146 ], [ 5.237138255443433, 43.457679959725112 ], [ 5.237103270108561, 43.456780648068396 ], [ 5.238337788352906, 43.456755155628713 ] ] ] } },
{ "type": "Feature", "properties": { "ndvi_mean": 0.432, "ndmi_mean": -0.068, "ndbi_mean": 0.068 }, "geometry": { "type": "Polygon", "coordinates": [ [ [ 5.239572305502728, 43.456729649129443 ], [ 5.239607329408646, 43.457628959955343 ], [ 5.238372792973327, 43.457654466870146 ], [ 5.238337788352906, 43.456755155628713 ], [ 5.239572305502728, 43.456729649129443 ] ] ] } },
{ "type": "Feature", "properties": { "ndvi_mean": 0.7658, "ndmi_mean": -0.0237, "ndbi_mean": 0.0237 }, "geometry": { "type": "Polygon", "coordinates": [ [ [ 5.240806821557425, 43.456704128570635 ], [ 5.240841864748788, 43.457603438980783 ], [ 5.239607329408646, 43.457628959955343 ], [ 5.239572305502728, 43.456729649129443 ], [ 5.240806821557425, 43.456704128570635 ] ] ] } },
{ "type": "Feature", "properties": { "ndvi_mean": 0.7168, "ndmi_mean": -0.0226, "ndbi_mean": 0.0226 }, "geometry": { "type": "Polygon", "coordinates": [ [ [ 5.242041336516393, 43.456678593952311 ], [ 5.24207639899315, 43.457577903946472 ], [ 5.240841864748788, 43.457603438980783 ], [ 5.240806821557425, 43.456704128570635 ], [ 5.242041336516393, 43.456678593952311 ] ] ] } },
{ "type": "Feature", "properties": { "ndvi_mean": 0.5869, "ndmi_mean": -0.0191, "ndbi_mean": 0.0191 }, "geometry": { "type": "Polygon", "coordinates": [ [ [ 5.243275850379031, 43.456653045274471 ], [ 5.243310932141132, 43.457552354852425 ], [ 5.24207639899315, 43.457577903946472 ], [ 5.242041336516393, 43.456678593952311 ], [ 5.243275850379031, 43.456653045274471 ] ] ] } },
{ "type": "Feature", "properties": { "ndvi_mean": 0.458, "ndmi_mean": -0.0779, "ndbi_mean": 0.0779 }, "geometry": { "type": "Polygon", "coordinates": [ [ [ 5.244510363144738, 43.456627482537165 ], [ 5.244545464192129, 43.457526791698676 ], [ 5.243310932141132, 43.457552354852425 ], [ 5.243275850379031, 43.456653045274471 ], [ 5.244510363144738, 43.456627482537165 ] ] ] } },
{ "type": "Feature", "properties": { "ndvi_mean": 0.4889, "ndmi_mean": -0.0617, "ndbi_mean": 0.0617 }, "geometry": { "type": "Polygon", "coordinates": [ [ [ 5.245744874812911, 43.456601905740378 ], [ 5.245779995145541, 43.457501214485212 ], [ 5.244545464192129, 43.457526791698676 ], [ 5.244510363144738, 43.456627482537165 ], [ 5.245744874812911, 43.456601905740378 ] ] ] } },
{ "type": "Feature", "properties": { "ndvi_mean": 0.5363, "ndmi_mean": -0.1267, "ndbi_mean": 0.1267 }, "geometry": { "type": "Polygon", "coordinates": [ [ [ 5.246979385382947, 43.456576314884146 ], [ 5.247014525000766, 43.457475623212076 ], [ 5.245779995145541, 43.457501214485212 ], [ 5.245744874812911, 43.456601905740378 ], [ 5.246979385382947, 43.456576314884146 ] ] ] } },
{ "type": "Feature", "properties": { "ndvi_mean": 0.3813, "ndmi_mean": -0.1461, "ndbi_mean": 0.1461 }, "geometry": { "type": "Polygon", "coordinates": [ [ [ 5.248213894854246, 43.456550709968489 ], [ 5.248249053757201, 43.45745001787931 ], [ 5.247014525000766, 43.457475623212076 ], [ 5.246979385382947, 43.456576314884146 ], [ 5.248213894854246, 43.456550709968489 ] ] ] } },
{ "type": "Feature", "properties": { "ndvi_mean": 0.619, "ndmi_mean": -0.0496, "ndbi_mean": 0.0496 }, "geometry": { "type": "Polygon", "coordinates": [ [ [ 5.249448403226205, 43.456525090993416 ], [ 5.249483581414244, 43.457424398486886 ], [ 5.248249053757201, 43.45745001787931 ], [ 5.248213894854246, 43.456550709968489 ], [ 5.249448403226205, 43.456525090993416 ] ] ] } },
{ "type": "Feature", "properties": { "ndvi_mean": 0.6079, "ndmi_mean": -0.0162, "ndbi_mean": 0.0162 }, "geometry": { "type": "Polygon", "coordinates": [ [ [ 5.250682910498221, 43.456499457958969 ], [ 5.250718107971295, 43.457398765034853 ], [ 5.249483581414244, 43.457424398486886 ], [ 5.249448403226205, 43.456525090993416 ], [ 5.250682910498221, 43.456499457958969 ] ] ] } },
{ "type": "Feature", "properties": { "ndvi_mean": 0.6166, "ndmi_mean": -0.0708, "ndbi_mean": 0.0708 }, "geometry": { "type": "Polygon", "coordinates": [ [ [ 5.251917416669693, 43.456473810865148 ], [ 5.251952633427749, 43.457373117523218 ], [ 5.250718107971295, 43.457398765034853 ], [ 5.250682910498221, 43.456499457958969 ], [ 5.251917416669693, 43.456473810865148 ] ] ] } },
{ "type": "Feature", "properties": { "ndvi_mean": 0.6519, "ndmi_mean": -0.0186, "ndbi_mean": 0.0186 }, "geometry": { "type": "Polygon", "coordinates": [ [ [ 5.25315192174002, 43.456448149711996 ], [ 5.253187157783005, 43.457347455952011 ], [ 5.251952633427749, 43.457373117523218 ], [ 5.251917416669693, 43.456473810865148 ], [ 5.25315192174002, 43.456448149711996 ] ] ] } },
{ "type": "Feature", "properties": { "ndvi_mean": 0.7535, "ndmi_mean": -0.0044, "ndbi_mean": 0.0044 }, "geometry": { "type": "Polygon", "coordinates": [ [ [ 5.254386425708597, 43.456422474499497 ], [ 5.254421681036462, 43.457321780321244 ], [ 5.253187157783005, 43.457347455952011 ], [ 5.25315192174002, 43.456448149711996 ], [ 5.254386425708597, 43.456422474499497 ] ] ] } },
{ "type": "Feature", "properties": { "ndvi_mean": 0.8481, "ndmi_mean": -0.0234, "ndbi_mean": 0.0234 }, "geometry": { "type": "Polygon", "coordinates": [ [ [ 5.255620928574826, 43.456396785227689 ], [ 5.255656203187518, 43.45729609063094 ], [ 5.254421681036462, 43.457321780321244 ], [ 5.254386425708597, 43.456422474499497 ], [ 5.255620928574826, 43.456396785227689 ] ] ] } },
{ "type": "Feature", "properties": { "ndvi_mean": 0.0, "ndmi_mean": 0.0, "ndbi_mean": 0.0 }, "geometry": { "type": "Polygon", "coordinates": [ [ [ 5.216081636686905, 43.456312550308823 ], [ 5.21611629307595, 43.457211868411257 ], [ 5.21488175523313, 43.457237107775477 ], [ 5.214847118129951, 43.456337789261873 ], [ 5.216081636686905, 43.456312550308823 ] ] ] } },
{ "type": "Feature", "properties": { "ndvi_mean": 0.0, "ndmi_mean": 0.0, "ndbi_mean": 0.0 }, "geometry": { "type": "Polygon", "coordinates": [ [ [ 5.217316154160224, 43.456287297296058 ], [ 5.217350829835084, 43.457186614987094 ], [ 5.21611629307595, 43.457211868411257 ], [ 5.216081636686905, 43.456312550308823 ], [ 5.217316154160224, 43.456287297296058 ] ] ] } },
{ "type": "Feature", "properties": { "ndvi_mean": 0.0, "ndmi_mean": 0.0, "ndbi_mean": 0.0 }, "geometry": { "type": "Polygon", "coordinates": [ [ [ 5.218550670549306, 43.456262030223648 ], [ 5.218585365509928, 43.457161347503046 ], [ 5.217350829835084, 43.457186614987094 ], [ 5.217316154160224, 43.456287297296058 ], [ 5.218550670549306, 43.456262030223648 ] ] ] } },
{ "type": "Feature", "properties": { "ndvi_mean": 0.0, "ndmi_mean": 0.0, "ndbi_mean": 0.0 }, "geometry": { "type": "Polygon", "coordinates": [ [ [ 5.219785185853548, 43.456236749091573 ], [ 5.219819900099882, 43.457136065959133 ], [ 5.218585365509928, 43.457161347503046 ], [ 5.218550670549306, 43.456262030223648 ], [ 5.219785185853548, 43.456236749091573 ] ] ] } },
{ "type": "Feature", "properties": { "ndvi_mean": 0.0, "ndmi_mean": 0.0, "ndbi_mean": 0.0 }, "geometry": { "type": "Polygon", "coordinates": [ [ [ 5.221019700072347, 43.456211453899911 ], [ 5.221054433604343, 43.457110770355357 ], [ 5.219819900099882, 43.457136065959133 ], [ 5.219785185853548, 43.456236749091573 ], [ 5.221019700072347, 43.456211453899911 ] ] ] } },
{ "type": "Feature", "properties": { "ndvi_mean": 0.0, "ndmi_mean": 0.0, "ndbi_mean": 0.0 }, "geometry": { "type": "Polygon", "coordinates": [ [ [ 5.222254213205103, 43.456186144648598 ], [ 5.222288966022711, 43.457085460691737 ], [ 5.221054433604343, 43.457110770355357 ], [ 5.221019700072347, 43.456211453899911 ], [ 5.222254213205103, 43.456186144648598 ] ] ] } },
{ "type": "Feature", "properties": { "ndvi_mean": 0.0, "ndmi_mean": 0.0, "ndbi_mean": 0.0 }, "geometry": { "type": "Polygon", "coordinates": [ [ [ 5.223488725251213, 43.456160821337718 ], [ 5.22352349735438, 43.457060136968323 ], [ 5.222288966022711, 43.457085460691737 ], [ 5.222254213205103, 43.456186144648598 ], [ 5.223488725251213, 43.456160821337718 ] ] ] } },
{ "type": "Feature", "properties": { "ndvi_mean": 0.0, "ndmi_mean": 0.0, "ndbi_mean": 0.0 }, "geometry": { "type": "Polygon", "coordinates": [ [ [ 5.224723236210076, 43.456135483967287 ], [ 5.224758027598751, 43.457034799185124 ], [ 5.22352349735438, 43.457060136968323 ], [ 5.223488725251213, 43.456160821337718 ], [ 5.224723236210076, 43.456135483967287 ] ] ] } },
{ "type": "Feature", "properties": { "ndvi_mean": 0.0, "ndmi_mean": 0.0, "ndbi_mean": 0.0 }, "geometry": { "type": "Polygon", "coordinates": [ [ [ 5.225957746081088, 43.456110132537297 ], [ 5.225992556755221, 43.457009447342116 ], [ 5.224758027598751, 43.457034799185124 ], [ 5.224723236210076, 43.456135483967287 ], [ 5.225957746081088, 43.456110132537297 ] ] ] } },
{ "type": "Feature", "properties": { "ndvi_mean": 0.0574, "ndmi_mean": -0.2267, "ndbi_mean": 0.2267 }, "geometry": { "type": "Polygon", "coordinates": [ [ [ 5.227192254863647, 43.456084767047749 ], [ 5.227227084823188, 43.456984081439352 ], [ 5.225992556755221, 43.457009447342116 ], [ 5.225957746081088, 43.456110132537297 ], [ 5.227192254863647, 43.456084767047749 ] ] ] } },
{ "type": "Feature", "properties": { "ndvi_mean": 0.6087, "ndmi_mean": -0.0657, "ndbi_mean": 0.0657 }, "geometry": { "type": "Polygon", "coordinates": [ [ [ 5.228426762557154, 43.456059387498726 ], [ 5.228461611802049, 43.456958701476864 ], [ 5.227227084823188, 43.456984081439352 ], [ 5.227192254863647, 43.456084767047749 ], [ 5.228426762557154, 43.456059387498726 ] ] ] } },
{ "type": "Feature", "properties": { "ndvi_mean": 0.6995, "ndmi_mean": -0.0148, "ndbi_mean": 0.0148 }, "geometry": { "type": "Polygon", "coordinates": [ [ [ 5.229661269161004, 43.456033993890216 ], [ 5.229696137691203, 43.456933307454662 ], [ 5.228461611802049, 43.456958701476864 ], [ 5.228426762557154, 43.456059387498726 ], [ 5.229661269161004, 43.456033993890216 ] ] ] } },
{ "type": "Feature", "properties": { "ndvi_mean": 0.2632, "ndmi_mean": 0.0045, "ndbi_mean": -0.0045 }, "geometry": { "type": "Polygon", "coordinates": [ [ [ 5.230895774674596, 43.456008586222218 ], [ 5.230930662490048, 43.456907899372759 ], [ 5.229696137691203, 43.456933307454662 ], [ 5.229661269161004, 43.456033993890216 ], [ 5.230895774674596, 43.456008586222218 ] ] ] } },
{ "type": "Feature", "properties": { "ndvi_mean": 0.4538, "ndmi_mean": -0.0578, "ndbi_mean": 0.0578 }, "geometry": { "type": "Polygon", "coordinates": [ [ [ 5.232130279097327, 43.455983164494775 ], [ 5.232165186197982, 43.456882477231169 ], [ 5.230930662490048, 43.456907899372759 ], [ 5.230895774674596, 43.456008586222218 ], [ 5.232130279097327, 43.455983164494775 ] ] ] } },
{ "type": "Feature", "properties": { "ndvi_mean": 0.4378, "ndmi_mean": 0.006, "ndbi_mean": -0.006 }, "geometry": { "type": "Polygon", "coordinates": [ [ [ 5.233364782428596, 43.455957728707901 ], [ 5.233399708814402, 43.45685704102992 ], [ 5.232165186197982, 43.456882477231169 ], [ 5.232130279097327, 43.455983164494775 ], [ 5.233364782428596, 43.455957728707901 ] ] ] } },
{ "type": "Feature", "properties": { "ndvi_mean": 0.5727, "ndmi_mean": -0.0058, "ndbi_mean": 0.0058 }, "geometry": { "type": "Polygon", "coordinates": [ [ [ 5.234599284667801, 43.45593227886161 ], [ 5.234634230338706, 43.456831590769035 ], [ 5.233399708814402, 43.45685704102992 ], [ 5.233364782428596, 43.455957728707901 ], [ 5.234599284667801, 43.45593227886161 ] ] ] } },
{ "type": "Feature", "properties": { "ndvi_mean": 0.6093, "ndmi_mean": -0.0202, "ndbi_mean": 0.0202 }, "geometry": { "type": "Polygon", "coordinates": [ [ [ 5.23583378581434, 43.455906814955938 ], [ 5.235868750770293, 43.456806126448519 ], [ 5.234634230338706, 43.456831590769035 ], [ 5.234599284667801, 43.45593227886161 ], [ 5.23583378581434, 43.455906814955938 ] ] ] } },
{ "type": "Feature", "properties": { "ndvi_mean": 0.4165, "ndmi_mean": -0.1204, "ndbi_mean": 0.1204 }, "geometry": { "type": "Polygon", "coordinates": [ [ [ 5.237068285867611, 43.455881336990871 ], [ 5.237103270108561, 43.456780648068396 ], [ 5.235868750770293, 43.456806126448519 ], [ 5.23583378581434, 43.455906814955938 ], [ 5.237068285867611, 43.455881336990871 ] ] ] } },
{ "type": "Feature", "properties": { "ndvi_mean": 0.7232, "ndmi_mean": 0.0651, "ndbi_mean": -0.0651 }, "geometry": { "type": "Polygon", "coordinates": [ [ [ 5.238302784827011, 43.455855844966472 ], [ 5.238337788352906, 43.456755155628713 ], [ 5.237103270108561, 43.456780648068396 ], [ 5.237068285867611, 43.455881336990871 ], [ 5.238302784827011, 43.455855844966472 ] ] ] } },
{ "type": "Feature", "properties": { "ndvi_mean": 0.4311, "ndmi_mean": -0.0644, "ndbi_mean": 0.0644 }, "geometry": { "type": "Polygon", "coordinates": [ [ [ 5.239537282691937, 43.455830338882741 ], [ 5.239572305502728, 43.456729649129443 ], [ 5.238337788352906, 43.456755155628713 ], [ 5.238302784827011, 43.455855844966472 ], [ 5.239537282691937, 43.455830338882741 ] ] ] } },
{ "type": "Feature", "properties": { "ndvi_mean": 0.4145, "ndmi_mean": -0.1805, "ndbi_mean": 0.1805 }, "geometry": { "type": "Polygon", "coordinates": [ [ [ 5.24077177946179, 43.455804818739665 ], [ 5.240806821557425, 43.456704128570635 ], [ 5.239572305502728, 43.456729649129443 ], [ 5.239537282691937, 43.455830338882741 ], [ 5.24077177946179, 43.455804818739665 ] ] ] } },
{ "type": "Feature", "properties": { "ndvi_mean": 0.6328, "ndmi_mean": -0.09, "ndbi_mean": 0.09 }, "geometry": { "type": "Polygon", "coordinates": [ [ [ 5.242006275135966, 43.455779284537329 ], [ 5.242041336516393, 43.456678593952311 ], [ 5.240806821557425, 43.456704128570635 ], [ 5.24077177946179, 43.455804818739665 ], [ 5.242006275135966, 43.455779284537329 ] ] ] } },
{ "type": "Feature", "properties": { "ndvi_mean": 0.6266, "ndmi_mean": -0.0289, "ndbi_mean": 0.0289 }, "geometry": { "type": "Polygon", "coordinates": [ [ [ 5.243240769713864, 43.455753736275696 ], [ 5.243275850379031, 43.456653045274471 ], [ 5.242041336516393, 43.456678593952311 ], [ 5.242006275135966, 43.455779284537329 ], [ 5.243240769713864, 43.455753736275696 ] ] ] } },
{ "type": "Feature", "properties": { "ndvi_mean": 0.6359, "ndmi_mean": -0.0374, "ndbi_mean": 0.0374 }, "geometry": { "type": "Polygon", "coordinates": [ [ [ 5.244475263194882, 43.455728173954796 ], [ 5.244510363144738, 43.456627482537165 ], [ 5.243275850379031, 43.456653045274471 ], [ 5.243240769713864, 43.455753736275696 ], [ 5.244475263194882, 43.455728173954796 ] ] ] } },
{ "type": "Feature", "properties": { "ndvi_mean": 0.6638, "ndmi_mean": -0.0809, "ndbi_mean": 0.0809 }, "geometry": { "type": "Polygon", "coordinates": [ [ [ 5.245709755578417, 43.455702597574678 ], [ 5.245744874812911, 43.456601905740378 ], [ 5.244510363144738, 43.456627482537165 ], [ 5.244475263194882, 43.455728173954796 ], [ 5.245709755578417, 43.455702597574678 ] ] ] } },
{ "type": "Feature", "properties": { "ndvi_mean": 0.5587, "ndmi_mean": -0.0503, "ndbi_mean": 0.0503 }, "geometry": { "type": "Polygon", "coordinates": [ [ [ 5.246944246863868, 43.455677007135336 ], [ 5.246979385382947, 43.456576314884146 ], [ 5.245744874812911, 43.456601905740378 ], [ 5.245709755578417, 43.455702597574678 ], [ 5.246944246863868, 43.455677007135336 ] ] ] } },
{ "type": "Feature", "properties": { "ndvi_mean": 0.6025, "ndmi_mean": -0.03, "ndbi_mean": 0.03 }, "geometry": { "type": "Polygon", "coordinates": [ [ [ 5.248178737050631, 43.455651402636803 ], [ 5.248213894854246, 43.456550709968489 ], [ 5.246979385382947, 43.456576314884146 ], [ 5.246944246863868, 43.455677007135336 ], [ 5.248178737050631, 43.455651402636803 ] ] ] } },
{ "type": "Feature", "properties": { "ndvi_mean": 0.6454, "ndmi_mean": 0.0114, "ndbi_mean": -0.0114 }, "geometry": { "type": "Polygon", "coordinates": [ [ [ 5.249413226138108, 43.455625784079096 ], [ 5.249448403226205, 43.456525090993416 ], [ 5.248213894854246, 43.456550709968489 ], [ 5.248178737050631, 43.455651402636803 ], [ 5.249413226138108, 43.455625784079096 ] ] ] } },
{ "type": "Feature", "properties": { "ndvi_mean": 0.7177, "ndmi_mean": 0.0368, "ndbi_mean": -0.0368 }, "geometry": { "type": "Polygon", "coordinates": [ [ [ 5.250647714125693, 43.455600151462228 ], [ 5.250682910498221, 43.456499457958969 ], [ 5.249448403226205, 43.456525090993416 ], [ 5.249413226138108, 43.455625784079096 ], [ 5.250647714125693, 43.455600151462228 ] ] ] } },
{ "type": "Feature", "properties": { "ndvi_mean": 0.6168, "ndmi_mean": -0.0311, "ndbi_mean": 0.0311 }, "geometry": { "type": "Polygon", "coordinates": [ [ [ 5.251882201012784, 43.45557450478622 ], [ 5.251917416669693, 43.456473810865148 ], [ 5.250682910498221, 43.456499457958969 ], [ 5.250647714125693, 43.455600151462228 ], [ 5.251882201012784, 43.45557450478622 ] ] ] } },
{ "type": "Feature", "properties": { "ndvi_mean": 0.5808, "ndmi_mean": -0.0206, "ndbi_mean": 0.0206 }, "geometry": { "type": "Polygon", "coordinates": [ [ [ 5.253116686798783, 43.455548844051073 ], [ 5.25315192174002, 43.456448149711996 ], [ 5.251917416669693, 43.456473810865148 ], [ 5.251882201012784, 43.45557450478622 ], [ 5.253116686798783, 43.455548844051073 ] ] ] } },
{ "type": "Feature", "properties": { "ndvi_mean": 0.7097, "ndmi_mean": 0.0179, "ndbi_mean": -0.0179 }, "geometry": { "type": "Polygon", "coordinates": [ [ [ 5.254351171483085, 43.45552316925685 ], [ 5.254386425708597, 43.456422474499497 ], [ 5.25315192174002, 43.456448149711996 ], [ 5.253116686798783, 43.455548844051073 ], [ 5.254351171483085, 43.45552316925685 ] ] ] } },
{ "type": "Feature", "properties": { "ndvi_mean": 0.8131, "ndmi_mean": -0.0727, "ndbi_mean": 0.0727 }, "geometry": { "type": "Polygon", "coordinates": [ [ [ 5.255585655065087, 43.455497480403551 ], [ 5.255620928574826, 43.456396785227689 ], [ 5.254386425708597, 43.456422474499497 ], [ 5.254351171483085, 43.45552316925685 ], [ 5.255585655065087, 43.455497480403551 ] ] ] } },
{ "type": "Feature", "properties": { "ndvi_mean": 0.0, "ndmi_mean": 0.0, "ndbi_mean": 0.0 }, "geometry": { "type": "Polygon", "coordinates": [ [ [ 5.216046981381496, 43.455413232785887 ], [ 5.216081636686905, 43.456312550308823 ], [ 5.214847118129951, 43.456337789261873 ], [ 5.214812482109804, 43.455438471327788 ], [ 5.216046981381496, 43.455413232785887 ] ] ] } },
{ "type": "Feature", "properties": { "ndvi_mean": 0.0, "ndmi_mean": 0.0, "ndbi_mean": 0.0 }, "geometry": { "type": "Polygon", "coordinates": [ [ [ 5.217281479569603, 43.455387980184518 ], [ 5.217316154160224, 43.456287297296058 ], [ 5.216081636686905, 43.456312550308823 ], [ 5.216046981381496, 43.455413232785887 ], [ 5.217281479569603, 43.455387980184518 ] ] ] } },
{ "type": "Feature", "properties": { "ndvi_mean": 0.0, "ndmi_mean": 0.0, "ndbi_mean": 0.0 }, "geometry": { "type": "Polygon", "coordinates": [ [ [ 5.218515976673523, 43.455362713523726 ], [ 5.218550670549306, 43.456262030223648 ], [ 5.217316154160224, 43.456287297296058 ], [ 5.217281479569603, 43.455387980184518 ], [ 5.218515976673523, 43.455362713523726 ] ] ] } },
{ "type": "Feature", "properties": { "ndvi_mean": 0.0, "ndmi_mean": 0.0, "ndbi_mean": 0.0 }, "geometry": { "type": "Polygon", "coordinates": [ [ [ 5.219750472692653, 43.45533743280351 ], [ 5.219785185853548, 43.456236749091573 ], [ 5.218550670549306, 43.456262030223648 ], [ 5.218515976673523, 43.455362713523726 ], [ 5.219750472692653, 43.45533743280351 ] ] ] } },
{ "type": "Feature", "properties": { "ndvi_mean": 0.0, "ndmi_mean": 0.0, "ndbi_mean": 0.0 }, "geometry": { "type": "Polygon", "coordinates": [ [ [ 5.220984967626395, 43.455312138023906 ], [ 5.221019700072347, 43.456211453899911 ], [ 5.219785185853548, 43.456236749091573 ], [ 5.219750472692653, 43.45533743280351 ], [ 5.220984967626395, 43.455312138023906 ] ] ] } },
{ "type": "Feature", "properties": { "ndvi_mean": 0.0, "ndmi_mean": 0.0, "ndbi_mean": 0.0 }, "geometry": { "type": "Polygon", "coordinates": [ [ [ 5.222219461474142, 43.455286829184914 ], [ 5.222254213205103, 43.456186144648598 ], [ 5.221019700072347, 43.456211453899911 ], [ 5.220984967626395, 43.455312138023906 ], [ 5.222219461474142, 43.455286829184914 ] ] ] } },
{ "type": "Feature", "properties": { "ndvi_mean": 0.0, "ndmi_mean": 0.0, "ndbi_mean": 0.0 }, "geometry": { "type": "Polygon", "coordinates": [ [ [ 5.223453954235294, 43.455261506286568 ], [ 5.223488725251213, 43.456160821337718 ], [ 5.222254213205103, 43.456186144648598 ], [ 5.222219461474142, 43.455286829184914 ], [ 5.223453954235294, 43.455261506286568 ] ] ] } },
{ "type": "Feature", "properties": { "ndvi_mean": 0.0, "ndmi_mean": 0.0, "ndbi_mean": 0.0 }, "geometry": { "type": "Polygon", "coordinates": [ [ [ 5.22468844590925, 43.455236169328899 ], [ 5.224723236210076, 43.456135483967287 ], [ 5.223488725251213, 43.456160821337718 ], [ 5.223453954235294, 43.455261506286568 ], [ 5.22468844590925, 43.455236169328899 ] ] ] } },
{ "type": "Feature", "properties": { "ndvi_mean": 0.0, "ndmi_mean": 0.0, "ndbi_mean": 0.0 }, "geometry": { "type": "Polygon", "coordinates": [ [ [ 5.225922936495406, 43.455210818311897 ], [ 5.225957746081088, 43.456110132537297 ], [ 5.224723236210076, 43.456135483967287 ], [ 5.22468844590925, 43.455236169328899 ], [ 5.225922936495406, 43.455210818311897 ] ] ] } },
{ "type": "Feature", "properties": { "ndvi_mean": 0.0556, "ndmi_mean": -0.1704, "ndbi_mean": 0.1704 }, "geometry": { "type": "Polygon", "coordinates": [ [ [ 5.227157425993163, 43.455185453235579 ], [ 5.227192254863647, 43.456084767047749 ], [ 5.225957746081088, 43.456110132537297 ], [ 5.225922936495406, 43.455210818311897 ], [ 5.227157425993163, 43.455185453235579 ] ] ] } },
{ "type": "Feature", "properties": { "ndvi_mean": 0.5857, "ndmi_mean": 0.1486, "ndbi_mean": -0.1486 }, "geometry": { "type": "Polygon", "coordinates": [ [ [ 5.228391914401915, 43.455160074100014 ], [ 5.228426762557154, 43.456059387498726 ], [ 5.227192254863647, 43.456084767047749 ], [ 5.227157425993163, 43.455185453235579 ], [ 5.228391914401915, 43.455160074100014 ] ] ] } },
{ "type": "Feature", "properties": { "ndvi_mean": 0.8944, "ndmi_mean": 0.0495, "ndbi_mean": -0.0495 }, "geometry": { "type": "Polygon", "coordinates": [ [ [ 5.229626401721063, 43.455134680905189 ], [ 5.229661269161004, 43.456033993890216 ], [ 5.228426762557154, 43.456059387498726 ], [ 5.228391914401915, 43.455160074100014 ], [ 5.229626401721063, 43.455134680905189 ] ] ] } },
{ "type": "Feature", "properties": { "ndvi_mean": 0.2793, "ndmi_mean": -0.0632, "ndbi_mean": 0.0632 }, "geometry": { "type": "Polygon", "coordinates": [ [ [ 5.230860887950003, 43.455109273651082 ], [ 5.230895774674596, 43.456008586222218 ], [ 5.229661269161004, 43.456033993890216 ], [ 5.229626401721063, 43.455134680905189 ], [ 5.230860887950003, 43.455109273651082 ] ] ] } },
{ "type": "Feature", "properties": { "ndvi_mean": 0.4907, "ndmi_mean": -0.0165, "ndbi_mean": 0.0165 }, "geometry": { "type": "Polygon", "coordinates": [ [ [ 5.232095373088134, 43.455083852337779 ], [ 5.232130279097327, 43.455983164494775 ], [ 5.230895774674596, 43.456008586222218 ], [ 5.230860887950003, 43.455109273651082 ], [ 5.232095373088134, 43.455083852337779 ] ] ] } },
{ "type": "Feature", "properties": { "ndvi_mean": 0.6218, "ndmi_mean": 0.046, "ndbi_mean": -0.046 }, "geometry": { "type": "Polygon", "coordinates": [ [ [ 5.233329857134855, 43.455058416965286 ], [ 5.233364782428596, 43.455957728707901 ], [ 5.232130279097327, 43.455983164494775 ], [ 5.232095373088134, 43.455083852337779 ], [ 5.233329857134855, 43.455058416965286 ] ] ] } },
{ "type": "Feature", "properties": { "ndvi_mean": 0.3428, "ndmi_mean": -0.0964, "ndbi_mean": 0.0964 }, "geometry": { "type": "Polygon", "coordinates": [ [ [ 5.234564340089563, 43.45503296753359 ], [ 5.234599284667801, 43.45593227886161 ], [ 5.233364782428596, 43.455957728707901 ], [ 5.233329857134855, 43.455058416965286 ], [ 5.234564340089563, 43.45503296753359 ] ] ] } },
{ "type": "Feature", "properties": { "ndvi_mean": 0.5827, "ndmi_mean": -0.0483, "ndbi_mean": 0.0483 }, "geometry": { "type": "Polygon", "coordinates": [ [ [ 5.235798821951654, 43.455007504042733 ], [ 5.23583378581434, 43.455906814955938 ], [ 5.234599284667801, 43.45593227886161 ], [ 5.234564340089563, 43.45503296753359 ], [ 5.235798821951654, 43.455007504042733 ] ] ] } },
{ "type": "Feature", "properties": { "ndvi_mean": 0.3381, "ndmi_mean": -0.1489, "ndbi_mean": 0.1489 }, "geometry": { "type": "Polygon", "coordinates": [ [ [ 5.237033302720529, 43.454982026492715 ], [ 5.237068285867611, 43.455881336990871 ], [ 5.23583378581434, 43.455906814955938 ], [ 5.235798821951654, 43.455007504042733 ], [ 5.237033302720529, 43.454982026492715 ] ] ] } },
{ "type": "Feature", "properties": { "ndvi_mean": 0.5507, "ndmi_mean": -0.0627, "ndbi_mean": 0.0627 }, "geometry": { "type": "Polygon", "coordinates": [ [ [ 5.238267782395585, 43.4549565348836 ], [ 5.238302784827011, 43.455855844966472 ], [ 5.237068285867611, 43.455881336990871 ], [ 5.237033302720529, 43.454982026492715 ], [ 5.238267782395585, 43.4549565348836 ] ] ] } },
{ "type": "Feature", "properties": { "ndvi_mean": 0.3015, "ndmi_mean": -0.0868, "ndbi_mean": 0.0868 }, "geometry": { "type": "Polygon", "coordinates": [ [ [ 5.23950226097622, 43.454931029215373 ], [ 5.239537282691937, 43.455830338882741 ], [ 5.238302784827011, 43.455855844966472 ], [ 5.238267782395585, 43.4549565348836 ], [ 5.23950226097622, 43.454931029215373 ] ] ] } },
{ "type": "Feature", "properties": { "ndvi_mean": 0.3906, "ndmi_mean": -0.1113, "ndbi_mean": 0.1113 }, "geometry": { "type": "Polygon", "coordinates": [ [ [ 5.240736738461831, 43.454905509488043 ], [ 5.24077177946179, 43.455804818739665 ], [ 5.239537282691937, 43.455830338882741 ], [ 5.23950226097622, 43.454931029215373 ], [ 5.240736738461831, 43.454905509488043 ] ] ] } },
{ "type": "Feature", "properties": { "ndvi_mean": 0.4797, "ndmi_mean": -0.088, "ndbi_mean": 0.088 }, "geometry": { "type": "Polygon", "coordinates": [ [ [ 5.241971214851818, 43.454879975701679 ], [ 5.242006275135966, 43.455779284537329 ], [ 5.24077177946179, 43.455804818739665 ], [ 5.240736738461831, 43.454905509488043 ], [ 5.241971214851818, 43.454879975701679 ] ] ] } },
{ "type": "Feature", "properties": { "ndvi_mean": 0.4544, "ndmi_mean": -0.0599, "ndbi_mean": 0.0599 }, "geometry": { "type": "Polygon", "coordinates": [ [ [ 5.243205690145578, 43.45485442785624 ], [ 5.243240769713864, 43.455753736275696 ], [ 5.242006275135966, 43.455779284537329 ], [ 5.241971214851818, 43.454879975701679 ], [ 5.243205690145578, 43.45485442785624 ] ] ] } },
{ "type": "Feature", "properties": { "ndvi_mean": 0.4698, "ndmi_mean": -0.1149, "ndbi_mean": 0.1149 }, "geometry": { "type": "Polygon", "coordinates": [ [ [ 5.244440164342508, 43.454828865951782 ], [ 5.244475263194882, 43.455728173954796 ], [ 5.243240769713864, 43.455753736275696 ], [ 5.243205690145578, 43.45485442785624 ], [ 5.244440164342508, 43.454828865951782 ] ] ] } },
{ "type": "Feature", "properties": { "ndvi_mean": 0.3093, "ndmi_mean": -0.1264, "ndbi_mean": 0.1264 }, "geometry": { "type": "Polygon", "coordinates": [ [ [ 5.245674637442008, 43.454803289988327 ], [ 5.245709755578417, 43.455702597574678 ], [ 5.244475263194882, 43.455728173954796 ], [ 5.244440164342508, 43.454828865951782 ], [ 5.245674637442008, 43.454803289988327 ] ] ] } },
{ "type": "Feature", "properties": { "ndvi_mean": 0.469, "ndmi_mean": -0.0716, "ndbi_mean": 0.0716 }, "geometry": { "type": "Polygon", "coordinates": [ [ [ 5.246909109443474, 43.454777699965859 ], [ 5.246944246863868, 43.455677007135336 ], [ 5.245709755578417, 43.455702597574678 ], [ 5.245674637442008, 43.454803289988327 ], [ 5.246909109443474, 43.454777699965859 ] ] ] } },
{ "type": "Feature", "properties": { "ndvi_mean": 0.6132, "ndmi_mean": -0.0149, "ndbi_mean": 0.0149 }, "geometry": { "type": "Polygon", "coordinates": [ [ [ 5.248143580346305, 43.454752095884444 ], [ 5.248178737050631, 43.455651402636803 ], [ 5.246944246863868, 43.455677007135336 ], [ 5.246909109443474, 43.454777699965859 ], [ 5.248143580346305, 43.454752095884444 ] ] ] } },
{ "type": "Feature", "properties": { "ndvi_mean": 0.6218, "ndmi_mean": 0.0038, "ndbi_mean": -0.0038 }, "geometry": { "type": "Polygon", "coordinates": [ [ [ 5.249378050149899, 43.454726477744074 ], [ 5.249413226138108, 43.455625784079096 ], [ 5.248178737050631, 43.455651402636803 ], [ 5.248143580346305, 43.454752095884444 ], [ 5.249378050149899, 43.454726477744074 ] ] ] } },
{ "type": "Feature", "properties": { "ndvi_mean": 0.5121, "ndmi_mean": -0.045, "ndbi_mean": 0.045 }, "geometry": { "type": "Polygon", "coordinates": [ [ [ 5.250612518853655, 43.454700845544771 ], [ 5.250647714125693, 43.455600151462228 ], [ 5.249413226138108, 43.455625784079096 ], [ 5.249378050149899, 43.454726477744074 ], [ 5.250612518853655, 43.454700845544771 ] ] ] } },
{ "type": "Feature", "properties": { "ndvi_mean": 0.6262, "ndmi_mean": 0.0135, "ndbi_mean": -0.0135 }, "geometry": { "type": "Polygon", "coordinates": [ [ [ 5.25184698645697, 43.454675199286555 ], [ 5.251882201012784, 43.45557450478622 ], [ 5.250647714125693, 43.455600151462228 ], [ 5.250612518853655, 43.454700845544771 ], [ 5.25184698645697, 43.454675199286555 ] ] ] } },
{ "type": "Feature", "properties": { "ndvi_mean": 0.5911, "ndmi_mean": 0.0035, "ndbi_mean": -0.0035 }, "geometry": { "type": "Polygon", "coordinates": [ [ [ 5.253081452959242, 43.454649538969448 ], [ 5.253116686798783, 43.455548844051073 ], [ 5.251882201012784, 43.45557450478622 ], [ 5.25184698645697, 43.454675199286555 ], [ 5.253081452959242, 43.454649538969448 ] ] ] } },
{ "type": "Feature", "properties": { "ndvi_mean": 0.7512, "ndmi_mean": 0.0326, "ndbi_mean": -0.0326 }, "geometry": { "type": "Polygon", "coordinates": [ [ [ 5.254315918359868, 43.454623864593486 ], [ 5.254351171483085, 43.45552316925685 ], [ 5.253116686798783, 43.455548844051073 ], [ 5.253081452959242, 43.454649538969448 ], [ 5.254315918359868, 43.454623864593486 ] ] ] } },
{ "type": "Feature", "properties": { "ndvi_mean": 0.7976, "ndmi_mean": -0.1216, "ndbi_mean": 0.1216 }, "geometry": { "type": "Polygon", "coordinates": [ [ [ 5.255550382658249, 43.454598176158662 ], [ 5.255585655065087, 43.455497480403551 ], [ 5.254351171483085, 43.45552316925685 ], [ 5.254315918359868, 43.454623864593486 ], [ 5.255550382658249, 43.454598176158662 ] ] ] } },
{ "type": "Feature", "properties": { "ndvi_mean": 0.0, "ndmi_mean": 0.0, "ndbi_mean": 0.0 }, "geometry": { "type": "Polygon", "coordinates": [ [ [ 5.21601232715967, 43.454513915842675 ], [ 5.216046981381496, 43.455413232785887 ], [ 5.214812482109804, 43.455438471327788 ], [ 5.214777847172639, 43.454539153973428 ], [ 5.21601232715967, 43.454513915842675 ] ] ] } },
{ "type": "Feature", "properties": { "ndvi_mean": 0.0, "ndmi_mean": 0.0, "ndbi_mean": 0.0 }, "geometry": { "type": "Polygon", "coordinates": [ [ [ 5.217246806063168, 43.454488663652718 ], [ 5.217281479569603, 43.455387980184518 ], [ 5.216046981381496, 43.455413232785887 ], [ 5.21601232715967, 43.454513915842675 ], [ 5.217246806063168, 43.454488663652718 ] ] ] } },
{ "type": "Feature", "properties": { "ndvi_mean": 0.0, "ndmi_mean": 0.0, "ndbi_mean": 0.0 }, "geometry": { "type": "Polygon", "coordinates": [ [ [ 5.218481283882529, 43.454463397403529 ], [ 5.218515976673523, 43.455362713523726 ], [ 5.217281479569603, 43.455387980184518 ], [ 5.217246806063168, 43.454488663652718 ], [ 5.218481283882529, 43.454463397403529 ] ] ] } },
{ "type": "Feature", "properties": { "ndvi_mean": 0.0, "ndmi_mean": 0.0, "ndbi_mean": 0.0 }, "geometry": { "type": "Polygon", "coordinates": [ [ [ 5.219715760617151, 43.454438117095144 ], [ 5.219750472692653, 43.45533743280351 ], [ 5.218515976673523, 43.455362713523726 ], [ 5.218481283882529, 43.454463397403529 ], [ 5.219715760617151, 43.454438117095144 ] ] ] } },
{ "type": "Feature", "properties": { "ndvi_mean": 0.0, "ndmi_mean": 0.0, "ndbi_mean": 0.0 }, "geometry": { "type": "Polygon", "coordinates": [ [ [ 5.220950236266435, 43.454412822727612 ], [ 5.220984967626395, 43.455312138023906 ], [ 5.219750472692653, 43.45533743280351 ], [ 5.219715760617151, 43.454438117095144 ], [ 5.220950236266435, 43.454412822727612 ] ] ] } },
{ "type": "Feature", "properties": { "ndvi_mean": 0.0, "ndmi_mean": 0.0, "ndbi_mean": 0.0 }, "geometry": { "type": "Polygon", "coordinates": [ [ [ 5.222184710829776, 43.454387514300933 ], [ 5.222219461474142, 43.455286829184914 ], [ 5.220984967626395, 43.455312138023906 ], [ 5.220950236266435, 43.454412822727612 ], [ 5.222184710829776, 43.454387514300933 ] ] ] } },
{ "type": "Feature", "properties": { "ndvi_mean": 0.0, "ndmi_mean": 0.0, "ndbi_mean": 0.0 }, "geometry": { "type": "Polygon", "coordinates": [ [ [ 5.223419184306573, 43.454362191815108 ], [ 5.223453954235294, 43.455261506286568 ], [ 5.222219461474142, 43.455286829184914 ], [ 5.222184710829776, 43.454387514300933 ], [ 5.223419184306573, 43.454362191815108 ] ] ] } },
{ "type": "Feature", "properties": { "ndvi_mean": 0.0, "ndmi_mean": 0.0, "ndbi_mean": 0.0 }, "geometry": { "type": "Polygon", "coordinates": [ [ [ 5.224653656696225, 43.454336855270192 ], [ 5.22468844590925, 43.455236169328899 ], [ 5.223453954235294, 43.455261506286568 ], [ 5.223419184306573, 43.454362191815108 ], [ 5.224653656696225, 43.454336855270192 ] ] ] } },
{ "type": "Feature", "properties": { "ndvi_mean": 0.0, "ndmi_mean": 0.0, "ndbi_mean": 0.0 }, "geometry": { "type": "Polygon", "coordinates": [ [ [ 5.225888127998127, 43.454311504666173 ], [ 5.225922936495406, 43.455210818311897 ], [ 5.22468844590925, 43.455236169328899 ], [ 5.224653656696225, 43.454336855270192 ], [ 5.225888127998127, 43.454311504666173 ] ] ] } },
{ "type": "Feature", "properties": { "ndvi_mean": 0.0556, "ndmi_mean": -0.0789, "ndbi_mean": 0.0789 }, "geometry": { "type": "Polygon", "coordinates": [ [ [ 5.22712259821168, 43.454286140003099 ], [ 5.227157425993163, 43.455185453235579 ], [ 5.225922936495406, 43.455210818311897 ], [ 5.225888127998127, 43.454311504666173 ], [ 5.22712259821168, 43.454286140003099 ] ] ] } },
{ "type": "Feature", "properties": { "ndvi_mean": 0.1494, "ndmi_mean": 0.0334, "ndbi_mean": -0.0334 }, "geometry": { "type": "Polygon", "coordinates": [ [ [ 5.228357067336282, 43.454260761280963 ], [ 5.228391914401915, 43.455160074100014 ], [ 5.227157425993163, 43.455185453235579 ], [ 5.22712259821168, 43.454286140003099 ], [ 5.228357067336282, 43.454260761280963 ] ] ] } },
{ "type": "Feature", "properties": { "ndvi_mean": 0.7531, "ndmi_mean": 0.2535, "ndbi_mean": -0.2535 }, "geometry": { "type": "Polygon", "coordinates": [ [ [ 5.229591535371329, 43.454235368499802 ], [ 5.229626401721063, 43.455134680905189 ], [ 5.228391914401915, 43.455160074100014 ], [ 5.228357067336282, 43.454260761280963 ], [ 5.229591535371329, 43.454235368499802 ] ] ] } },
{ "type": "Feature", "properties": { "ndvi_mean": 0.5839, "ndmi_mean": -0.045, "ndbi_mean": 0.045 }, "geometry": { "type": "Polygon", "coordinates": [ [ [ 5.230826002316221, 43.4542099616596 ], [ 5.230860887950003, 43.455109273651082 ], [ 5.229626401721063, 43.455134680905189 ], [ 5.229591535371329, 43.454235368499802 ], [ 5.230826002316221, 43.4542099616596 ] ] ] } },
{ "type": "Feature", "properties": { "ndvi_mean": 0.2578, "ndmi_mean": -0.0867, "ndbi_mean": 0.0867 }, "geometry": { "type": "Polygon", "coordinates": [ [ [ 5.232060468170354, 43.454184540760444 ], [ 5.232095373088134, 43.455083852337779 ], [ 5.230860887950003, 43.455109273651082 ], [ 5.230826002316221, 43.4542099616596 ], [ 5.232060468170354, 43.454184540760444 ] ] ] } },
{ "type": "Feature", "properties": { "ndvi_mean": 0.5987, "ndmi_mean": -0.036, "ndbi_mean": 0.036 }, "geometry": { "type": "Polygon", "coordinates": [ [ [ 5.233294932933127, 43.454159105802276 ], [ 5.233329857134855, 43.455058416965286 ], [ 5.232095373088134, 43.455083852337779 ], [ 5.232060468170354, 43.454184540760444 ], [ 5.233294932933127, 43.454159105802276 ] ] ] } },
{ "type": "Feature", "properties": { "ndvi_mean": 0.5599, "ndmi_mean": -0.0379, "ndbi_mean": 0.0379 }, "geometry": { "type": "Polygon", "coordinates": [ [ [ 5.234529396603938, 43.454133656785181 ], [ 5.234564340089563, 43.45503296753359 ], [ 5.233329857134855, 43.455058416965286 ], [ 5.233294932933127, 43.454159105802276 ], [ 5.234529396603938, 43.454133656785181 ] ] ] } },
{ "type": "Feature", "properties": { "ndvi_mean": 0.7761, "ndmi_mean": 0.0242, "ndbi_mean": -0.0242 }, "geometry": { "type": "Polygon", "coordinates": [ [ [ 5.235763859182186, 43.454108193709146 ], [ 5.235798821951654, 43.455007504042733 ], [ 5.234564340089563, 43.45503296753359 ], [ 5.234529396603938, 43.454133656785181 ], [ 5.235763859182186, 43.454108193709146 ] ] ] } },
{ "type": "Feature", "properties": { "ndvi_mean": 0.6947, "ndmi_mean": -0.0256, "ndbi_mean": 0.0256 }, "geometry": { "type": "Polygon", "coordinates": [ [ [ 5.236998320667268, 43.454082716574199 ], [ 5.237033302720529, 43.454982026492715 ], [ 5.235798821951654, 43.455007504042733 ], [ 5.235763859182186, 43.454108193709146 ], [ 5.236998320667268, 43.454082716574199 ] ] ] } },
{ "type": "Feature", "properties": { "ndvi_mean": 0.6449, "ndmi_mean": -0.0204, "ndbi_mean": 0.0204 }, "geometry": { "type": "Polygon", "coordinates": [ [ [ 5.238232781058582, 43.454057225380346 ], [ 5.238267782395585, 43.4549565348836 ], [ 5.237033302720529, 43.454982026492715 ], [ 5.236998320667268, 43.454082716574199 ], [ 5.238232781058582, 43.454057225380346 ] ] ] } },
{ "type": "Feature", "properties": { "ndvi_mean": 0.3879, "ndmi_mean": -0.0274, "ndbi_mean": 0.0274 }, "geometry": { "type": "Polygon", "coordinates": [ [ [ 5.239467240355525, 43.454031720127617 ], [ 5.23950226097622, 43.454931029215373 ], [ 5.238267782395585, 43.4549565348836 ], [ 5.238232781058582, 43.454057225380346 ], [ 5.239467240355525, 43.454031720127617 ] ] ] } },
{ "type": "Feature", "properties": { "ndvi_mean": 0.4277, "ndmi_mean": -0.1326, "ndbi_mean": 0.1326 }, "geometry": { "type": "Polygon", "coordinates": [ [ [ 5.240701698557499, 43.454006200816025 ], [ 5.240736738461831, 43.454905509488043 ], [ 5.23950226097622, 43.454931029215373 ], [ 5.239467240355525, 43.454031720127617 ], [ 5.240701698557499, 43.454006200816025 ] ] ] } },
{ "type": "Feature", "properties": { "ndvi_mean": 0.4273, "ndmi_mean": -0.1002, "ndbi_mean": 0.1002 }, "geometry": { "type": "Polygon", "coordinates": [ [ [ 5.241936155663897, 43.453980667445599 ], [ 5.241971214851818, 43.454879975701679 ], [ 5.240736738461831, 43.454905509488043 ], [ 5.240701698557499, 43.454006200816025 ], [ 5.241936155663897, 43.453980667445599 ] ] ] } },
{ "type": "Feature", "properties": { "ndvi_mean": 0.5157, "ndmi_mean": -0.0555, "ndbi_mean": 0.0555 }, "geometry": { "type": "Polygon", "coordinates": [ [ [ 5.243170611674119, 43.453955120016374 ], [ 5.243205690145578, 43.45485442785624 ], [ 5.241971214851818, 43.454879975701679 ], [ 5.241936155663897, 43.453980667445599 ], [ 5.243170611674119, 43.453955120016374 ] ] ] } },
{ "type": "Feature", "properties": { "ndvi_mean": 0.3985, "ndmi_mean": -0.0897, "ndbi_mean": 0.0897 }, "geometry": { "type": "Polygon", "coordinates": [ [ [ 5.244405066587565, 43.453929558528337 ], [ 5.244440164342508, 43.454828865951782 ], [ 5.243205690145578, 43.45485442785624 ], [ 5.243170611674119, 43.453955120016374 ], [ 5.244405066587565, 43.453929558528337 ] ] ] } },
{ "type": "Feature", "properties": { "ndvi_mean": 0.46, "ndmi_mean": -0.0728, "ndbi_mean": 0.0728 }, "geometry": { "type": "Polygon", "coordinates": [ [ [ 5.245639520403631, 43.453903982981529 ], [ 5.245674637442008, 43.454803289988327 ], [ 5.244440164342508, 43.454828865951782 ], [ 5.244405066587565, 43.453929558528337 ], [ 5.245639520403631, 43.453903982981529 ] ] ] } },
{ "type": "Feature", "properties": { "ndvi_mean": 0.5422, "ndmi_mean": -0.0168, "ndbi_mean": 0.0168 }, "geometry": { "type": "Polygon", "coordinates": [ [ [ 5.246873973121715, 43.453878393375931 ], [ 5.246909109443474, 43.454777699965859 ], [ 5.245674637442008, 43.454803289988327 ], [ 5.245639520403631, 43.453903982981529 ], [ 5.246873973121715, 43.453878393375931 ] ] ] } },
{ "type": "Feature", "properties": { "ndvi_mean": 0.5806, "ndmi_mean": -0.0139, "ndbi_mean": 0.0139 }, "geometry": { "type": "Polygon", "coordinates": [ [ [ 5.248108424741216, 43.453852789711625 ], [ 5.248143580346305, 43.454752095884444 ], [ 5.246909109443474, 43.454777699965859 ], [ 5.246873973121715, 43.453878393375931 ], [ 5.248108424741216, 43.453852789711625 ] ] ] } },
{ "type": "Feature", "properties": { "ndvi_mean": 0.6221, "ndmi_mean": 0.0406, "ndbi_mean": -0.0406 }, "geometry": { "type": "Polygon", "coordinates": [ [ [ 5.249342875261532, 43.453827171988586 ], [ 5.249378050149899, 43.454726477744074 ], [ 5.248143580346305, 43.454752095884444 ], [ 5.248108424741216, 43.453852789711625 ], [ 5.249342875261532, 43.453827171988586 ] ] ] } },
{ "type": "Feature", "properties": { "ndvi_mean": 0.5898, "ndmi_mean": 0.0006, "ndbi_mean": -0.0006 }, "geometry": { "type": "Polygon", "coordinates": [ [ [ 5.25057732468206, 43.45380154020684 ], [ 5.250612518853655, 43.454700845544771 ], [ 5.249378050149899, 43.454726477744074 ], [ 5.249342875261532, 43.453827171988586 ], [ 5.25057732468206, 43.45380154020684 ] ] ] } },
{ "type": "Feature", "properties": { "ndvi_mean": 0.6401, "ndmi_mean": 0.0051, "ndbi_mean": -0.0051 }, "geometry": { "type": "Polygon", "coordinates": [ [ [ 5.251811773002198, 43.453775894366437 ], [ 5.25184698645697, 43.454675199286555 ], [ 5.250612518853655, 43.454700845544771 ], [ 5.25057732468206, 43.45380154020684 ], [ 5.251811773002198, 43.453775894366437 ] ] ] } },
{ "type": "Feature", "properties": { "ndvi_mean": 0.8938, "ndmi_mean": 0.0817, "ndbi_mean": -0.0817 }, "geometry": { "type": "Polygon", "coordinates": [ [ [ 5.253046220221345, 43.453750234467343 ], [ 5.253081452959242, 43.454649538969448 ], [ 5.25184698645697, 43.454675199286555 ], [ 5.251811773002198, 43.453775894366437 ], [ 5.253046220221345, 43.453750234467343 ] ] ] } },
{ "type": "Feature", "properties": { "ndvi_mean": 0.9445, "ndmi_mean": 0.1717, "ndbi_mean": -0.1717 }, "geometry": { "type": "Polygon", "coordinates": [ [ [ 5.2542806663389, 43.453724560509613 ], [ 5.254315918359868, 43.454623864593486 ], [ 5.253081452959242, 43.454649538969448 ], [ 5.253046220221345, 43.453750234467343 ], [ 5.2542806663389, 43.453724560509613 ] ] ] } },
{ "type": "Feature", "properties": { "ndvi_mean": 0.9202, "ndmi_mean": -0.0233, "ndbi_mean": 0.0233 }, "geometry": { "type": "Polygon", "coordinates": [ [ [ 5.25551511135426, 43.453698872493277 ], [ 5.255550382658249, 43.454598176158662 ], [ 5.254315918359868, 43.454623864593486 ], [ 5.2542806663389, 43.453724560509613 ], [ 5.25551511135426, 43.453698872493277 ] ] ] } },
{ "type": "Feature", "properties": { "ndvi_mean": 0.0, "ndmi_mean": 0.0, "ndbi_mean": 0.0 }, "geometry": { "type": "Polygon", "coordinates": [ [ [ 5.215977674021379, 43.453614599479394 ], [ 5.21601232715967, 43.454513915842675 ], [ 5.214777847172639, 43.454539153973428 ], [ 5.214743213318407, 43.453639837198999 ], [ 5.215977674021379, 43.453614599479394 ] ] ] } },
{ "type": "Feature", "properties": { "ndvi_mean": 0.0, "ndmi_mean": 0.0, "ndbi_mean": 0.0 }, "geometry": { "type": "Polygon", "coordinates": [ [ [ 5.217212133640868, 43.453589347700792 ], [ 5.217246806063168, 43.454488663652718 ], [ 5.21601232715967, 43.454513915842675 ], [ 5.215977674021379, 43.453614599479394 ], [ 5.217212133640868, 43.453589347700792 ] ] ] } },
{ "type": "Feature", "properties": { "ndvi_mean": 0.0, "ndmi_mean": 0.0, "ndbi_mean": 0.0 }, "geometry": { "type": "Polygon", "coordinates": [ [ [ 5.218446592176273, 43.45356408186322 ], [ 5.218481283882529, 43.454463397403529 ], [ 5.217246806063168, 43.454488663652718 ], [ 5.217212133640868, 43.453589347700792 ], [ 5.218446592176273, 43.45356408186322 ] ] ] } },
{ "type": "Feature", "properties": { "ndvi_mean": 0.0, "ndmi_mean": 0.0, "ndbi_mean": 0.0 }, "geometry": { "type": "Polygon", "coordinates": [ [ [ 5.219681049626989, 43.45353880196668 ], [ 5.219715760617151, 43.454438117095144 ], [ 5.218481283882529, 43.454463397403529 ], [ 5.218446592176273, 43.45356408186322 ], [ 5.219681049626989, 43.45353880196668 ] ] ] } },
{ "type": "Feature", "properties": { "ndvi_mean": 0.0, "ndmi_mean": 0.0, "ndbi_mean": 0.0 }, "geometry": { "type": "Polygon", "coordinates": [ [ [ 5.220915505992417, 43.453513508011213 ], [ 5.220950236266435, 43.454412822727612 ], [ 5.219715760617151, 43.454438117095144 ], [ 5.219681049626989, 43.45353880196668 ], [ 5.220915505992417, 43.453513508011213 ] ] ] } },
{ "type": "Feature", "properties": { "ndvi_mean": 0.0, "ndmi_mean": 0.0, "ndbi_mean": 0.0 }, "geometry": { "type": "Polygon", "coordinates": [ [ [ 5.222149961271954, 43.453488199996819 ], [ 5.222184710829776, 43.454387514300933 ], [ 5.220950236266435, 43.454412822727612 ], [ 5.220915505992417, 43.453513508011213 ], [ 5.222149961271954, 43.453488199996819 ] ] ] } },
{ "type": "Feature", "properties": { "ndvi_mean": 0.0, "ndmi_mean": 0.0, "ndbi_mean": 0.0 }, "geometry": { "type": "Polygon", "coordinates": [ [ [ 5.223384415464998, 43.453462877923513 ], [ 5.223419184306573, 43.454362191815108 ], [ 5.222184710829776, 43.454387514300933 ], [ 5.222149961271954, 43.453488199996819 ], [ 5.223384415464998, 43.453462877923513 ] ] ] } },
{ "type": "Feature", "properties": { "ndvi_mean": 0.0, "ndmi_mean": 0.0, "ndbi_mean": 0.0 }, "geometry": { "type": "Polygon", "coordinates": [ [ [ 5.224618868570946, 43.453437541791374 ], [ 5.224653656696225, 43.454336855270192 ], [ 5.223419184306573, 43.454362191815108 ], [ 5.223384415464998, 43.453462877923513 ], [ 5.224618868570946, 43.453437541791374 ] ] ] } },
{ "type": "Feature", "properties": { "ndvi_mean": 0.0, "ndmi_mean": 0.0, "ndbi_mean": 0.0 }, "geometry": { "type": "Polygon", "coordinates": [ [ [ 5.225853320589198, 43.453412191600314 ], [ 5.225888127998127, 43.454311504666173 ], [ 5.224653656696225, 43.454336855270192 ], [ 5.224618868570946, 43.453437541791374 ], [ 5.225853320589198, 43.453412191600314 ] ] ] } },
{ "type": "Feature", "properties": { "ndvi_mean": 0.1025, "ndmi_mean": -0.0701, "ndbi_mean": 0.0701 }, "geometry": { "type": "Polygon", "coordinates": [ [ [ 5.22708777151915, 43.453386827350435 ], [ 5.22712259821168, 43.454286140003099 ], [ 5.225888127998127, 43.454311504666173 ], [ 5.225853320589198, 43.453412191600314 ], [ 5.22708777151915, 43.453386827350435 ] ] ] } },
{ "type": "Feature", "properties": { "ndvi_mean": 0.0898, "ndmi_mean": -0.0313, "ndbi_mean": 0.0313 }, "geometry": { "type": "Polygon", "coordinates": [ [ [ 5.228322221360203, 43.453361449041751 ], [ 5.228357067336282, 43.454260761280963 ], [ 5.22712259821168, 43.454286140003099 ], [ 5.22708777151915, 43.453386827350435 ], [ 5.228322221360203, 43.453361449041751 ] ] ] } },
{ "type": "Feature", "properties": { "ndvi_mean": 0.217, "ndmi_mean": 0.0039, "ndbi_mean": -0.0039 }, "geometry": { "type": "Polygon", "coordinates": [ [ [ 5.229556670111751, 43.453336056674253 ], [ 5.229591535371329, 43.454235368499802 ], [ 5.228357067336282, 43.454260761280963 ], [ 5.228322221360203, 43.453361449041751 ], [ 5.229556670111751, 43.453336056674253 ] ] ] } },
{ "type": "Feature", "properties": { "ndvi_mean": 0.8234, "ndmi_mean": 0.109, "ndbi_mean": -0.109 }, "geometry": { "type": "Polygon", "coordinates": [ [ [ 5.230791117773196, 43.453310650247971 ], [ 5.230826002316221, 43.4542099616596 ], [ 5.229591535371329, 43.454235368499802 ], [ 5.229556670111751, 43.453336056674253 ], [ 5.230791117773196, 43.453310650247971 ] ] ] } },
{ "type": "Feature", "properties": { "ndvi_mean": 0.2306, "ndmi_mean": -0.0959, "ndbi_mean": 0.0959 }, "geometry": { "type": "Polygon", "coordinates": [ [ [ 5.232025564343933, 43.453285229762919 ], [ 5.232060468170354, 43.454184540760444 ], [ 5.230826002316221, 43.4542099616596 ], [ 5.230791117773196, 43.453310650247971 ], [ 5.232025564343933, 43.453285229762919 ] ] ] } },
{ "type": "Feature", "properties": { "ndvi_mean": 0.5652, "ndmi_mean": -0.0264, "ndbi_mean": 0.0264 }, "geometry": { "type": "Polygon", "coordinates": [ [ [ 5.233260009823361, 43.453259795219118 ], [ 5.233294932933127, 43.454159105802276 ], [ 5.232060468170354, 43.454184540760444 ], [ 5.232025564343933, 43.453285229762919 ], [ 5.233260009823361, 43.453259795219118 ] ] ] } },
{ "type": "Feature", "properties": { "ndvi_mean": 0.5745, "ndmi_mean": -0.0433, "ndbi_mean": 0.0433 }, "geometry": { "type": "Polygon", "coordinates": [ [ [ 5.234494454210878, 43.453234346616576 ], [ 5.234529396603938, 43.454133656785181 ], [ 5.233294932933127, 43.454159105802276 ], [ 5.233260009823361, 43.453259795219118 ], [ 5.234494454210878, 43.453234346616576 ] ] ] } },
{ "type": "Feature", "properties": { "ndvi_mean": 0.5878, "ndmi_mean": -0.0398, "ndbi_mean": 0.0398 }, "geometry": { "type": "Polygon", "coordinates": [ [ [ 5.235728897505883, 43.453208883955377 ], [ 5.235763859182186, 43.454108193709146 ], [ 5.234529396603938, 43.454133656785181 ], [ 5.234494454210878, 43.453234346616576 ], [ 5.235728897505883, 43.453208883955377 ] ] ] } },
{ "type": "Feature", "properties": { "ndvi_mean": 0.9261, "ndmi_mean": 0.2101, "ndbi_mean": -0.2101 }, "geometry": { "type": "Polygon", "coordinates": [ [ [ 5.236963339707774, 43.45318340723545 ], [ 5.236998320667268, 43.454082716574199 ], [ 5.235763859182186, 43.454108193709146 ], [ 5.235728897505883, 43.453208883955377 ], [ 5.236963339707774, 43.45318340723545 ] ] ] } },
{ "type": "Feature", "properties": { "ndvi_mean": 0.5806, "ndmi_mean": -0.0738, "ndbi_mean": 0.0738 }, "geometry": { "type": "Polygon", "coordinates": [ [ [ 5.238197780815947, 43.453157916456881 ], [ 5.238232781058582, 43.454057225380346 ], [ 5.236998320667268, 43.454082716574199 ], [ 5.236963339707774, 43.45318340723545 ], [ 5.238197780815947, 43.453157916456881 ] ] ] } },
{ "type": "Feature", "properties": { "ndvi_mean": 0.4419, "ndmi_mean": -0.0462, "ndbi_mean": 0.0462 }, "geometry": { "type": "Polygon", "coordinates": [ [ [ 5.239432220829803, 43.453132411619642 ], [ 5.239467240355525, 43.454031720127617 ], [ 5.238232781058582, 43.454057225380346 ], [ 5.238197780815947, 43.453157916456881 ], [ 5.239432220829803, 43.453132411619642 ] ] ] } },
{ "type": "Feature", "properties": { "ndvi_mean": 0.368, "ndmi_mean": -0.0883, "ndbi_mean": 0.0883 }, "geometry": { "type": "Polygon", "coordinates": [ [ [ 5.240666659748739, 43.453106892723781 ], [ 5.240701698557499, 43.454006200816025 ], [ 5.239467240355525, 43.454031720127617 ], [ 5.239432220829803, 43.453132411619642 ], [ 5.240666659748739, 43.453106892723781 ] ] ] } },
{ "type": "Feature", "properties": { "ndvi_mean": 0.3618, "ndmi_mean": -0.1181, "ndbi_mean": 0.1181 }, "geometry": { "type": "Polygon", "coordinates": [ [ [ 5.241901097572151, 43.453081359769307 ], [ 5.241936155663897, 43.453980667445599 ], [ 5.240701698557499, 43.454006200816025 ], [ 5.240666659748739, 43.453106892723781 ], [ 5.241901097572151, 43.453081359769307 ] ] ] } },
{ "type": "Feature", "properties": { "ndvi_mean": 0.6183, "ndmi_mean": -0.0084, "ndbi_mean": 0.0084 }, "geometry": { "type": "Polygon", "coordinates": [ [ [ 5.24313553429944, 43.453055812756254 ], [ 5.243170611674119, 43.453955120016374 ], [ 5.241936155663897, 43.453980667445599 ], [ 5.241901097572151, 43.453081359769307 ], [ 5.24313553429944, 43.453055812756254 ] ] ] } },
{ "type": "Feature", "properties": { "ndvi_mean": 0.5601, "ndmi_mean": -0.0358, "ndbi_mean": 0.0358 }, "geometry": { "type": "Polygon", "coordinates": [ [ [ 5.244369969930001, 43.453030251684645 ], [ 5.244405066587565, 43.453929558528337 ], [ 5.243170611674119, 43.453955120016374 ], [ 5.24313553429944, 43.453055812756254 ], [ 5.244369969930001, 43.453030251684645 ] ] ] } },
{ "type": "Feature", "properties": { "ndvi_mean": 0.4705, "ndmi_mean": -0.0695, "ndbi_mean": 0.0695 }, "geometry": { "type": "Polygon", "coordinates": [ [ [ 5.245604404463236, 43.453004676554457 ], [ 5.245639520403631, 43.453903982981529 ], [ 5.244405066587565, 43.453929558528337 ], [ 5.244369969930001, 43.453030251684645 ], [ 5.245604404463236, 43.453004676554457 ] ] ] } },
{ "type": "Feature", "properties": { "ndvi_mean": 0.4649, "ndmi_mean": -0.0866, "ndbi_mean": 0.0866 }, "geometry": { "type": "Polygon", "coordinates": [ [ [ 5.24683883789854, 43.452979087365755 ], [ 5.246873973121715, 43.453878393375931 ], [ 5.245639520403631, 43.453903982981529 ], [ 5.245604404463236, 43.453004676554457 ], [ 5.24683883789854, 43.452979087365755 ] ] ] } },
{ "type": "Feature", "properties": { "ndvi_mean": 0.7141, "ndmi_mean": 0.0451, "ndbi_mean": -0.0451 }, "geometry": { "type": "Polygon", "coordinates": [ [ [ 5.248073270235312, 43.452953484118552 ], [ 5.248108424741216, 43.453852789711625 ], [ 5.246873973121715, 43.453878393375931 ], [ 5.24683883789854, 43.452979087365755 ], [ 5.248073270235312, 43.452953484118552 ] ] ] } },
{ "type": "Feature", "properties": { "ndvi_mean": 0.5438, "ndmi_mean": -0.0147, "ndbi_mean": 0.0147 }, "geometry": { "type": "Polygon", "coordinates": [ [ [ 5.24930770147295, 43.452927866812821 ], [ 5.249342875261532, 43.453827171988586 ], [ 5.248108424741216, 43.453852789711625 ], [ 5.248073270235312, 43.452953484118552 ], [ 5.24930770147295, 43.452927866812821 ] ] ] } },
{ "type": "Feature", "properties": { "ndvi_mean": 0.4534, "ndmi_mean": -0.0835, "ndbi_mean": 0.0835 }, "geometry": { "type": "Polygon", "coordinates": [ [ [ 5.250542131610853, 43.45290223544864 ], [ 5.25057732468206, 43.45380154020684 ], [ 5.249342875261532, 43.453827171988586 ], [ 5.24930770147295, 43.452927866812821 ], [ 5.250542131610853, 43.45290223544864 ] ] ] } },
{ "type": "Feature", "properties": { "ndvi_mean": 0.5387, "ndmi_mean": -0.0546, "ndbi_mean": 0.0546 }, "geometry": { "type": "Polygon", "coordinates": [ [ [ 5.251776560648418, 43.452876590026015 ], [ 5.251811773002198, 43.453775894366437 ], [ 5.25057732468206, 43.45380154020684 ], [ 5.250542131610853, 43.45290223544864 ], [ 5.251776560648418, 43.452876590026015 ] ] ] } },
{ "type": "Feature", "properties": { "ndvi_mean": 0.7026, "ndmi_mean": -0.0127, "ndbi_mean": 0.0127 }, "geometry": { "type": "Polygon", "coordinates": [ [ [ 5.253010988585044, 43.45285093054494 ], [ 5.253046220221345, 43.453750234467343 ], [ 5.251811773002198, 43.453775894366437 ], [ 5.251776560648418, 43.452876590026015 ], [ 5.253010988585044, 43.45285093054494 ] ] ] } },
{ "type": "Feature", "properties": { "ndvi_mean": 0.8751, "ndmi_mean": 0.0897, "ndbi_mean": -0.0897 }, "geometry": { "type": "Polygon", "coordinates": [ [ [ 5.254245415420127, 43.452825257005465 ], [ 5.2542806663389, 43.453724560509613 ], [ 5.253046220221345, 43.453750234467343 ], [ 5.253010988585044, 43.45285093054494 ], [ 5.254245415420127, 43.452825257005465 ] ] ] } },
{ "type": "Feature", "properties": { "ndvi_mean": 0.9515, "ndmi_mean": 0.0134, "ndbi_mean": -0.0134 }, "geometry": { "type": "Polygon", "coordinates": [ [ [ 5.255479841153067, 43.452799569407595 ], [ 5.25551511135426, 43.453698872493277 ], [ 5.2542806663389, 43.453724560509613 ], [ 5.254245415420127, 43.452825257005465 ], [ 5.255479841153067, 43.452799569407595 ] ] ] } },
{ "type": "Feature", "properties": { "ndvi_mean": 0.0, "ndmi_mean": 0.0, "ndbi_mean": 0.0 }, "geometry": { "type": "Polygon", "coordinates": [ [ [ 5.215943021966572, 43.452715283696257 ], [ 5.215977674021379, 43.453614599479394 ], [ 5.214743213318407, 43.453639837198999 ], [ 5.214708580547057, 43.452740521004721 ], [ 5.215943021966572, 43.452715283696257 ] ] ] } },
{ "type": "Feature", "properties": { "ndvi_mean": 0.0, "ndmi_mean": 0.0, "ndbi_mean": 0.0 }, "geometry": { "type": "Polygon", "coordinates": [ [ [ 5.217177462302655, 43.452690032329023 ], [ 5.217212133640868, 43.453589347700792 ], [ 5.215977674021379, 43.453614599479394 ], [ 5.215943021966572, 43.452715283696257 ], [ 5.217177462302655, 43.452690032329023 ] ] ] } },
{ "type": "Feature", "properties": { "ndvi_mean": 0.0, "ndmi_mean": 0.0, "ndbi_mean": 0.0 }, "geometry": { "type": "Polygon", "coordinates": [ [ [ 5.218411901554703, 43.452664766903069 ], [ 5.218446592176273, 43.45356408186322 ], [ 5.217212133640868, 43.453589347700792 ], [ 5.217177462302655, 43.452690032329023 ], [ 5.218411901554703, 43.452664766903069 ] ] ] } },
{ "type": "Feature", "properties": { "ndvi_mean": 0.0, "ndmi_mean": 0.0, "ndbi_mean": 0.0 }, "geometry": { "type": "Polygon", "coordinates": [ [ [ 5.219646339722116, 43.452639487418345 ], [ 5.219681049626989, 43.45353880196668 ], [ 5.218446592176273, 43.45356408186322 ], [ 5.218411901554703, 43.452664766903069 ], [ 5.219646339722116, 43.452639487418345 ] ] ] } },
{ "type": "Feature", "properties": { "ndvi_mean": 0.0, "ndmi_mean": 0.0, "ndbi_mean": 0.0 }, "geometry": { "type": "Polygon", "coordinates": [ [ [ 5.220880776804291, 43.452614193874943 ], [ 5.220915505992417, 43.453513508011213 ], [ 5.219681049626989, 43.45353880196668 ], [ 5.219646339722116, 43.452639487418345 ], [ 5.220880776804291, 43.452614193874943 ] ] ] } },
{ "type": "Feature", "properties": { "ndvi_mean": 0.0, "ndmi_mean": 0.0, "ndbi_mean": 0.0 }, "geometry": { "type": "Polygon", "coordinates": [ [ [ 5.222115212800626, 43.452588886272835 ], [ 5.222149961271954, 43.453488199996819 ], [ 5.220915505992417, 43.453513508011213 ], [ 5.220880776804291, 43.452614193874943 ], [ 5.222115212800626, 43.452588886272835 ] ] ] } },
{ "type": "Feature", "properties": { "ndvi_mean": 0.0, "ndmi_mean": 0.0, "ndbi_mean": 0.0 }, "geometry": { "type": "Polygon", "coordinates": [ [ [ 5.223349647710517, 43.452563564612063 ], [ 5.223384415464998, 43.453462877923513 ], [ 5.222149961271954, 43.453488199996819 ], [ 5.222115212800626, 43.452588886272835 ], [ 5.223349647710517, 43.452563564612063 ] ] ] } },
{ "type": "Feature", "properties": { "ndvi_mean": 0.0, "ndmi_mean": 0.0, "ndbi_mean": 0.0 }, "geometry": { "type": "Polygon", "coordinates": [ [ [ 5.224584081533365, 43.452538228892628 ], [ 5.224618868570946, 43.453437541791374 ], [ 5.223384415464998, 43.453462877923513 ], [ 5.223349647710517, 43.452563564612063 ], [ 5.224584081533365, 43.452538228892628 ] ] ] } },
{ "type": "Feature", "properties": { "ndvi_mean": 0.0, "ndmi_mean": 0.0, "ndbi_mean": 0.0 }, "geometry": { "type": "Polygon", "coordinates": [ [ [ 5.225818514268568, 43.452512879114586 ], [ 5.225853320589198, 43.453412191600314 ], [ 5.224618868570946, 43.453437541791374 ], [ 5.224584081533365, 43.452538228892628 ], [ 5.225818514268568, 43.452512879114586 ] ] ] } },
{ "type": "Feature", "properties": { "ndvi_mean": 0.2286, "ndmi_mean": -0.2174, "ndbi_mean": 0.2174 }, "geometry": { "type": "Polygon", "coordinates": [ [ [ 5.227052945915521, 43.45248751527788 ], [ 5.22708777151915, 43.453386827350435 ], [ 5.225853320589198, 43.453412191600314 ], [ 5.225818514268568, 43.452512879114586 ], [ 5.227052945915521, 43.45248751527788 ] ] ] } },
{ "type": "Feature", "properties": { "ndvi_mean": 0.12, "ndmi_mean": 0.12, "ndbi_mean": -0.12 }, "geometry": { "type": "Polygon", "coordinates": [ [ [ 5.228287376473626, 43.452462137382625 ], [ 5.228322221360203, 43.453361449041751 ], [ 5.22708777151915, 43.453386827350435 ], [ 5.227052945915521, 43.45248751527788 ], [ 5.228287376473626, 43.452462137382625 ] ] ] } },
{ "type": "Feature", "properties": { "ndvi_mean": 0.0, "ndmi_mean": 0.0, "ndbi_mean": 0.0 }, "geometry": { "type": "Polygon", "coordinates": [ [ [ 5.229521805942278, 43.452436745428791 ], [ 5.229556670111751, 43.453336056674253 ], [ 5.228322221360203, 43.453361449041751 ], [ 5.228287376473626, 43.452462137382625 ], [ 5.229521805942278, 43.452436745428791 ] ] ] } },
{ "type": "Feature", "properties": { "ndvi_mean": 0.618, "ndmi_mean": 0.0183, "ndbi_mean": -0.0183 }, "geometry": { "type": "Polygon", "coordinates": [ [ [ 5.230756234320876, 43.452411339416393 ], [ 5.230791117773196, 43.453310650247971 ], [ 5.229556670111751, 43.453336056674253 ], [ 5.229521805942278, 43.452436745428791 ], [ 5.230756234320876, 43.452411339416393 ] ] ] } },
{ "type": "Feature", "properties": { "ndvi_mean": 0.6741, "ndmi_mean": 0.0384, "ndbi_mean": -0.0384 }, "geometry": { "type": "Polygon", "coordinates": [ [ [ 5.23199066160882, 43.452385919345453 ], [ 5.232025564343933, 43.453285229762919 ], [ 5.230791117773196, 43.453310650247971 ], [ 5.230756234320876, 43.452411339416393 ], [ 5.23199066160882, 43.452385919345453 ] ] ] } },
{ "type": "Feature", "properties": { "ndvi_mean": 0.3854, "ndmi_mean": -0.1301, "ndbi_mean": 0.1301 }, "geometry": { "type": "Polygon", "coordinates": [ [ [ 5.233225087805505, 43.452360485216005 ], [ 5.233260009823361, 43.453259795219118 ], [ 5.232025564343933, 43.453285229762919 ], [ 5.23199066160882, 43.452385919345453 ], [ 5.233225087805505, 43.452360485216005 ] ] ] } },
{ "type": "Feature", "properties": { "ndvi_mean": 0.4111, "ndmi_mean": -0.1014, "ndbi_mean": 0.1014 }, "geometry": { "type": "Polygon", "coordinates": [ [ [ 5.234459512910331, 43.452335037028057 ], [ 5.234494454210878, 43.453234346616576 ], [ 5.233260009823361, 43.453259795219118 ], [ 5.233225087805505, 43.452360485216005 ], [ 5.234459512910331, 43.452335037028057 ] ] ] } },
{ "type": "Feature", "properties": { "ndvi_mean": 0.5802, "ndmi_mean": -0.0383, "ndbi_mean": 0.0383 }, "geometry": { "type": "Polygon", "coordinates": [ [ [ 5.235693936922696, 43.452309574781644 ], [ 5.235728897505883, 43.453208883955377 ], [ 5.234494454210878, 43.453234346616576 ], [ 5.234459512910331, 43.452335037028057 ], [ 5.235693936922696, 43.452309574781644 ] ] ] } },
{ "type": "Feature", "properties": { "ndvi_mean": 0.8018, "ndmi_mean": 0.0886, "ndbi_mean": -0.0886 }, "geometry": { "type": "Polygon", "coordinates": [ [ [ 5.236928359841997, 43.452284098476738 ], [ 5.236963339707774, 43.45318340723545 ], [ 5.235728897505883, 43.453208883955377 ], [ 5.235693936922696, 43.452309574781644 ], [ 5.236928359841997, 43.452284098476738 ] ] ] } },
{ "type": "Feature", "properties": { "ndvi_mean": 0.6043, "ndmi_mean": -0.0676, "ndbi_mean": 0.0676 }, "geometry": { "type": "Polygon", "coordinates": [ [ [ 5.238162781667633, 43.452258608113432 ], [ 5.238197780815947, 43.453157916456881 ], [ 5.236963339707774, 43.45318340723545 ], [ 5.236928359841997, 43.452284098476738 ], [ 5.238162781667633, 43.452258608113432 ] ] ] } },
{ "type": "Feature", "properties": { "ndvi_mean": 0.5216, "ndmi_mean": -0.0399, "ndbi_mean": 0.0399 }, "geometry": { "type": "Polygon", "coordinates": [ [ [ 5.239397202399002, 43.45223310369169 ], [ 5.239432220829803, 43.453132411619642 ], [ 5.238197780815947, 43.453157916456881 ], [ 5.238162781667633, 43.452258608113432 ], [ 5.239397202399002, 43.45223310369169 ] ] ] } },
{ "type": "Feature", "properties": { "ndvi_mean": 0.3593, "ndmi_mean": -0.0726, "ndbi_mean": 0.0726 }, "geometry": { "type": "Polygon", "coordinates": [ [ [ 5.240631622035501, 43.452207585211553 ], [ 5.240666659748739, 43.453106892723781 ], [ 5.239432220829803, 43.453132411619642 ], [ 5.239397202399002, 43.45223310369169 ], [ 5.240631622035501, 43.452207585211553 ] ] ] } },
{ "type": "Feature", "properties": { "ndvi_mean": 0.4874, "ndmi_mean": -0.0903, "ndbi_mean": 0.0903 }, "geometry": { "type": "Polygon", "coordinates": [ [ [ 5.24186604057653, 43.452182052673031 ], [ 5.241901097572151, 43.453081359769307 ], [ 5.240666659748739, 43.453106892723781 ], [ 5.240631622035501, 43.452207585211553 ], [ 5.24186604057653, 43.452182052673031 ] ] ] } },
{ "type": "Feature", "properties": { "ndvi_mean": 0.4057, "ndmi_mean": -0.0923, "ndbi_mean": 0.0923 }, "geometry": { "type": "Polygon", "coordinates": [ [ [ 5.243100458021486, 43.45215650607615 ], [ 5.24313553429944, 43.453055812756254 ], [ 5.241901097572151, 43.453081359769307 ], [ 5.24186604057653, 43.452182052673031 ], [ 5.243100458021486, 43.45215650607615 ] ] ] } },
{ "type": "Feature", "properties": { "ndvi_mean": 0.5008, "ndmi_mean": -0.0936, "ndbi_mean": 0.0936 }, "geometry": { "type": "Polygon", "coordinates": [ [ [ 5.244334874369767, 43.452130945420933 ], [ 5.244369969930001, 43.453030251684645 ], [ 5.24313553429944, 43.453055812756254 ], [ 5.243100458021486, 43.45215650607615 ], [ 5.244334874369767, 43.452130945420933 ] ] ] } },
{ "type": "Feature", "properties": { "ndvi_mean": 0.4821, "ndmi_mean": -0.0543, "ndbi_mean": 0.0543 }, "geometry": { "type": "Polygon", "coordinates": [ [ [ 5.245569289620772, 43.4521053707074 ], [ 5.245604404463236, 43.453004676554457 ], [ 5.244369969930001, 43.453030251684645 ], [ 5.244334874369767, 43.452130945420933 ], [ 5.245569289620772, 43.4521053707074 ] ] ] } },
{ "type": "Feature", "properties": { "ndvi_mean": 0.5098, "ndmi_mean": -0.0389, "ndbi_mean": 0.0389 }, "geometry": { "type": "Polygon", "coordinates": [ [ [ 5.246803703773897, 43.452079781935559 ], [ 5.24683883789854, 43.452979087365755 ], [ 5.245604404463236, 43.453004676554457 ], [ 5.245569289620772, 43.4521053707074 ], [ 5.246803703773897, 43.452079781935559 ] ] ] } },
{ "type": "Feature", "properties": { "ndvi_mean": 0.7378, "ndmi_mean": 0.0489, "ndbi_mean": -0.0489 }, "geometry": { "type": "Polygon", "coordinates": [ [ [ 5.248038116828543, 43.452054179105438 ], [ 5.248073270235312, 43.452953484118552 ], [ 5.24683883789854, 43.452979087365755 ], [ 5.246803703773897, 43.452079781935559 ], [ 5.248038116828543, 43.452054179105438 ] ] ] } },
{ "type": "Feature", "properties": { "ndvi_mean": 0.5246, "ndmi_mean": -0.0403, "ndbi_mean": 0.0403 }, "geometry": { "type": "Polygon", "coordinates": [ [ [ 5.249272528784106, 43.452028562217038 ], [ 5.24930770147295, 43.452927866812821 ], [ 5.248073270235312, 43.452953484118552 ], [ 5.248038116828543, 43.452054179105438 ], [ 5.249272528784106, 43.452028562217038 ] ] ] } },
{ "type": "Feature", "properties": { "ndvi_mean": 0.5198, "ndmi_mean": -0.0638, "ndbi_mean": 0.0638 }, "geometry": { "type": "Polygon", "coordinates": [ [ [ 5.250506939639984, 43.4520029312704 ], [ 5.250542131610853, 43.45290223544864 ], [ 5.24930770147295, 43.452927866812821 ], [ 5.249272528784106, 43.452028562217038 ], [ 5.250506939639984, 43.4520029312704 ] ] ] } },
{ "type": "Feature", "properties": { "ndvi_mean": 0.469, "ndmi_mean": -0.0704, "ndbi_mean": 0.0704 }, "geometry": { "type": "Polygon", "coordinates": [ [ [ 5.251741349395576, 43.451977286265553 ], [ 5.251776560648418, 43.452876590026015 ], [ 5.250542131610853, 43.45290223544864 ], [ 5.250506939639984, 43.4520029312704 ], [ 5.251741349395576, 43.451977286265553 ] ] ] } },
{ "type": "Feature", "properties": { "ndvi_mean": 0.5888, "ndmi_mean": 0.005, "ndbi_mean": -0.005 }, "geometry": { "type": "Polygon", "coordinates": [ [ [ 5.252975758050282, 43.45195162720249 ], [ 5.253010988585044, 43.45285093054494 ], [ 5.251776560648418, 43.452876590026015 ], [ 5.251741349395576, 43.451977286265553 ], [ 5.252975758050282, 43.45195162720249 ] ] ] } },
{ "type": "Feature", "properties": { "ndvi_mean": 0.8279, "ndmi_mean": 0.0757, "ndbi_mean": -0.0757 }, "geometry": { "type": "Polygon", "coordinates": [ [ [ 5.254210165603496, 43.451925954081254 ], [ 5.254245415420127, 43.452825257005465 ], [ 5.253010988585044, 43.45285093054494 ], [ 5.252975758050282, 43.45195162720249 ], [ 5.254210165603496, 43.451925954081254 ] ] ] } },
{ "type": "Feature", "properties": { "ndvi_mean": 0.9006, "ndmi_mean": -0.0362, "ndbi_mean": 0.0362 }, "geometry": { "type": "Polygon", "coordinates": [ [ [ 5.255444572054619, 43.451900266901838 ], [ 5.255479841153067, 43.452799569407595 ], [ 5.254245415420127, 43.452825257005465 ], [ 5.254210165603496, 43.451925954081254 ], [ 5.255444572054619, 43.451900266901838 ] ] ] } },
{ "type": "Feature", "properties": { "ndvi_mean": 0.0, "ndmi_mean": 0.0, "ndbi_mean": 0.0 }, "geometry": { "type": "Polygon", "coordinates": [ [ [ 5.215908370995196, 43.451815968493463 ], [ 5.215943021966572, 43.452715283696257 ], [ 5.214708580547057, 43.452740521004721 ], [ 5.214673948858536, 43.451841205390771 ], [ 5.215908370995196, 43.451815968493463 ] ] ] } },
{ "type": "Feature", "properties": { "ndvi_mean": 0.0, "ndmi_mean": 0.0, "ndbi_mean": 0.0 }, "geometry": { "type": "Polygon", "coordinates": [ [ [ 5.217142792048475, 43.451790717537598 ], [ 5.217177462302655, 43.452690032329023 ], [ 5.215943021966572, 43.452715283696257 ], [ 5.215908370995196, 43.451815968493463 ], [ 5.217142792048475, 43.451790717537598 ] ] ] } },
{ "type": "Feature", "properties": { "ndvi_mean": 0.0, "ndmi_mean": 0.0, "ndbi_mean": 0.0 }, "geometry": { "type": "Polygon", "coordinates": [ [ [ 5.218377212017771, 43.451765452523219 ], [ 5.218411901554703, 43.452664766903069 ], [ 5.217177462302655, 43.452690032329023 ], [ 5.217142792048475, 43.451790717537598 ], [ 5.218377212017771, 43.451765452523219 ] ] ] } },
{ "type": "Feature", "properties": { "ndvi_mean": 0.0, "ndmi_mean": 0.0, "ndbi_mean": 0.0 }, "geometry": { "type": "Polygon", "coordinates": [ [ [ 5.219611630902481, 43.451740173450332 ], [ 5.219646339722116, 43.452639487418345 ], [ 5.218411901554703, 43.452664766903069 ], [ 5.218377212017771, 43.451765452523219 ], [ 5.219611630902481, 43.451740173450332 ] ] ] } },
{ "type": "Feature", "properties": { "ndvi_mean": 0.0, "ndmi_mean": 0.0, "ndbi_mean": 0.0 }, "geometry": { "type": "Polygon", "coordinates": [ [ [ 5.220846048702004, 43.451714880318974 ], [ 5.220880776804291, 43.452614193874943 ], [ 5.219646339722116, 43.452639487418345 ], [ 5.219611630902481, 43.451740173450332 ], [ 5.220846048702004, 43.451714880318974 ] ] ] } },
{ "type": "Feature", "properties": { "ndvi_mean": 0.0, "ndmi_mean": 0.0, "ndbi_mean": 0.0 }, "geometry": { "type": "Polygon", "coordinates": [ [ [ 5.222080465415737, 43.451689573129144 ], [ 5.222115212800626, 43.452588886272835 ], [ 5.220880776804291, 43.452614193874943 ], [ 5.220846048702004, 43.451714880318974 ], [ 5.222080465415737, 43.451689573129144 ] ] ] } },
{ "type": "Feature", "properties": { "ndvi_mean": 0.0, "ndmi_mean": 0.0, "ndbi_mean": 0.0 }, "geometry": { "type": "Polygon", "coordinates": [ [ [ 5.223314881043081, 43.451664251880885 ], [ 5.223349647710517, 43.452563564612063 ], [ 5.222115212800626, 43.452588886272835 ], [ 5.222080465415737, 43.451689573129144 ], [ 5.223314881043081, 43.451664251880885 ] ] ] } },
{ "type": "Feature", "properties": { "ndvi_mean": 0.0, "ndmi_mean": 0.0, "ndbi_mean": 0.0 }, "geometry": { "type": "Polygon", "coordinates": [ [ [ 5.224549295583429, 43.451638916574183 ], [ 5.224584081533365, 43.452538228892628 ], [ 5.223349647710517, 43.452563564612063 ], [ 5.223314881043081, 43.451664251880885 ], [ 5.224549295583429, 43.451638916574183 ] ] ] } },
{ "type": "Feature", "properties": { "ndvi_mean": 0.0904, "ndmi_mean": -0.3006, "ndbi_mean": 0.3006 }, "geometry": { "type": "Polygon", "coordinates": [ [ [ 5.225783709036184, 43.451613567209094 ], [ 5.225818514268568, 43.452512879114586 ], [ 5.224584081533365, 43.452538228892628 ], [ 5.224549295583429, 43.451638916574183 ], [ 5.225783709036184, 43.451613567209094 ] ] ] } },
{ "type": "Feature", "properties": { "ndvi_mean": 0.2929, "ndmi_mean": -0.2194, "ndbi_mean": 0.2194 }, "geometry": { "type": "Polygon", "coordinates": [ [ [ 5.227018121400742, 43.451588203785612 ], [ 5.227052945915521, 43.45248751527788 ], [ 5.225818514268568, 43.452512879114586 ], [ 5.225783709036184, 43.451613567209094 ], [ 5.227018121400742, 43.451588203785612 ] ] ] } },
{ "type": "Feature", "properties": { "ndvi_mean": 0.2526, "ndmi_mean": -0.1381, "ndbi_mean": 0.1381 }, "geometry": { "type": "Polygon", "coordinates": [ [ [ 5.228252532676501, 43.451562826303764 ], [ 5.228287376473626, 43.452462137382625 ], [ 5.227052945915521, 43.45248751527788 ], [ 5.227018121400742, 43.451588203785612 ], [ 5.228252532676501, 43.451562826303764 ] ] ] } },
{ "type": "Feature", "properties": { "ndvi_mean": 0.202, "ndmi_mean": -0.2029, "ndbi_mean": 0.2029 }, "geometry": { "type": "Polygon", "coordinates": [ [ [ 5.229486942862859, 43.45153743476358 ], [ 5.229521805942278, 43.452436745428791 ], [ 5.228287376473626, 43.452462137382625 ], [ 5.228252532676501, 43.451562826303764 ], [ 5.229486942862859, 43.45153743476358 ] ] ] } },
{ "type": "Feature", "properties": { "ndvi_mean": 0.5074, "ndmi_mean": -0.1258, "ndbi_mean": 0.1258 }, "geometry": { "type": "Polygon", "coordinates": [ [ [ 5.230721351959215, 43.451512029165066 ], [ 5.230756234320876, 43.452411339416393 ], [ 5.229521805942278, 43.452436745428791 ], [ 5.229486942862859, 43.45153743476358 ], [ 5.230721351959215, 43.451512029165066 ] ] ] } },
{ "type": "Feature", "properties": { "ndvi_mean": 0.6578, "ndmi_mean": 0.0729, "ndbi_mean": -0.0729 }, "geometry": { "type": "Polygon", "coordinates": [ [ [ 5.231955759964964, 43.451486609508237 ], [ 5.23199066160882, 43.452385919345453 ], [ 5.230756234320876, 43.452411339416393 ], [ 5.230721351959215, 43.451512029165066 ], [ 5.231955759964964, 43.451486609508237 ] ] ] } },
{ "type": "Feature", "properties": { "ndvi_mean": 0.3595, "ndmi_mean": -0.1283, "ndbi_mean": 0.1283 }, "geometry": { "type": "Polygon", "coordinates": [ [ [ 5.233190166879509, 43.451461175793114 ], [ 5.233225087805505, 43.452360485216005 ], [ 5.23199066160882, 43.452385919345453 ], [ 5.231955759964964, 43.451486609508237 ], [ 5.233190166879509, 43.451461175793114 ] ] ] } },
{ "type": "Feature", "properties": { "ndvi_mean": 0.3502, "ndmi_mean": -0.1284, "ndbi_mean": 0.1284 }, "geometry": { "type": "Polygon", "coordinates": [ [ [ 5.234424572702245, 43.451435728019739 ], [ 5.234459512910331, 43.452335037028057 ], [ 5.233225087805505, 43.452360485216005 ], [ 5.233190166879509, 43.451461175793114 ], [ 5.234424572702245, 43.451435728019739 ] ] ] } },
{ "type": "Feature", "properties": { "ndvi_mean": 0.3726, "ndmi_mean": -0.0732, "ndbi_mean": 0.0732 }, "geometry": { "type": "Polygon", "coordinates": [ [ [ 5.235658977432571, 43.451410266188127 ], [ 5.235693936922696, 43.452309574781644 ], [ 5.234459512910331, 43.452335037028057 ], [ 5.234424572702245, 43.451435728019739 ], [ 5.235658977432571, 43.451410266188127 ] ] ] } },
{ "type": "Feature", "properties": { "ndvi_mean": 0.6386, "ndmi_mean": -0.0227, "ndbi_mean": 0.0227 }, "geometry": { "type": "Polygon", "coordinates": [ [ [ 5.236893381069885, 43.451384790298256 ], [ 5.236928359841997, 43.452284098476738 ], [ 5.235693936922696, 43.452309574781644 ], [ 5.235658977432571, 43.451410266188127 ], [ 5.236893381069885, 43.451384790298256 ] ] ] } },
{ "type": "Feature", "properties": { "ndvi_mean": 0.8282, "ndmi_mean": 0.0263, "ndbi_mean": -0.0263 }, "geometry": { "type": "Polygon", "coordinates": [ [ [ 5.238127783613585, 43.451359300350205 ], [ 5.238162781667633, 43.452258608113432 ], [ 5.236928359841997, 43.452284098476738 ], [ 5.236893381069885, 43.451384790298256 ], [ 5.238127783613585, 43.451359300350205 ] ] ] } },
{ "type": "Feature", "properties": { "ndvi_mean": 0.4617, "ndmi_mean": -0.0745, "ndbi_mean": 0.0745 }, "geometry": { "type": "Polygon", "coordinates": [ [ [ 5.239362185063069, 43.451333796343924 ], [ 5.239397202399002, 43.45223310369169 ], [ 5.238162781667633, 43.452258608113432 ], [ 5.238127783613585, 43.451359300350205 ], [ 5.239362185063069, 43.451333796343924 ] ] ] } },
{ "type": "Feature", "properties": { "ndvi_mean": 0.3792, "ndmi_mean": -0.0898, "ndbi_mean": 0.0898 }, "geometry": { "type": "Polygon", "coordinates": [ [ [ 5.240596585417736, 43.451308278279519 ], [ 5.240631622035501, 43.452207585211553 ], [ 5.239397202399002, 43.45223310369169 ], [ 5.239362185063069, 43.451333796343924 ], [ 5.240596585417736, 43.451308278279519 ] ] ] } },
{ "type": "Feature", "properties": { "ndvi_mean": 0.491, "ndmi_mean": -0.0643, "ndbi_mean": 0.0643 }, "geometry": { "type": "Polygon", "coordinates": [ [ [ 5.241830984676981, 43.451282746156942 ], [ 5.24186604057653, 43.452182052673031 ], [ 5.240631622035501, 43.452207585211553 ], [ 5.240596585417736, 43.451308278279519 ], [ 5.241830984676981, 43.451282746156942 ] ] ] } },
{ "type": "Feature", "properties": { "ndvi_mean": 0.3781, "ndmi_mean": -0.094, "ndbi_mean": 0.094 }, "geometry": { "type": "Polygon", "coordinates": [ [ [ 5.243065382840206, 43.451257199976219 ], [ 5.243100458021486, 43.45215650607615 ], [ 5.24186604057653, 43.452182052673031 ], [ 5.241830984676981, 43.451282746156942 ], [ 5.243065382840206, 43.451257199976219 ] ] ] } },
{ "type": "Feature", "properties": { "ndvi_mean": 0.358, "ndmi_mean": -0.0914, "ndbi_mean": 0.0914 }, "geometry": { "type": "Polygon", "coordinates": [ [ [ 5.244299779906807, 43.451231639737415 ], [ 5.244334874369767, 43.452130945420933 ], [ 5.243100458021486, 43.45215650607615 ], [ 5.243065382840206, 43.451257199976219 ], [ 5.244299779906807, 43.451231639737415 ] ] ] } },
{ "type": "Feature", "properties": { "ndvi_mean": 0.4317, "ndmi_mean": -0.08, "ndbi_mean": 0.08 }, "geometry": { "type": "Polygon", "coordinates": [ [ [ 5.245534175876184, 43.451206065440481 ], [ 5.245569289620772, 43.4521053707074 ], [ 5.244334874369767, 43.452130945420933 ], [ 5.244299779906807, 43.451231639737415 ], [ 5.245534175876184, 43.451206065440481 ] ] ] } },
{ "type": "Feature", "properties": { "ndvi_mean": 0.5146, "ndmi_mean": -0.073, "ndbi_mean": 0.073 }, "geometry": { "type": "Polygon", "coordinates": [ [ [ 5.246768570747734, 43.451180477085501 ], [ 5.246803703773897, 43.452079781935559 ], [ 5.245569289620772, 43.4521053707074 ], [ 5.245534175876184, 43.451206065440481 ], [ 5.246768570747734, 43.451180477085501 ] ] ] } },
{ "type": "Feature", "properties": { "ndvi_mean": 0.6278, "ndmi_mean": 0.0329, "ndbi_mean": -0.0329 }, "geometry": { "type": "Polygon", "coordinates": [ [ [ 5.248002964520854, 43.451154874672461 ], [ 5.248038116828543, 43.452054179105438 ], [ 5.246803703773897, 43.452079781935559 ], [ 5.246768570747734, 43.451180477085501 ], [ 5.248002964520854, 43.451154874672461 ] ] ] } },
{ "type": "Feature", "properties": { "ndvi_mean": 0.5976, "ndmi_mean": 0.0076, "ndbi_mean": -0.0076 }, "geometry": { "type": "Polygon", "coordinates": [ [ [ 5.249237357194944, 43.451129258201377 ], [ 5.249272528784106, 43.452028562217038 ], [ 5.248038116828543, 43.452054179105438 ], [ 5.248002964520854, 43.451154874672461 ], [ 5.249237357194944, 43.451129258201377 ] ] ] } },
{ "type": "Feature", "properties": { "ndvi_mean": 0.4225, "ndmi_mean": -0.0901, "ndbi_mean": 0.0901 }, "geometry": { "type": "Polygon", "coordinates": [ [ [ 5.250471748769401, 43.451103627672296 ], [ 5.250506939639984, 43.4520029312704 ], [ 5.249272528784106, 43.452028562217038 ], [ 5.249237357194944, 43.451129258201377 ], [ 5.250471748769401, 43.451103627672296 ] ] ] } },
{ "type": "Feature", "properties": { "ndvi_mean": 0.5261, "ndmi_mean": -0.0224, "ndbi_mean": 0.0224 }, "geometry": { "type": "Polygon", "coordinates": [ [ [ 5.251706139243624, 43.451077983085213 ], [ 5.251741349395576, 43.451977286265553 ], [ 5.250506939639984, 43.4520029312704 ], [ 5.250471748769401, 43.451103627672296 ], [ 5.251706139243624, 43.451077983085213 ] ] ] } },
{ "type": "Feature", "properties": { "ndvi_mean": 0.5024, "ndmi_mean": -0.0729, "ndbi_mean": 0.0729 }, "geometry": { "type": "Polygon", "coordinates": [ [ [ 5.25294052861701, 43.451052324440155 ], [ 5.252975758050282, 43.45195162720249 ], [ 5.251741349395576, 43.451977286265553 ], [ 5.251706139243624, 43.451077983085213 ], [ 5.25294052861701, 43.451052324440155 ] ] ] } },
{ "type": "Feature", "properties": { "ndvi_mean": 0.5423, "ndmi_mean": -0.0875, "ndbi_mean": 0.0875 }, "geometry": { "type": "Polygon", "coordinates": [ [ [ 5.254174916888958, 43.451026651737138 ], [ 5.254210165603496, 43.451925954081254 ], [ 5.252975758050282, 43.45195162720249 ], [ 5.25294052861701, 43.451052324440155 ], [ 5.254174916888958, 43.451026651737138 ] ] ] } },
{ "type": "Feature", "properties": { "ndvi_mean": 0.7953, "ndmi_mean": -0.0517, "ndbi_mean": 0.0517 }, "geometry": { "type": "Polygon", "coordinates": [ [ [ 5.255409304058865, 43.451000964976188 ], [ 5.255444572054619, 43.451900266901838 ], [ 5.254210165603496, 43.451925954081254 ], [ 5.254174916888958, 43.451026651737138 ], [ 5.255409304058865, 43.451000964976188 ] ] ] } },
{ "type": "Feature", "properties": { "ndvi_mean": 0.0, "ndmi_mean": 0.0, "ndbi_mean": 0.0 }, "geometry": { "type": "Polygon", "coordinates": [ [ [ 5.215873721107201, 43.450916653871218 ], [ 5.215908370995196, 43.451815968493463 ], [ 5.214673948858536, 43.451841205390771 ], [ 5.214639318252794, 43.45094189035742 ], [ 5.215873721107201, 43.450916653871218 ] ] ] } },
{ "type": "Feature", "properties": { "ndvi_mean": 0.0, "ndmi_mean": 0.0, "ndbi_mean": 0.0 }, "geometry": { "type": "Polygon", "coordinates": [ [ [ 5.217108122878279, 43.450891403326722 ], [ 5.217142792048475, 43.451790717537598 ], [ 5.215908370995196, 43.451815968493463 ], [ 5.215873721107201, 43.450916653871218 ], [ 5.217108122878279, 43.450891403326722 ] ] ] } },
{ "type": "Feature", "properties": { "ndvi_mean": 0.0, "ndmi_mean": 0.0, "ndbi_mean": 0.0 }, "geometry": { "type": "Polygon", "coordinates": [ [ [ 5.218342523565423, 43.450866138723931 ], [ 5.218377212017771, 43.451765452523219 ], [ 5.217142792048475, 43.451790717537598 ], [ 5.217108122878279, 43.450891403326722 ], [ 5.218342523565423, 43.450866138723931 ] ] ] } },
{ "type": "Feature", "properties": { "ndvi_mean": 0.0, "ndmi_mean": 0.0, "ndbi_mean": 0.0 }, "geometry": { "type": "Polygon", "coordinates": [ [ [ 5.219576923168033, 43.450840860062854 ], [ 5.219611630902481, 43.451740173450332 ], [ 5.218377212017771, 43.451765452523219 ], [ 5.218342523565423, 43.450866138723931 ], [ 5.219576923168033, 43.450840860062854 ] ] ] } },
{ "type": "Feature", "properties": { "ndvi_mean": 0.0, "ndmi_mean": 0.0, "ndbi_mean": 0.0 }, "geometry": { "type": "Polygon", "coordinates": [ [ [ 5.220811321685506, 43.450815567343547 ], [ 5.220846048702004, 43.451714880318974 ], [ 5.219611630902481, 43.451740173450332 ], [ 5.219576923168033, 43.450840860062854 ], [ 5.220811321685506, 43.450815567343547 ] ] ] } },
{ "type": "Feature", "properties": { "ndvi_mean": 0.0, "ndmi_mean": 0.0, "ndbi_mean": 0.0 }, "geometry": { "type": "Polygon", "coordinates": [ [ [ 5.222045719117242, 43.450790260565981 ], [ 5.222080465415737, 43.451689573129144 ], [ 5.220846048702004, 43.451714880318974 ], [ 5.220811321685506, 43.450815567343547 ], [ 5.222045719117242, 43.450790260565981 ] ] ] } },
{ "type": "Feature", "properties": { "ndvi_mean": 0.0, "ndmi_mean": -0.04, "ndbi_mean": 0.04 }, "geometry": { "type": "Polygon", "coordinates": [ [ [ 5.223280115462637, 43.450764939730213 ], [ 5.223314881043081, 43.451664251880885 ], [ 5.222080465415737, 43.451689573129144 ], [ 5.222045719117242, 43.450790260565981 ], [ 5.223280115462637, 43.450764939730213 ] ] ] } },
{ "type": "Feature", "properties": { "ndvi_mean": 0.1286, "ndmi_mean": -0.3044, "ndbi_mean": 0.3044 }, "geometry": { "type": "Polygon", "coordinates": [ [ [ 5.22451451072109, 43.450739604836258 ], [ 5.224549295583429, 43.451638916574183 ], [ 5.223314881043081, 43.451664251880885 ], [ 5.223280115462637, 43.450764939730213 ], [ 5.22451451072109, 43.450739604836258 ] ] ] } },
{ "type": "Feature", "properties": { "ndvi_mean": 0.3953, "ndmi_mean": 0.0407, "ndbi_mean": -0.0407 }, "geometry": { "type": "Polygon", "coordinates": [ [ [ 5.225748904891998, 43.450714255884129 ], [ 5.225783709036184, 43.451613567209094 ], [ 5.224549295583429, 43.451638916574183 ], [ 5.22451451072109, 43.450739604836258 ], [ 5.225748904891998, 43.450714255884129 ] ] ] } },
{ "type": "Feature", "properties": { "ndvi_mean": 0.2099, "ndmi_mean": 0.1686, "ndbi_mean": -0.1686 }, "geometry": { "type": "Polygon", "coordinates": [ [ [ 5.226983297974761, 43.450688892873835 ], [ 5.227018121400742, 43.451588203785612 ], [ 5.225783709036184, 43.451613567209094 ], [ 5.225748904891998, 43.450714255884129 ], [ 5.226983297974761, 43.450688892873835 ] ] ] } },
{ "type": "Feature", "properties": { "ndvi_mean": 0.1162, "ndmi_mean": -0.071, "ndbi_mean": 0.071 }, "geometry": { "type": "Polygon", "coordinates": [ [ [ 5.228217689968776, 43.450663515805395 ], [ 5.228252532676501, 43.451562826303764 ], [ 5.227018121400742, 43.451588203785612 ], [ 5.226983297974761, 43.450688892873835 ], [ 5.228217689968776, 43.450663515805395 ] ] ] } },
{ "type": "Feature", "properties": { "ndvi_mean": 0.04, "ndmi_mean": 0.0067, "ndbi_mean": -0.0067 }, "geometry": { "type": "Polygon", "coordinates": [ [ [ 5.229452080873441, 43.450638124678839 ], [ 5.229486942862859, 43.45153743476358 ], [ 5.228252532676501, 43.451562826303764 ], [ 5.228217689968776, 43.450663515805395 ], [ 5.229452080873441, 43.450638124678839 ] ] ] } },
{ "type": "Feature", "properties": { "ndvi_mean": 0.1401, "ndmi_mean": -0.0727, "ndbi_mean": 0.0727 }, "geometry": { "type": "Polygon", "coordinates": [ [ [ 5.230686470688156, 43.450612719494224 ], [ 5.230721351959215, 43.451512029165066 ], [ 5.229486942862859, 43.45153743476358 ], [ 5.229452080873441, 43.450638124678839 ], [ 5.230686470688156, 43.450612719494224 ] ] ] } },
{ "type": "Feature", "properties": { "ndvi_mean": 0.6432, "ndmi_mean": 0.0985, "ndbi_mean": -0.0985 }, "geometry": { "type": "Polygon", "coordinates": [ [ [ 5.231920859412316, 43.450587300251492 ], [ 5.231955759964964, 43.451486609508237 ], [ 5.230721351959215, 43.451512029165066 ], [ 5.230686470688156, 43.450612719494224 ], [ 5.231920859412316, 43.450587300251492 ] ] ] } },
{ "type": "Feature", "properties": { "ndvi_mean": 0.3177, "ndmi_mean": -0.0889, "ndbi_mean": 0.0889 }, "geometry": { "type": "Polygon", "coordinates": [ [ [ 5.233155247045321, 43.450561866950729 ], [ 5.233190166879509, 43.451461175793114 ], [ 5.231955759964964, 43.451486609508237 ], [ 5.231920859412316, 43.450587300251492 ], [ 5.233155247045321, 43.450561866950729 ] ] ] } },
{ "type": "Feature", "properties": { "ndvi_mean": 0.5748, "ndmi_mean": -0.0179, "ndbi_mean": 0.0179 }, "geometry": { "type": "Polygon", "coordinates": [ [ [ 5.23438963358657, 43.450536419591906 ], [ 5.234424572702245, 43.451435728019739 ], [ 5.233190166879509, 43.451461175793114 ], [ 5.233155247045321, 43.450561866950729 ], [ 5.23438963358657, 43.450536419591906 ] ] ] } },
{ "type": "Feature", "properties": { "ndvi_mean": 0.5227, "ndmi_mean": -0.0375, "ndbi_mean": 0.0375 }, "geometry": { "type": "Polygon", "coordinates": [ [ [ 5.235624019035459, 43.450510958175059 ], [ 5.235658977432571, 43.451410266188127 ], [ 5.234424572702245, 43.451435728019739 ], [ 5.23438963358657, 43.450536419591906 ], [ 5.235624019035459, 43.450510958175059 ] ] ] } },
{ "type": "Feature", "properties": { "ndvi_mean": 0.5197, "ndmi_mean": -0.0379, "ndbi_mean": 0.0379 }, "geometry": { "type": "Polygon", "coordinates": [ [ [ 5.236858403391387, 43.450485482700209 ], [ 5.236893381069885, 43.451384790298256 ], [ 5.235658977432571, 43.451410266188127 ], [ 5.235624019035459, 43.450510958175059 ], [ 5.236858403391387, 43.450485482700209 ] ] ] } },
{ "type": "Feature", "properties": { "ndvi_mean": 0.8837, "ndmi_mean": 0.1557, "ndbi_mean": -0.1557 }, "geometry": { "type": "Polygon", "coordinates": [ [ [ 5.238092786653752, 43.450459993167392 ], [ 5.238127783613585, 43.451359300350205 ], [ 5.236893381069885, 43.451384790298256 ], [ 5.236858403391387, 43.450485482700209 ], [ 5.238092786653752, 43.450459993167392 ] ] ] } },
{ "type": "Feature", "properties": { "ndvi_mean": 0.4946, "ndmi_mean": -0.0966, "ndbi_mean": 0.0966 }, "geometry": { "type": "Polygon", "coordinates": [ [ [ 5.239327168821953, 43.450434489576622 ], [ 5.239362185063069, 43.451333796343924 ], [ 5.238127783613585, 43.451359300350205 ], [ 5.238092786653752, 43.450459993167392 ], [ 5.239327168821953, 43.450434489576622 ] ] ] } },
{ "type": "Feature", "properties": { "ndvi_mean": 0.5331, "ndmi_mean": -0.0003, "ndbi_mean": 0.0003 }, "geometry": { "type": "Polygon", "coordinates": [ [ [ 5.240561549895387, 43.450408971927899 ], [ 5.240596585417736, 43.451308278279519 ], [ 5.239362185063069, 43.451333796343924 ], [ 5.239327168821953, 43.450434489576622 ], [ 5.240561549895387, 43.450408971927899 ] ] ] } },
{ "type": "Feature", "properties": { "ndvi_mean": 0.3859, "ndmi_mean": -0.0892, "ndbi_mean": 0.0892 }, "geometry": { "type": "Polygon", "coordinates": [ [ [ 5.241795929873454, 43.450383440221252 ], [ 5.241830984676981, 43.451282746156942 ], [ 5.240596585417736, 43.451308278279519 ], [ 5.240561549895387, 43.450408971927899 ], [ 5.241795929873454, 43.450383440221252 ] ] ] } },
{ "type": "Feature", "properties": { "ndvi_mean": 0.3998, "ndmi_mean": -0.0998, "ndbi_mean": 0.0998 }, "geometry": { "type": "Polygon", "coordinates": [ [ [ 5.24303030875555, 43.450357894456715 ], [ 5.243065382840206, 43.451257199976219 ], [ 5.241830984676981, 43.451282746156942 ], [ 5.241795929873454, 43.450383440221252 ], [ 5.24303030875555, 43.450357894456715 ] ] ] } },
{ "type": "Feature", "properties": { "ndvi_mean": 0.4369, "ndmi_mean": -0.1155, "ndbi_mean": 0.1155 }, "geometry": { "type": "Polygon", "coordinates": [ [ [ 5.244264686541075, 43.450332334634275 ], [ 5.244299779906807, 43.451231639737415 ], [ 5.243065382840206, 43.451257199976219 ], [ 5.24303030875555, 43.450357894456715 ], [ 5.244264686541075, 43.450332334634275 ] ] ] } },
{ "type": "Feature", "properties": { "ndvi_mean": 0.3037, "ndmi_mean": -0.1487, "ndbi_mean": 0.1487 }, "geometry": { "type": "Polygon", "coordinates": [ [ [ 5.245499063229426, 43.450306760753982 ], [ 5.245534175876184, 43.451206065440481 ], [ 5.244299779906807, 43.451231639737415 ], [ 5.244264686541075, 43.450332334634275 ], [ 5.245499063229426, 43.450306760753982 ] ] ] } },
{ "type": "Feature", "properties": { "ndvi_mean": 0.5863, "ndmi_mean": -0.0425, "ndbi_mean": 0.0425 }, "geometry": { "type": "Polygon", "coordinates": [ [ [ 5.24673343882, 43.450281172815835 ], [ 5.246768570747734, 43.451180477085501 ], [ 5.245534175876184, 43.451206065440481 ], [ 5.245499063229426, 43.450306760753982 ], [ 5.24673343882, 43.450281172815835 ] ] ] } },
{ "type": "Feature", "properties": { "ndvi_mean": 0.4712, "ndmi_mean": -0.0395, "ndbi_mean": 0.0395 }, "geometry": { "type": "Polygon", "coordinates": [ [ [ 5.247967813312197, 43.450255570819891 ], [ 5.248002964520854, 43.451154874672461 ], [ 5.246768570747734, 43.451180477085501 ], [ 5.24673343882, 43.450281172815835 ], [ 5.247967813312197, 43.450255570819891 ] ] ] } },
{ "type": "Feature", "properties": { "ndvi_mean": 0.6019, "ndmi_mean": 0.0082, "ndbi_mean": -0.0082 }, "geometry": { "type": "Polygon", "coordinates": [ [ [ 5.249202186705416, 43.450229954766108 ], [ 5.249237357194944, 43.451129258201377 ], [ 5.248002964520854, 43.451154874672461 ], [ 5.247967813312197, 43.450255570819891 ], [ 5.249202186705416, 43.450229954766108 ] ] ] } },
{ "type": "Feature", "properties": { "ndvi_mean": 0.5983, "ndmi_mean": -0.0542, "ndbi_mean": 0.0542 }, "geometry": { "type": "Polygon", "coordinates": [ [ [ 5.250436558999052, 43.450204324654543 ], [ 5.250471748769401, 43.451103627672296 ], [ 5.249237357194944, 43.451129258201377 ], [ 5.249202186705416, 43.450229954766108 ], [ 5.250436558999052, 43.450204324654543 ] ] ] } },
{ "type": "Feature", "properties": { "ndvi_mean": 0.5764, "ndmi_mean": -0.0371, "ndbi_mean": 0.0371 }, "geometry": { "type": "Polygon", "coordinates": [ [ [ 5.251670930192508, 43.450178680485237 ], [ 5.251706139243624, 43.451077983085213 ], [ 5.250471748769401, 43.451103627672296 ], [ 5.250436558999052, 43.450204324654543 ], [ 5.251670930192508, 43.450178680485237 ] ] ] } },
{ "type": "Feature", "properties": { "ndvi_mean": 0.5307, "ndmi_mean": -0.0449, "ndbi_mean": 0.0449 }, "geometry": { "type": "Polygon", "coordinates": [ [ [ 5.252905300285176, 43.450153022258171 ], [ 5.25294052861701, 43.451052324440155 ], [ 5.251706139243624, 43.451077983085213 ], [ 5.251670930192508, 43.450178680485237 ], [ 5.252905300285176, 43.450153022258171 ] ] ] } },
{ "type": "Feature", "properties": { "ndvi_mean": 0.8172, "ndmi_mean": 0.0149, "ndbi_mean": -0.0149 }, "geometry": { "type": "Polygon", "coordinates": [ [ [ 5.254139669276459, 43.450127349973378 ], [ 5.254174916888958, 43.451026651737138 ], [ 5.25294052861701, 43.451052324440155 ], [ 5.252905300285176, 43.450153022258171 ], [ 5.254139669276459, 43.450127349973378 ] ] ] } },
{ "type": "Feature", "properties": { "ndvi_mean": 0.7229, "ndmi_mean": 0.0024, "ndbi_mean": -0.0024 }, "geometry": { "type": "Polygon", "coordinates": [ [ [ 5.255374037165754, 43.450101663630875 ], [ 5.255409304058865, 43.451000964976188 ], [ 5.254174916888958, 43.451026651737138 ], [ 5.254139669276459, 43.450127349973378 ], [ 5.255374037165754, 43.450101663630875 ] ] ] } },
{ "type": "Feature", "properties": { "ndvi_mean": 0.0, "ndmi_mean": 0.0, "ndbi_mean": 0.0 }, "geometry": { "type": "Polygon", "coordinates": [ [ [ 5.215839072302538, 43.45001733982977 ], [ 5.215873721107201, 43.450916653871218 ], [ 5.214639318252794, 43.45094189035742 ], [ 5.214604688729782, 43.450042575904845 ], [ 5.215839072302538, 43.45001733982977 ] ] ] } },
{ "type": "Feature", "properties": { "ndvi_mean": 0.0, "ndmi_mean": 0.0, "ndbi_mean": 0.0 }, "geometry": { "type": "Polygon", "coordinates": [ [ [ 5.217073454792016, 43.449992089696615 ], [ 5.217108122878279, 43.450891403326722 ], [ 5.215873721107201, 43.450916653871218 ], [ 5.215839072302538, 43.45001733982977 ], [ 5.217073454792016, 43.449992089696615 ] ] ] } },
{ "type": "Feature", "properties": { "ndvi_mean": 0.0, "ndmi_mean": 0.0, "ndbi_mean": 0.0 }, "geometry": { "type": "Polygon", "coordinates": [ [ [ 5.218307836197611, 43.449966825505406 ], [ 5.218342523565423, 43.450866138723931 ], [ 5.217108122878279, 43.450891403326722 ], [ 5.217073454792016, 43.449992089696615 ], [ 5.218307836197611, 43.449966825505406 ] ] ] } },
{ "type": "Feature", "properties": { "ndvi_mean": 0.0, "ndmi_mean": 0.0, "ndbi_mean": 0.0 }, "geometry": { "type": "Polygon", "coordinates": [ [ [ 5.219542216518722, 43.449941547256138 ], [ 5.219576923168033, 43.450840860062854 ], [ 5.218342523565423, 43.450866138723931 ], [ 5.218307836197611, 43.449966825505406 ], [ 5.219542216518722, 43.449941547256138 ] ] ] } },
{ "type": "Feature", "properties": { "ndvi_mean": 0.0, "ndmi_mean": 0.0, "ndbi_mean": 0.0 }, "geometry": { "type": "Polygon", "coordinates": [ [ [ 5.220776595754749, 43.449916254948846 ], [ 5.220811321685506, 43.450815567343547 ], [ 5.219576923168033, 43.450840860062854 ], [ 5.219542216518722, 43.449941547256138 ], [ 5.220776595754749, 43.449916254948846 ] ] ] } },
{ "type": "Feature", "properties": { "ndvi_mean": 0.0112, "ndmi_mean": -0.0971, "ndbi_mean": 0.0971 }, "geometry": { "type": "Polygon", "coordinates": [ [ [ 5.222010973905086, 43.449890948583565 ], [ 5.222045719117242, 43.450790260565981 ], [ 5.220811321685506, 43.450815567343547 ], [ 5.220776595754749, 43.449916254948846 ], [ 5.222010973905086, 43.449890948583565 ] ] ] } },
{ "type": "Feature", "properties": { "ndvi_mean": 0.267, "ndmi_mean": -0.2405, "ndbi_mean": 0.2405 }, "geometry": { "type": "Polygon", "coordinates": [ [ [ 5.223245350969135, 43.449865628160296 ], [ 5.223280115462637, 43.450764939730213 ], [ 5.222045719117242, 43.450790260565981 ], [ 5.222010973905086, 43.449890948583565 ], [ 5.223245350969135, 43.449865628160296 ] ] ] } },
{ "type": "Feature", "properties": { "ndvi_mean": 0.4039, "ndmi_mean": 0.0012, "ndbi_mean": -0.0012 }, "geometry": { "type": "Polygon", "coordinates": [ [ [ 5.224479726946293, 43.449840293679046 ], [ 5.22451451072109, 43.450739604836258 ], [ 5.223280115462637, 43.450764939730213 ], [ 5.223245350969135, 43.449865628160296 ], [ 5.224479726946293, 43.449840293679046 ] ] ] } },
{ "type": "Feature", "properties": { "ndvi_mean": 0.0761, "ndmi_mean": -0.0013, "ndbi_mean": 0.0013 }, "geometry": { "type": "Polygon", "coordinates": [ [ [ 5.225714101835958, 43.449814945139877 ], [ 5.225748904891998, 43.450714255884129 ], [ 5.22451451072109, 43.450739604836258 ], [ 5.224479726946293, 43.449840293679046 ], [ 5.225714101835958, 43.449814945139877 ] ] ] } },
{ "type": "Feature", "properties": { "ndvi_mean": 0.0, "ndmi_mean": 0.0, "ndbi_mean": 0.0 }, "geometry": { "type": "Polygon", "coordinates": [ [ [ 5.226948475637528, 43.449789582542756 ], [ 5.226983297974761, 43.450688892873835 ], [ 5.225748904891998, 43.450714255884129 ], [ 5.225714101835958, 43.449814945139877 ], [ 5.226948475637528, 43.449789582542756 ] ] ] } },
{ "type": "Feature", "properties": { "ndvi_mean": 0.02, "ndmi_mean": 0.02, "ndbi_mean": -0.02 }, "geometry": { "type": "Polygon", "coordinates": [ [ [ 5.228182848350402, 43.449764205887732 ], [ 5.228217689968776, 43.450663515805395 ], [ 5.226983297974761, 43.450688892873835 ], [ 5.226948475637528, 43.449789582542756 ], [ 5.228182848350402, 43.449764205887732 ] ] ] } },
{ "type": "Feature", "properties": { "ndvi_mean": 0.1099, "ndmi_mean": 0.1099, "ndbi_mean": -0.1099 }, "geometry": { "type": "Polygon", "coordinates": [ [ [ 5.229417219973976, 43.44973881517484 ], [ 5.229452080873441, 43.450638124678839 ], [ 5.228217689968776, 43.450663515805395 ], [ 5.228182848350402, 43.449764205887732 ], [ 5.229417219973976, 43.44973881517484 ] ] ] } },
{ "type": "Feature", "properties": { "ndvi_mean": 0.4915, "ndmi_mean": 0.0058, "ndbi_mean": -0.0058 }, "geometry": { "type": "Polygon", "coordinates": [ [ [ 5.230651590507651, 43.449713410404065 ], [ 5.230686470688156, 43.450612719494224 ], [ 5.229452080873441, 43.450638124678839 ], [ 5.229417219973976, 43.44973881517484 ], [ 5.230651590507651, 43.449713410404065 ] ] ] } },
{ "type": "Feature", "properties": { "ndvi_mean": 0.605, "ndmi_mean": 0.053, "ndbi_mean": -0.053 }, "geometry": { "type": "Polygon", "coordinates": [ [ [ 5.231885959950822, 43.449687991575452 ], [ 5.231920859412316, 43.450587300251492 ], [ 5.230686470688156, 43.450612719494224 ], [ 5.230651590507651, 43.449713410404065 ], [ 5.231885959950822, 43.449687991575452 ] ] ] } },
{ "type": "Feature", "properties": { "ndvi_mean": 0.4995, "ndmi_mean": -0.0472, "ndbi_mean": 0.0472 }, "geometry": { "type": "Polygon", "coordinates": [ [ [ 5.233120328302891, 43.449662558688985 ], [ 5.233155247045321, 43.450561866950729 ], [ 5.231920859412316, 43.450587300251492 ], [ 5.231885959950822, 43.449687991575452 ], [ 5.233120328302891, 43.449662558688985 ] ] ] } },
{ "type": "Feature", "properties": { "ndvi_mean": 0.5555, "ndmi_mean": -0.0462, "ndbi_mean": 0.0462 }, "geometry": { "type": "Polygon", "coordinates": [ [ [ 5.234354695563253, 43.449637111744721 ], [ 5.23438963358657, 43.450536419591906 ], [ 5.233155247045321, 43.450561866950729 ], [ 5.233120328302891, 43.449662558688985 ], [ 5.234354695563253, 43.449637111744721 ] ] ] } },
{ "type": "Feature", "properties": { "ndvi_mean": 0.4941, "ndmi_mean": -0.0677, "ndbi_mean": 0.0677 }, "geometry": { "type": "Polygon", "coordinates": [ [ [ 5.235589061731307, 43.449611650742675 ], [ 5.235624019035459, 43.450510958175059 ], [ 5.23438963358657, 43.450536419591906 ], [ 5.234354695563253, 43.449637111744721 ], [ 5.235589061731307, 43.449611650742675 ] ] ] } },
{ "type": "Feature", "properties": { "ndvi_mean": 0.5867, "ndmi_mean": -0.0416, "ndbi_mean": 0.0416 }, "geometry": { "type": "Polygon", "coordinates": [ [ [ 5.236823426806452, 43.449586175682832 ], [ 5.236858403391387, 43.450485482700209 ], [ 5.235624019035459, 43.450510958175059 ], [ 5.235589061731307, 43.449611650742675 ], [ 5.236823426806452, 43.449586175682832 ] ] ] } },
{ "type": "Feature", "properties": { "ndvi_mean": 0.8394, "ndmi_mean": 0.1063, "ndbi_mean": -0.1063 }, "geometry": { "type": "Polygon", "coordinates": [ [ [ 5.238057790788085, 43.449560686565249 ], [ 5.238092786653752, 43.450459993167392 ], [ 5.236858403391387, 43.450485482700209 ], [ 5.236823426806452, 43.449586175682832 ], [ 5.238057790788085, 43.449560686565249 ] ] ] } },
{ "type": "Feature", "properties": { "ndvi_mean": 0.6567, "ndmi_mean": -0.0232, "ndbi_mean": 0.0232 }, "geometry": { "type": "Polygon", "coordinates": [ [ [ 5.239292153675605, 43.449535183389941 ], [ 5.239327168821953, 43.450434489576622 ], [ 5.238092786653752, 43.450459993167392 ], [ 5.238057790788085, 43.449560686565249 ], [ 5.239292153675605, 43.449535183389941 ] ] ] } },
{ "type": "Feature", "properties": { "ndvi_mean": 0.6491, "ndmi_mean": 0.0175, "ndbi_mean": -0.0175 }, "geometry": { "type": "Polygon", "coordinates": [ [ [ 5.24052651546841, 43.449509666156928 ], [ 5.240561549895387, 43.450408971927899 ], [ 5.239327168821953, 43.450434489576622 ], [ 5.239292153675605, 43.449535183389941 ], [ 5.24052651546841, 43.449509666156928 ] ] ] } },
{ "type": "Feature", "properties": { "ndvi_mean": 0.485, "ndmi_mean": -0.0617, "ndbi_mean": 0.0617 }, "geometry": { "type": "Polygon", "coordinates": [ [ [ 5.241760876165898, 43.449484134866196 ], [ 5.241795929873454, 43.450383440221252 ], [ 5.240561549895387, 43.450408971927899 ], [ 5.24052651546841, 43.449509666156928 ], [ 5.241760876165898, 43.449484134866196 ] ] ] } },
{ "type": "Feature", "properties": { "ndvi_mean": 0.4767, "ndmi_mean": -0.068, "ndbi_mean": 0.068 }, "geometry": { "type": "Polygon", "coordinates": [ [ [ 5.242995235767467, 43.44945858951781 ], [ 5.24303030875555, 43.450357894456715 ], [ 5.241795929873454, 43.450383440221252 ], [ 5.241760876165898, 43.449484134866196 ], [ 5.242995235767467, 43.44945858951781 ] ] ] } },
{ "type": "Feature", "properties": { "ndvi_mean": 0.522, "ndmi_mean": -0.0747, "ndbi_mean": 0.0747 }, "geometry": { "type": "Polygon", "coordinates": [ [ [ 5.244229594272515, 43.44943303011177 ], [ 5.244264686541075, 43.450332334634275 ], [ 5.24303030875555, 43.450357894456715 ], [ 5.242995235767467, 43.44945858951781 ], [ 5.244229594272515, 43.44943303011177 ] ] ] } },
{ "type": "Feature", "properties": { "ndvi_mean": 0.507, "ndmi_mean": -0.0679, "ndbi_mean": 0.0679 }, "geometry": { "type": "Polygon", "coordinates": [ [ [ 5.245463951680442, 43.449407456648082 ], [ 5.245499063229426, 43.450306760753982 ], [ 5.244264686541075, 43.450332334634275 ], [ 5.244229594272515, 43.44943303011177 ], [ 5.245463951680442, 43.449407456648082 ] ] ] } },
{ "type": "Feature", "properties": { "ndvi_mean": 0.579, "ndmi_mean": -0.0335, "ndbi_mean": 0.0335 }, "geometry": { "type": "Polygon", "coordinates": [ [ [ 5.246698307990644, 43.449381869126789 ], [ 5.24673343882, 43.450281172815835 ], [ 5.245499063229426, 43.450306760753982 ], [ 5.245463951680442, 43.449407456648082 ], [ 5.246698307990644, 43.449381869126789 ] ] ] } },
{ "type": "Feature", "properties": { "ndvi_mean": 0.4898, "ndmi_mean": -0.058, "ndbi_mean": 0.058 }, "geometry": { "type": "Polygon", "coordinates": [ [ [ 5.24793266320252, 43.449356267547898 ], [ 5.247967813312197, 43.450255570819891 ], [ 5.24673343882, 43.450281172815835 ], [ 5.246698307990644, 43.449381869126789 ], [ 5.24793266320252, 43.449356267547898 ] ] ] } },
{ "type": "Feature", "properties": { "ndvi_mean": 0.5918, "ndmi_mean": -0.0802, "ndbi_mean": 0.0802 }, "geometry": { "type": "Polygon", "coordinates": [ [ [ 5.249167017315468, 43.449330651911424 ], [ 5.249202186705416, 43.450229954766108 ], [ 5.247967813312197, 43.450255570819891 ], [ 5.24793266320252, 43.449356267547898 ], [ 5.249167017315468, 43.449330651911424 ] ] ] } },
{ "type": "Feature", "properties": { "ndvi_mean": 0.5513, "ndmi_mean": -0.0489, "ndbi_mean": 0.0489 }, "geometry": { "type": "Polygon", "coordinates": [ [ [ 5.250401370328888, 43.449305022217409 ], [ 5.250436558999052, 43.450204324654543 ], [ 5.249202186705416, 43.450229954766108 ], [ 5.249167017315468, 43.449330651911424 ], [ 5.250401370328888, 43.449305022217409 ] ] ] } },
{ "type": "Feature", "properties": { "ndvi_mean": 0.5356, "ndmi_mean": -0.0199, "ndbi_mean": 0.0199 }, "geometry": { "type": "Polygon", "coordinates": [ [ [ 5.251635722242176, 43.449279378465839 ], [ 5.251670930192508, 43.450178680485237 ], [ 5.250436558999052, 43.450204324654543 ], [ 5.250401370328888, 43.449305022217409 ], [ 5.251635722242176, 43.449279378465839 ] ] ] } },
{ "type": "Feature", "properties": { "ndvi_mean": 0.5956, "ndmi_mean": -0.0129, "ndbi_mean": 0.0129 }, "geometry": { "type": "Polygon", "coordinates": [ [ [ 5.25287007305473, 43.449253720656749 ], [ 5.252905300285176, 43.450153022258171 ], [ 5.251670930192508, 43.450178680485237 ], [ 5.251635722242176, 43.449279378465839 ], [ 5.25287007305473, 43.449253720656749 ] ] ] } },
{ "type": "Feature", "properties": { "ndvi_mean": 0.4787, "ndmi_mean": -0.0707, "ndbi_mean": 0.0707 }, "geometry": { "type": "Polygon", "coordinates": [ [ [ 5.254104422765949, 43.449228048790182 ], [ 5.254139669276459, 43.450127349973378 ], [ 5.252905300285176, 43.450153022258171 ], [ 5.25287007305473, 43.449253720656749 ], [ 5.254104422765949, 43.449228048790182 ] ] ] } },
{ "type": "Feature", "properties": { "ndvi_mean": 0.5503, "ndmi_mean": -0.0238, "ndbi_mean": 0.0238 }, "geometry": { "type": "Polygon", "coordinates": [ [ [ 5.255338771375232, 43.449202362866117 ], [ 5.255374037165754, 43.450101663630875 ], [ 5.254139669276459, 43.450127349973378 ], [ 5.254104422765949, 43.449228048790182 ], [ 5.255338771375232, 43.449202362866117 ] ] ] } },
{ "type": "Feature", "properties": { "ndvi_mean": 0.0, "ndmi_mean": 0.0, "ndbi_mean": 0.0 }, "geometry": { "type": "Polygon", "coordinates": [ [ [ 5.215804424581155, 43.449118026369284 ], [ 5.215839072302538, 43.45001733982977 ], [ 5.214604688729782, 43.450042575904845 ], [ 5.214570060289447, 43.449143262033253 ], [ 5.215804424581155, 43.449118026369284 ] ] ] } },
{ "type": "Feature", "properties": { "ndvi_mean": 0.0, "ndmi_mean": 0.0, "ndbi_mean": 0.0 }, "geometry": { "type": "Polygon", "coordinates": [ [ [ 5.217038787789633, 43.449092776647475 ], [ 5.217073454792016, 43.449992089696615 ], [ 5.215839072302538, 43.45001733982977 ], [ 5.215804424581155, 43.449118026369284 ], [ 5.217038787789633, 43.449092776647475 ] ] ] } },
{ "type": "Feature", "properties": { "ndvi_mean": 0.0, "ndmi_mean": 0.0, "ndbi_mean": 0.0 }, "geometry": { "type": "Polygon", "coordinates": [ [ [ 5.218273149914281, 43.449067512867813 ], [ 5.218307836197611, 43.449966825505406 ], [ 5.217073454792016, 43.449992089696615 ], [ 5.217038787789633, 43.449092776647475 ], [ 5.218273149914281, 43.449067512867813 ] ] ] } },
{ "type": "Feature", "properties": { "ndvi_mean": 0.0, "ndmi_mean": 0.0, "ndbi_mean": 0.0 }, "geometry": { "type": "Polygon", "coordinates": [ [ [ 5.219507510954496, 43.449042235030362 ], [ 5.219542216518722, 43.449941547256138 ], [ 5.218307836197611, 43.449966825505406 ], [ 5.218273149914281, 43.449067512867813 ], [ 5.219507510954496, 43.449042235030362 ] ] ] } },
{ "type": "Feature", "properties": { "ndvi_mean": 0.0337, "ndmi_mean": -0.1768, "ndbi_mean": 0.1768 }, "geometry": { "type": "Polygon", "coordinates": [ [ [ 5.220741870909676, 43.449016943135113 ], [ 5.220776595754749, 43.449916254948846 ], [ 5.219542216518722, 43.449941547256138 ], [ 5.219507510954496, 43.449042235030362 ], [ 5.220741870909676, 43.449016943135113 ] ] ] } },
{ "type": "Feature", "properties": { "ndvi_mean": 0.1983, "ndmi_mean": -0.2627, "ndbi_mean": 0.2627 }, "geometry": { "type": "Polygon", "coordinates": [ [ [ 5.221976229779219, 43.448991637182083 ], [ 5.222010973905086, 43.449890948583565 ], [ 5.220776595754749, 43.449916254948846 ], [ 5.220741870909676, 43.449016943135113 ], [ 5.221976229779219, 43.448991637182083 ] ] ] } },
{ "type": "Feature", "properties": { "ndvi_mean": 0.2262, "ndmi_mean": -0.1995, "ndbi_mean": 0.1995 }, "geometry": { "type": "Polygon", "coordinates": [ [ [ 5.223210587562525, 43.448966317171298 ], [ 5.223245350969135, 43.449865628160296 ], [ 5.222010973905086, 43.449890948583565 ], [ 5.221976229779219, 43.448991637182083 ], [ 5.223210587562525, 43.448966317171298 ] ] ] } },
{ "type": "Feature", "properties": { "ndvi_mean": 0.314, "ndmi_mean": -0.1099, "ndbi_mean": 0.1099 }, "geometry": { "type": "Polygon", "coordinates": [ [ [ 5.224444944258989, 43.448940983102773 ], [ 5.224479726946293, 43.449840293679046 ], [ 5.223245350969135, 43.449865628160296 ], [ 5.223210587562525, 43.448966317171298 ], [ 5.224444944258989, 43.448940983102773 ] ] ] } },
{ "type": "Feature", "properties": { "ndvi_mean": 0.0, "ndmi_mean": 0.0, "ndbi_mean": 0.0 }, "geometry": { "type": "Polygon", "coordinates": [ [ [ 5.225679299868013, 43.448915634976544 ], [ 5.225714101835958, 43.449814945139877 ], [ 5.224479726946293, 43.449840293679046 ], [ 5.224444944258989, 43.448940983102773 ], [ 5.225679299868013, 43.448915634976544 ] ] ] } },
{ "type": "Feature", "properties": { "ndvi_mean": 0.1035, "ndmi_mean": 0.12, "ndbi_mean": -0.12 }, "geometry": { "type": "Polygon", "coordinates": [ [ [ 5.226913654388992, 43.448890272792589 ], [ 5.226948475637528, 43.449789582542756 ], [ 5.225714101835958, 43.449814945139877 ], [ 5.225679299868013, 43.448915634976544 ], [ 5.226913654388992, 43.448890272792589 ] ] ] } },
{ "type": "Feature", "properties": { "ndvi_mean": 0.2221, "ndmi_mean": 0.2058, "ndbi_mean": -0.2058 }, "geometry": { "type": "Polygon", "coordinates": [ [ [ 5.228148007821326, 43.44886489655098 ], [ 5.228182848350402, 43.449764205887732 ], [ 5.226948475637528, 43.449789582542756 ], [ 5.226913654388992, 43.448890272792589 ], [ 5.228148007821326, 43.44886489655098 ] ] ] } },
{ "type": "Feature", "properties": { "ndvi_mean": 0.23, "ndmi_mean": 0.0884, "ndbi_mean": -0.0884 }, "geometry": { "type": "Polygon", "coordinates": [ [ [ 5.229382360164412, 43.448839506251723 ], [ 5.229417219973976, 43.44973881517484 ], [ 5.228182848350402, 43.449764205887732 ], [ 5.228148007821326, 43.44886489655098 ], [ 5.229382360164412, 43.448839506251723 ] ] ] } },
{ "type": "Feature", "properties": { "ndvi_mean": 0.8289, "ndmi_mean": 0.1602, "ndbi_mean": -0.1602 }, "geometry": { "type": "Polygon", "coordinates": [ [ [ 5.230616711417649, 43.44881410189479 ], [ 5.230651590507651, 43.449713410404065 ], [ 5.229417219973976, 43.44973881517484 ], [ 5.229382360164412, 43.448839506251723 ], [ 5.230616711417649, 43.44881410189479 ] ] ] } },
{ "type": "Feature", "properties": { "ndvi_mean": 0.4312, "ndmi_mean": -0.0325, "ndbi_mean": 0.0325 }, "geometry": { "type": "Polygon", "coordinates": [ [ [ 5.231851061580433, 43.448788683480267 ], [ 5.231885959950822, 43.449687991575452 ], [ 5.230651590507651, 43.449713410404065 ], [ 5.230616711417649, 43.44881410189479 ], [ 5.231851061580433, 43.448788683480267 ] ] ] } },
{ "type": "Feature", "properties": { "ndvi_mean": 0.5532, "ndmi_mean": 0.0146, "ndbi_mean": -0.0146 }, "geometry": { "type": "Polygon", "coordinates": [ [ [ 5.233085410652166, 43.448763251008117 ], [ 5.233120328302891, 43.449662558688985 ], [ 5.231885959950822, 43.449687991575452 ], [ 5.231851061580433, 43.448788683480267 ], [ 5.233085410652166, 43.448763251008117 ] ] ] } },
{ "type": "Feature", "properties": { "ndvi_mean": 0.5457, "ndmi_mean": -0.0055, "ndbi_mean": 0.0055 }, "geometry": { "type": "Polygon", "coordinates": [ [ [ 5.234319758632244, 43.448737804478412 ], [ 5.234354695563253, 43.449637111744721 ], [ 5.233120328302891, 43.449662558688985 ], [ 5.233085410652166, 43.448763251008117 ], [ 5.234319758632244, 43.448737804478412 ] ] ] } },
{ "type": "Feature", "properties": { "ndvi_mean": 0.5174, "ndmi_mean": -0.0692, "ndbi_mean": 0.0692 }, "geometry": { "type": "Polygon", "coordinates": [ [ [ 5.235554105520064, 43.448712343891131 ], [ 5.235589061731307, 43.449611650742675 ], [ 5.234354695563253, 43.449637111744721 ], [ 5.234319758632244, 43.448737804478412 ], [ 5.235554105520064, 43.448712343891131 ] ] ] } },
{ "type": "Feature", "properties": { "ndvi_mean": 0.4316, "ndmi_mean": -0.059, "ndbi_mean": 0.059 }, "geometry": { "type": "Polygon", "coordinates": [ [ [ 5.236788451315028, 43.448686869246288 ], [ 5.236823426806452, 43.449586175682832 ], [ 5.235589061731307, 43.449611650742675 ], [ 5.235554105520064, 43.448712343891131 ], [ 5.236788451315028, 43.448686869246288 ] ] ] } },
{ "type": "Feature", "properties": { "ndvi_mean": 0.8145, "ndmi_mean": 0.0502, "ndbi_mean": -0.0502 }, "geometry": { "type": "Polygon", "coordinates": [ [ [ 5.238022796016531, 43.448661380543953 ], [ 5.238057790788085, 43.449560686565249 ], [ 5.236823426806452, 43.449586175682832 ], [ 5.236788451315028, 43.448686869246288 ], [ 5.238022796016531, 43.448661380543953 ] ] ] } },
{ "type": "Feature", "properties": { "ndvi_mean": 0.7343, "ndmi_mean": 0.0151, "ndbi_mean": -0.0151 }, "geometry": { "type": "Polygon", "coordinates": [ [ [ 5.239257139623971, 43.448635877784106 ], [ 5.239292153675605, 43.449535183389941 ], [ 5.238057790788085, 43.449560686565249 ], [ 5.238022796016531, 43.448661380543953 ], [ 5.239257139623971, 43.448635877784106 ] ] ] } },
{ "type": "Feature", "properties": { "ndvi_mean": 0.4623, "ndmi_mean": -0.1946, "ndbi_mean": 0.1946 }, "geometry": { "type": "Polygon", "coordinates": [ [ [ 5.240491482136749, 43.448610360966754 ], [ 5.24052651546841, 43.449509666156928 ], [ 5.239292153675605, 43.449535183389941 ], [ 5.239257139623971, 43.448635877784106 ], [ 5.240491482136749, 43.448610360966754 ] ] ] } },
{ "type": "Feature", "properties": { "ndvi_mean": 0.7464, "ndmi_mean": 0.0778, "ndbi_mean": -0.0778 }, "geometry": { "type": "Polygon", "coordinates": [ [ [ 5.241725823554259, 43.448584830091974 ], [ 5.241760876165898, 43.449484134866196 ], [ 5.24052651546841, 43.449509666156928 ], [ 5.240491482136749, 43.448610360966754 ], [ 5.241725823554259, 43.448584830091974 ] ] ] } },
{ "type": "Feature", "properties": { "ndvi_mean": 0.371, "ndmi_mean": -0.1225, "ndbi_mean": 0.1225 }, "geometry": { "type": "Polygon", "coordinates": [ [ [ 5.242960163875904, 43.44855928515971 ], [ 5.242995235767467, 43.44945858951781 ], [ 5.241760876165898, 43.449484134866196 ], [ 5.241725823554259, 43.448584830091974 ], [ 5.242960163875904, 43.44855928515971 ] ] ] } },
{ "type": "Feature", "properties": { "ndvi_mean": 0.2593, "ndmi_mean": -0.162, "ndbi_mean": 0.162 }, "geometry": { "type": "Polygon", "coordinates": [ [ [ 5.244194503101079, 43.448533726170069 ], [ 5.244229594272515, 43.44943303011177 ], [ 5.242995235767467, 43.44945858951781 ], [ 5.242960163875904, 43.44855928515971 ], [ 5.244194503101079, 43.448533726170069 ] ] ] } },
{ "type": "Feature", "properties": { "ndvi_mean": 0.3797, "ndmi_mean": -0.1083, "ndbi_mean": 0.1083 }, "geometry": { "type": "Polygon", "coordinates": [ [ [ 5.245428841229183, 43.448508153122987 ], [ 5.245463951680442, 43.449407456648082 ], [ 5.244229594272515, 43.44943303011177 ], [ 5.244194503101079, 43.448533726170069 ], [ 5.245428841229183, 43.448508153122987 ] ] ] } },
{ "type": "Feature", "properties": { "ndvi_mean": 0.5379, "ndmi_mean": -0.0397, "ndbi_mean": 0.0397 }, "geometry": { "type": "Polygon", "coordinates": [ [ [ 5.246663178259613, 43.448482566018541 ], [ 5.246698307990644, 43.449381869126789 ], [ 5.245463951680442, 43.449407456648082 ], [ 5.245428841229183, 43.448508153122987 ], [ 5.246663178259613, 43.448482566018541 ] ] ] } },
{ "type": "Feature", "properties": { "ndvi_mean": 0.3905, "ndmi_mean": -0.0604, "ndbi_mean": 0.0604 }, "geometry": { "type": "Polygon", "coordinates": [ [ [ 5.24789751419177, 43.44845696485671 ], [ 5.24793266320252, 43.449356267547898 ], [ 5.246698307990644, 43.449381869126789 ], [ 5.246663178259613, 43.448482566018541 ], [ 5.24789751419177, 43.44845696485671 ] ] ] } },
{ "type": "Feature", "properties": { "ndvi_mean": 0.2833, "ndmi_mean": -0.1221, "ndbi_mean": 0.1221 }, "geometry": { "type": "Polygon", "coordinates": [ [ [ 5.249131849025051, 43.448431349637509 ], [ 5.249167017315468, 43.449330651911424 ], [ 5.24793266320252, 43.449356267547898 ], [ 5.24789751419177, 43.44845696485671 ], [ 5.249131849025051, 43.448431349637509 ] ] ] } },
{ "type": "Feature", "properties": { "ndvi_mean": 0.379, "ndmi_mean": -0.0822, "ndbi_mean": 0.0822 }, "geometry": { "type": "Polygon", "coordinates": [ [ [ 5.250366182758854, 43.448405720361002 ], [ 5.250401370328888, 43.449305022217409 ], [ 5.249167017315468, 43.449330651911424 ], [ 5.249131849025051, 43.448431349637509 ], [ 5.250366182758854, 43.448405720361002 ] ] ] } },
{ "type": "Feature", "properties": { "ndvi_mean": 0.6421, "ndmi_mean": 0.0862, "ndbi_mean": -0.0862 }, "geometry": { "type": "Polygon", "coordinates": [ [ [ 5.251600515392576, 43.448380077027196 ], [ 5.251635722242176, 43.449279378465839 ], [ 5.250401370328888, 43.449305022217409 ], [ 5.250366182758854, 43.448405720361002 ], [ 5.251600515392576, 43.448380077027196 ] ] ] } },
{ "type": "Feature", "properties": { "ndvi_mean": 0.7179, "ndmi_mean": 0.0667, "ndbi_mean": -0.0667 }, "geometry": { "type": "Polygon", "coordinates": [ [ [ 5.252834846925618, 43.448354419636111 ], [ 5.25287007305473, 43.449253720656749 ], [ 5.251635722242176, 43.449279378465839 ], [ 5.251600515392576, 43.448380077027196 ], [ 5.252834846925618, 43.448354419636111 ] ] ] } },
{ "type": "Feature", "properties": { "ndvi_mean": 0.5329, "ndmi_mean": -0.0216, "ndbi_mean": 0.0216 }, "geometry": { "type": "Polygon", "coordinates": [ [ [ 5.254069177357375, 43.44832874818772 ], [ 5.254104422765949, 43.449228048790182 ], [ 5.25287007305473, 43.449253720656749 ], [ 5.252834846925618, 43.448354419636111 ], [ 5.254069177357375, 43.44832874818772 ] ] ] } },
{ "type": "Feature", "properties": { "ndvi_mean": 0.3971, "ndmi_mean": -0.0765, "ndbi_mean": 0.0765 }, "geometry": { "type": "Polygon", "coordinates": [ [ [ 5.255303506687248, 43.448303062682122 ], [ 5.255338771375232, 43.449202362866117 ], [ 5.254104422765949, 43.449228048790182 ], [ 5.254069177357375, 43.44832874818772 ], [ 5.255303506687248, 43.448303062682122 ] ] ] } },
{ "type": "Feature", "properties": { "ndvi_mean": 0.0, "ndmi_mean": 0.0, "ndbi_mean": 0.0 }, "geometry": { "type": "Polygon", "coordinates": [ [ [ 5.215769777943001, 43.448218713490007 ], [ 5.215804424581155, 43.449118026369284 ], [ 5.214570060289447, 43.449143262033253 ], [ 5.214535432931741, 43.448243948742856 ], [ 5.215769777943001, 43.448218713490007 ] ] ] } },
{ "type": "Feature", "properties": { "ndvi_mean": 0.0, "ndmi_mean": 0.0, "ndbi_mean": 0.0 }, "geometry": { "type": "Polygon", "coordinates": [ [ [ 5.217004121871083, 43.448193464179511 ], [ 5.217038787789633, 43.449092776647475 ], [ 5.215804424581155, 43.449118026369284 ], [ 5.215769777943001, 43.448218713490007 ], [ 5.217004121871083, 43.448193464179511 ] ] ] } },
{ "type": "Feature", "properties": { "ndvi_mean": 0.0, "ndmi_mean": -0.0397, "ndbi_mean": 0.0397 }, "geometry": { "type": "Polygon", "coordinates": [ [ [ 5.218238464715385, 43.448168200811445 ], [ 5.218273149914281, 43.449067512867813 ], [ 5.217038787789633, 43.449092776647475 ], [ 5.217004121871083, 43.448193464179511 ], [ 5.218238464715385, 43.448168200811445 ] ] ] } },
{ "type": "Feature", "properties": { "ndvi_mean": 0.0377, "ndmi_mean": -0.2897, "ndbi_mean": 0.2897 }, "geometry": { "type": "Polygon", "coordinates": [ [ [ 5.219472806475305, 43.448142923385781 ], [ 5.219507510954496, 43.449042235030362 ], [ 5.218273149914281, 43.449067512867813 ], [ 5.218238464715385, 43.448168200811445 ], [ 5.219472806475305, 43.448142923385781 ] ] ] } },
{ "type": "Feature", "properties": { "ndvi_mean": 0.1402, "ndmi_mean": -0.1628, "ndbi_mean": 0.1628 }, "geometry": { "type": "Polygon", "coordinates": [ [ [ 5.220707147150241, 43.448117631902548 ], [ 5.220741870909676, 43.449016943135113 ], [ 5.219507510954496, 43.449042235030362 ], [ 5.219472806475305, 43.448142923385781 ], [ 5.220707147150241, 43.448117631902548 ] ] ] } },
{ "type": "Feature", "properties": { "ndvi_mean": 0.2062, "ndmi_mean": -0.056, "ndbi_mean": 0.056 }, "geometry": { "type": "Polygon", "coordinates": [ [ [ 5.221941486739592, 43.448092326361774 ], [ 5.221976229779219, 43.448991637182083 ], [ 5.220741870909676, 43.449016943135113 ], [ 5.220707147150241, 43.448117631902548 ], [ 5.221941486739592, 43.448092326361774 ] ] ] } },
{ "type": "Feature", "properties": { "ndvi_mean": 0.2047, "ndmi_mean": -0.1567, "ndbi_mean": 0.1567 }, "geometry": { "type": "Polygon", "coordinates": [ [ [ 5.223175825242755, 43.448067006763473 ], [ 5.223210587562525, 43.448966317171298 ], [ 5.221976229779219, 43.448991637182083 ], [ 5.221941486739592, 43.448092326361774 ], [ 5.223175825242755, 43.448067006763473 ] ] ] } },
{ "type": "Feature", "properties": { "ndvi_mean": 0.218, "ndmi_mean": -0.1431, "ndbi_mean": 0.1431 }, "geometry": { "type": "Polygon", "coordinates": [ [ [ 5.224410162659129, 43.448041673107653 ], [ 5.224444944258989, 43.448940983102773 ], [ 5.223210587562525, 43.448966317171298 ], [ 5.223175825242755, 43.448067006763473 ], [ 5.224410162659129, 43.448041673107653 ] ] ] } },
{ "type": "Feature", "properties": { "ndvi_mean": 0.4431, "ndmi_mean": -0.0139, "ndbi_mean": 0.0139 }, "geometry": { "type": "Polygon", "coordinates": [ [ [ 5.225644498988111, 43.448016325394349 ], [ 5.225679299868013, 43.448915634976544 ], [ 5.224444944258989, 43.448940983102773 ], [ 5.224410162659129, 43.448041673107653 ], [ 5.225644498988111, 43.448016325394349 ] ] ] } },
{ "type": "Feature", "properties": { "ndvi_mean": 0.2664, "ndmi_mean": 0.1425, "ndbi_mean": -0.1425 }, "geometry": { "type": "Polygon", "coordinates": [ [ [ 5.226878834229102, 43.447990963623582 ], [ 5.226913654388992, 43.448890272792589 ], [ 5.225679299868013, 43.448915634976544 ], [ 5.225644498988111, 43.448016325394349 ], [ 5.226878834229102, 43.447990963623582 ] ] ] } },
{ "type": "Feature", "properties": { "ndvi_mean": 0.3176, "ndmi_mean": -0.2629, "ndbi_mean": 0.2629 }, "geometry": { "type": "Polygon", "coordinates": [ [ [ 5.228113168381497, 43.447965587795345 ], [ 5.228148007821326, 43.44886489655098 ], [ 5.226913654388992, 43.448890272792589 ], [ 5.226878834229102, 43.447990963623582 ], [ 5.228113168381497, 43.447965587795345 ] ] ] } },
{ "type": "Feature", "properties": { "ndvi_mean": 0.6166, "ndmi_mean": -0.0478, "ndbi_mean": 0.0478 }, "geometry": { "type": "Polygon", "coordinates": [ [ [ 5.229347501444696, 43.447940197909702 ], [ 5.229382360164412, 43.448839506251723 ], [ 5.228148007821326, 43.44886489655098 ], [ 5.228113168381497, 43.447965587795345 ], [ 5.229347501444696, 43.447940197909702 ] ] ] } },
{ "type": "Feature", "properties": { "ndvi_mean": 0.7647, "ndmi_mean": 0.1323, "ndbi_mean": -0.1323 }, "geometry": { "type": "Polygon", "coordinates": [ [ [ 5.230581833418097, 43.447914793966653 ], [ 5.230616711417649, 43.44881410189479 ], [ 5.229382360164412, 43.448839506251723 ], [ 5.229347501444696, 43.447940197909702 ], [ 5.230581833418097, 43.447914793966653 ] ] ] } },
{ "type": "Feature", "properties": { "ndvi_mean": 0.1974, "ndmi_mean": -0.1448, "ndbi_mean": 0.1448 }, "geometry": { "type": "Polygon", "coordinates": [ [ [ 5.231816164301098, 43.447889375966184 ], [ 5.231851061580433, 43.448788683480267 ], [ 5.230616711417649, 43.44881410189479 ], [ 5.230581833418097, 43.447914793966653 ], [ 5.231816164301098, 43.447889375966184 ] ] ] } },
{ "type": "Feature", "properties": { "ndvi_mean": 0.3003, "ndmi_mean": -0.1485, "ndbi_mean": 0.1485 }, "geometry": { "type": "Polygon", "coordinates": [ [ [ 5.233050494093097, 43.447863943908359 ], [ 5.233085410652166, 43.448763251008117 ], [ 5.231851061580433, 43.448788683480267 ], [ 5.231816164301098, 43.447889375966184 ], [ 5.233050494093097, 43.447863943908359 ] ] ] } },
{ "type": "Feature", "properties": { "ndvi_mean": 0.2853, "ndmi_mean": -0.0197, "ndbi_mean": 0.0197 }, "geometry": { "type": "Polygon", "coordinates": [ [ [ 5.234284822793492, 43.447838497793178 ], [ 5.234319758632244, 43.448737804478412 ], [ 5.233085410652166, 43.448763251008117 ], [ 5.233050494093097, 43.447863943908359 ], [ 5.234284822793492, 43.447838497793178 ] ] ] } },
{ "type": "Feature", "properties": { "ndvi_mean": 0.4599, "ndmi_mean": -0.0645, "ndbi_mean": 0.0645 }, "geometry": { "type": "Polygon", "coordinates": [ [ [ 5.235519150401681, 43.447813037620683 ], [ 5.235554105520064, 43.448712343891131 ], [ 5.234319758632244, 43.448737804478412 ], [ 5.234284822793492, 43.447838497793178 ], [ 5.235519150401681, 43.447813037620683 ] ] ] } },
{ "type": "Feature", "properties": { "ndvi_mean": 0.4949, "ndmi_mean": -0.0448, "ndbi_mean": 0.0448 }, "geometry": { "type": "Polygon", "coordinates": [ [ [ 5.236753476917065, 43.44778756339084 ], [ 5.236788451315028, 43.448686869246288 ], [ 5.235554105520064, 43.448712343891131 ], [ 5.235519150401681, 43.447813037620683 ], [ 5.236753476917065, 43.44778756339084 ] ] ] } },
{ "type": "Feature", "properties": { "ndvi_mean": 0.7397, "ndmi_mean": 0.0178, "ndbi_mean": -0.0178 }, "geometry": { "type": "Polygon", "coordinates": [ [ [ 5.237987802339039, 43.447762075103732 ], [ 5.238022796016531, 43.448661380543953 ], [ 5.236788451315028, 43.448686869246288 ], [ 5.236753476917065, 43.44778756339084 ], [ 5.237987802339039, 43.447762075103732 ] ] ] } },
{ "type": "Feature", "properties": { "ndvi_mean": 0.7921, "ndmi_mean": 0.046, "ndbi_mean": -0.046 }, "geometry": { "type": "Polygon", "coordinates": [ [ [ 5.239222126667002, 43.447736572759332 ], [ 5.239257139623971, 43.448635877784106 ], [ 5.238022796016531, 43.448661380543953 ], [ 5.237987802339039, 43.447762075103732 ], [ 5.239222126667002, 43.447736572759332 ] ] ] } },
{ "type": "Feature", "properties": { "ndvi_mean": 0.5922, "ndmi_mean": -0.1563, "ndbi_mean": 0.1563 }, "geometry": { "type": "Polygon", "coordinates": [ [ [ 5.240456449900353, 43.447711056357683 ], [ 5.240491482136749, 43.448610360966754 ], [ 5.239257139623971, 43.448635877784106 ], [ 5.239222126667002, 43.447736572759332 ], [ 5.240456449900353, 43.447711056357683 ] ] ] } },
{ "type": "Feature", "properties": { "ndvi_mean": 0.4807, "ndmi_mean": -0.0622, "ndbi_mean": 0.0622 }, "geometry": { "type": "Polygon", "coordinates": [ [ [ 5.241690772038489, 43.447685525898791 ], [ 5.241725823554259, 43.448584830091974 ], [ 5.240491482136749, 43.448610360966754 ], [ 5.240456449900353, 43.447711056357683 ], [ 5.241690772038489, 43.447685525898791 ] ] ] } },
{ "type": "Feature", "properties": { "ndvi_mean": 0.4633, "ndmi_mean": -0.0394, "ndbi_mean": 0.0394 }, "geometry": { "type": "Polygon", "coordinates": [ [ [ 5.242925093080809, 43.447659981382685 ], [ 5.242960163875904, 43.44855928515971 ], [ 5.241725823554259, 43.448584830091974 ], [ 5.241690772038489, 43.447685525898791 ], [ 5.242925093080809, 43.447659981382685 ] ] ] } },
{ "type": "Feature", "properties": { "ndvi_mean": 0.4024, "ndmi_mean": -0.1238, "ndbi_mean": 0.1238 }, "geometry": { "type": "Polygon", "coordinates": [ [ [ 5.244159413026713, 43.447634422809394 ], [ 5.244194503101079, 43.448533726170069 ], [ 5.242960163875904, 43.44855928515971 ], [ 5.242925093080809, 43.447659981382685 ], [ 5.244159413026713, 43.447634422809394 ] ] ] } },
{ "type": "Feature", "properties": { "ndvi_mean": 0.4573, "ndmi_mean": -0.069, "ndbi_mean": 0.069 }, "geometry": { "type": "Polygon", "coordinates": [ [ [ 5.245393731875597, 43.447608850178923 ], [ 5.245428841229183, 43.448508153122987 ], [ 5.244194503101079, 43.448533726170069 ], [ 5.244159413026713, 43.447634422809394 ], [ 5.245393731875597, 43.447608850178923 ] ] ] } },
{ "type": "Feature", "properties": { "ndvi_mean": 0.5054, "ndmi_mean": -0.0728, "ndbi_mean": 0.0728 }, "geometry": { "type": "Polygon", "coordinates": [ [ [ 5.246628049626858, 43.447583263491282 ], [ 5.246663178259613, 43.448482566018541 ], [ 5.245428841229183, 43.448508153122987 ], [ 5.245393731875597, 43.447608850178923 ], [ 5.246628049626858, 43.447583263491282 ] ] ] } },
{ "type": "Feature", "properties": { "ndvi_mean": 0.2692, "ndmi_mean": -0.1655, "ndbi_mean": 0.1655 }, "geometry": { "type": "Polygon", "coordinates": [ [ [ 5.247862366279897, 43.447557662746512 ], [ 5.24789751419177, 43.44845696485671 ], [ 5.246663178259613, 43.448482566018541 ], [ 5.246628049626858, 43.447583263491282 ], [ 5.247862366279897, 43.447557662746512 ] ] ] } },
{ "type": "Feature", "properties": { "ndvi_mean": 0.1916, "ndmi_mean": -0.2565, "ndbi_mean": 0.2565 }, "geometry": { "type": "Polygon", "coordinates": [ [ [ 5.249096681834112, 43.44753204794462 ], [ 5.249131849025051, 43.448431349637509 ], [ 5.24789751419177, 43.44845696485671 ], [ 5.247862366279897, 43.447557662746512 ], [ 5.249096681834112, 43.44753204794462 ] ] ] } },
{ "type": "Feature", "properties": { "ndvi_mean": 0.4117, "ndmi_mean": -0.02, "ndbi_mean": 0.02 }, "geometry": { "type": "Polygon", "coordinates": [ [ [ 5.250330996288899, 43.447506419085641 ], [ 5.250366182758854, 43.448405720361002 ], [ 5.249131849025051, 43.448431349637509 ], [ 5.249096681834112, 43.44753204794462 ], [ 5.250330996288899, 43.447506419085641 ] ] ] } },
{ "type": "Feature", "properties": { "ndvi_mean": 0.8759, "ndmi_mean": 0.2373, "ndbi_mean": -0.2373 }, "geometry": { "type": "Polygon", "coordinates": [ [ [ 5.251565309643659, 43.447480776169556 ], [ 5.251600515392576, 43.448380077027196 ], [ 5.250366182758854, 43.448405720361002 ], [ 5.250330996288899, 43.447506419085641 ], [ 5.251565309643659, 43.447480776169556 ] ] ] } },
{ "type": "Feature", "properties": { "ndvi_mean": 0.5873, "ndmi_mean": 0.034, "ndbi_mean": -0.034 }, "geometry": { "type": "Polygon", "coordinates": [ [ [ 5.25279962189779, 43.44745511919642 ], [ 5.252834846925618, 43.448354419636111 ], [ 5.251600515392576, 43.448380077027196 ], [ 5.251565309643659, 43.447480776169556 ], [ 5.25279962189779, 43.44745511919642 ] ] ] } },
{ "type": "Feature", "properties": { "ndvi_mean": 0.6137, "ndmi_mean": 0.015, "ndbi_mean": -0.015 }, "geometry": { "type": "Polygon", "coordinates": [ [ [ 5.254033933050688, 43.447429448166254 ], [ 5.254069177357375, 43.44832874818772 ], [ 5.252834846925618, 43.448354419636111 ], [ 5.25279962189779, 43.44745511919642 ], [ 5.254033933050688, 43.447429448166254 ] ] ] } },
{ "type": "Feature", "properties": { "ndvi_mean": 0.4079, "ndmi_mean": -0.0961, "ndbi_mean": 0.0961 }, "geometry": { "type": "Polygon", "coordinates": [ [ [ 5.255268243101752, 43.44740376307908 ], [ 5.255303506687248, 43.448303062682122 ], [ 5.254069177357375, 43.44832874818772 ], [ 5.254033933050688, 43.447429448166254 ], [ 5.255268243101752, 43.44740376307908 ] ] ] } },
{ "type": "Feature", "properties": { "ndvi_mean": 0.0, "ndmi_mean": 0.0, "ndbi_mean": 0.0 }, "geometry": { "type": "Polygon", "coordinates": [ [ [ 5.215735132388025, 43.44731940119209 ], [ 5.215769777943001, 43.448218713490007 ], [ 5.214535432931741, 43.448243948742856 ], [ 5.21450080665661, 43.447344636033847 ], [ 5.215735132388025, 43.44731940119209 ] ] ] } },
{ "type": "Feature", "properties": { "ndvi_mean": 0.0188, "ndmi_mean": -0.1115, "ndbi_mean": 0.1115 }, "geometry": { "type": "Polygon", "coordinates": [ [ [ 5.216969457036312, 43.447294152292955 ], [ 5.217004121871083, 43.448193464179511 ], [ 5.215769777943001, 43.448218713490007 ], [ 5.215735132388025, 43.44731940119209 ], [ 5.216969457036312, 43.447294152292955 ] ] ] } },
{ "type": "Feature", "properties": { "ndvi_mean": 0.131, "ndmi_mean": -0.2823, "ndbi_mean": 0.2823 }, "geometry": { "type": "Polygon", "coordinates": [ [ [ 5.21820378060087, 43.447268889336435 ], [ 5.218238464715385, 43.448168200811445 ], [ 5.217004121871083, 43.448193464179511 ], [ 5.216969457036312, 43.447294152292955 ], [ 5.21820378060087, 43.447268889336435 ] ] ] } },
{ "type": "Feature", "properties": { "ndvi_mean": 0.1238, "ndmi_mean": -0.1292, "ndbi_mean": 0.1292 }, "geometry": { "type": "Polygon", "coordinates": [ [ [ 5.219438103081098, 43.447243612322559 ], [ 5.219472806475305, 43.448142923385781 ], [ 5.218238464715385, 43.448168200811445 ], [ 5.21820378060087, 43.447268889336435 ], [ 5.219438103081098, 43.447243612322559 ] ] ] } },
{ "type": "Feature", "properties": { "ndvi_mean": 0.1096, "ndmi_mean": -0.1187, "ndbi_mean": 0.1187 }, "geometry": { "type": "Polygon", "coordinates": [ [ [ 5.220672424476391, 43.447218321251334 ], [ 5.220707147150241, 43.448117631902548 ], [ 5.219472806475305, 43.448142923385781 ], [ 5.219438103081098, 43.447243612322559 ], [ 5.220672424476391, 43.447218321251334 ] ] ] } },
{ "type": "Feature", "properties": { "ndvi_mean": 0.1745, "ndmi_mean": -0.1083, "ndbi_mean": 0.1083 }, "geometry": { "type": "Polygon", "coordinates": [ [ [ 5.221906744786152, 43.447193016122803 ], [ 5.221941486739592, 43.448092326361774 ], [ 5.220707147150241, 43.448117631902548 ], [ 5.220672424476391, 43.447218321251334 ], [ 5.221906744786152, 43.447193016122803 ] ] ] } },
{ "type": "Feature", "properties": { "ndvi_mean": 0.0957, "ndmi_mean": -0.1281, "ndbi_mean": 0.1281 }, "geometry": { "type": "Polygon", "coordinates": [ [ [ 5.223141064009774, 43.447167696936951 ], [ 5.223175825242755, 43.448067006763473 ], [ 5.221941486739592, 43.448092326361774 ], [ 5.221906744786152, 43.447193016122803 ], [ 5.223141064009774, 43.447167696936951 ] ] ] } },
{ "type": "Feature", "properties": { "ndvi_mean": 0.095, "ndmi_mean": -0.1235, "ndbi_mean": 0.1235 }, "geometry": { "type": "Polygon", "coordinates": [ [ [ 5.224375382146659, 43.447142363693857 ], [ 5.224410162659129, 43.448041673107653 ], [ 5.223175825242755, 43.448067006763473 ], [ 5.223141064009774, 43.447167696936951 ], [ 5.224375382146659, 43.447142363693857 ] ] ] } },
{ "type": "Feature", "properties": { "ndvi_mean": 0.3058, "ndmi_mean": -0.0832, "ndbi_mean": 0.0832 }, "geometry": { "type": "Polygon", "coordinates": [ [ [ 5.225609699196203, 43.447117016393477 ], [ 5.225644498988111, 43.448016325394349 ], [ 5.224410162659129, 43.448041673107653 ], [ 5.224375382146659, 43.447142363693857 ], [ 5.225609699196203, 43.447117016393477 ] ] ] } },
{ "type": "Feature", "properties": { "ndvi_mean": 0.5776, "ndmi_mean": -0.204, "ndbi_mean": 0.204 }, "geometry": { "type": "Polygon", "coordinates": [ [ [ 5.226844015157806, 43.447091655035884 ], [ 5.226878834229102, 43.447990963623582 ], [ 5.225644498988111, 43.448016325394349 ], [ 5.225609699196203, 43.447117016393477 ], [ 5.226844015157806, 43.447091655035884 ] ] ] } },
{ "type": "Feature", "properties": { "ndvi_mean": 0.4758, "ndmi_mean": -0.1514, "ndbi_mean": 0.1514 }, "geometry": { "type": "Polygon", "coordinates": [ [ [ 5.228078330030865, 43.447066279621041 ], [ 5.228113168381497, 43.447965587795345 ], [ 5.226878834229102, 43.447990963623582 ], [ 5.226844015157806, 43.447091655035884 ], [ 5.228078330030865, 43.447066279621041 ] ] ] } },
{ "type": "Feature", "properties": { "ndvi_mean": 0.8046, "ndmi_mean": -0.0025, "ndbi_mean": 0.0025 }, "geometry": { "type": "Polygon", "coordinates": [ [ [ 5.229312643814779, 43.447040890149012 ], [ 5.229347501444696, 43.447940197909702 ], [ 5.228113168381497, 43.447965587795345 ], [ 5.228078330030865, 43.447066279621041 ], [ 5.229312643814779, 43.447040890149012 ] ] ] } },
{ "type": "Feature", "properties": { "ndvi_mean": 0.7636, "ndmi_mean": 0.0433, "ndbi_mean": -0.0433 }, "geometry": { "type": "Polygon", "coordinates": [ [ [ 5.230546956508945, 43.447015486619783 ], [ 5.230581833418097, 43.447914793966653 ], [ 5.229347501444696, 43.447940197909702 ], [ 5.229312643814779, 43.447040890149012 ], [ 5.230546956508945, 43.447015486619783 ] ] ] } },
{ "type": "Feature", "properties": { "ndvi_mean": 0.4308, "ndmi_mean": -0.076, "ndbi_mean": 0.076 }, "geometry": { "type": "Polygon", "coordinates": [ [ [ 5.231781268112763, 43.446990069033426 ], [ 5.231816164301098, 43.447889375966184 ], [ 5.230581833418097, 43.447914793966653 ], [ 5.230546956508945, 43.447015486619783 ], [ 5.231781268112763, 43.446990069033426 ] ] ] } },
{ "type": "Feature", "properties": { "ndvi_mean": 0.2731, "ndmi_mean": -0.1244, "ndbi_mean": 0.1244 }, "geometry": { "type": "Polygon", "coordinates": [ [ [ 5.23301557862563, 43.44696463738989 ], [ 5.233050494093097, 43.447863943908359 ], [ 5.231816164301098, 43.447889375966184 ], [ 5.231781268112763, 43.446990069033426 ], [ 5.23301557862563, 43.44696463738989 ] ] ] } },
{ "type": "Feature", "properties": { "ndvi_mean": 0.4862, "ndmi_mean": -0.0118, "ndbi_mean": 0.0118 }, "geometry": { "type": "Polygon", "coordinates": [ [ [ 5.234249888046945, 43.446939191689239 ], [ 5.234284822793492, 43.447838497793178 ], [ 5.233050494093097, 43.447863943908359 ], [ 5.23301557862563, 43.44696463738989 ], [ 5.234249888046945, 43.446939191689239 ] ] ] } },
{ "type": "Feature", "properties": { "ndvi_mean": 0.5289, "ndmi_mean": -0.0299, "ndbi_mean": 0.0299 }, "geometry": { "type": "Polygon", "coordinates": [ [ [ 5.235484196376104, 43.446913731931481 ], [ 5.235519150401681, 43.447813037620683 ], [ 5.234284822793492, 43.447838497793178 ], [ 5.234249888046945, 43.446939191689239 ], [ 5.235484196376104, 43.446913731931481 ] ] ] } },
{ "type": "Feature", "properties": { "ndvi_mean": 0.619, "ndmi_mean": -0.0442, "ndbi_mean": 0.0442 }, "geometry": { "type": "Polygon", "coordinates": [ [ [ 5.23671850361251, 43.446888258116651 ], [ 5.236753476917065, 43.44778756339084 ], [ 5.235519150401681, 43.447813037620683 ], [ 5.235484196376104, 43.446913731931481 ], [ 5.23671850361251, 43.446888258116651 ] ] ] } },
{ "type": "Feature", "properties": { "ndvi_mean": 0.7405, "ndmi_mean": -0.0168, "ndbi_mean": 0.0168 }, "geometry": { "type": "Polygon", "coordinates": [ [ [ 5.237952809755557, 43.446862770244756 ], [ 5.237987802339039, 43.447762075103732 ], [ 5.236753476917065, 43.44778756339084 ], [ 5.23671850361251, 43.446888258116651 ], [ 5.237952809755557, 43.446862770244756 ] ] ] } },
{ "type": "Feature", "properties": { "ndvi_mean": 0.7584, "ndmi_mean": 0.0488, "ndbi_mean": -0.0488 }, "geometry": { "type": "Polygon", "coordinates": [ [ [ 5.239187114804644, 43.446837268315818 ], [ 5.239222126667002, 43.447736572759332 ], [ 5.237987802339039, 43.447762075103732 ], [ 5.237952809755557, 43.446862770244756 ], [ 5.239187114804644, 43.446837268315818 ] ] ] } },
{ "type": "Feature", "properties": { "ndvi_mean": 0.574, "ndmi_mean": -0.1304, "ndbi_mean": 0.1304 }, "geometry": { "type": "Polygon", "coordinates": [ [ [ 5.240421418759171, 43.446811752329843 ], [ 5.240456449900353, 43.447711056357683 ], [ 5.239222126667002, 43.447736572759332 ], [ 5.239187114804644, 43.446837268315818 ], [ 5.240421418759171, 43.446811752329843 ] ] ] } },
{ "type": "Feature", "properties": { "ndvi_mean": 0.2524, "ndmi_mean": -0.1931, "ndbi_mean": 0.1931 }, "geometry": { "type": "Polygon", "coordinates": [ [ [ 5.241655721618534, 43.446786222286853 ], [ 5.241690772038489, 43.447685525898791 ], [ 5.240456449900353, 43.447711056357683 ], [ 5.240421418759171, 43.446811752329843 ], [ 5.241655721618534, 43.446786222286853 ] ] ] } },
{ "type": "Feature", "properties": { "ndvi_mean": 0.3465, "ndmi_mean": -0.1326, "ndbi_mean": 0.1326 }, "geometry": { "type": "Polygon", "coordinates": [ [ [ 5.242890023382134, 43.446760678186884 ], [ 5.242925093080809, 43.447659981382685 ], [ 5.241690772038489, 43.447685525898791 ], [ 5.241655721618534, 43.446786222286853 ], [ 5.242890023382134, 43.446760678186884 ] ] ] } },
{ "type": "Feature", "properties": { "ndvi_mean": 0.308, "ndmi_mean": -0.1222, "ndbi_mean": 0.1222 }, "geometry": { "type": "Polygon", "coordinates": [ [ [ 5.244124324049365, 43.446735120029949 ], [ 5.244159413026713, 43.447634422809394 ], [ 5.242925093080809, 43.447659981382685 ], [ 5.242890023382134, 43.446760678186884 ], [ 5.244124324049365, 43.446735120029949 ] ] ] } },
{ "type": "Feature", "properties": { "ndvi_mean": 0.2685, "ndmi_mean": -0.105, "ndbi_mean": 0.105 }, "geometry": { "type": "Polygon", "coordinates": [ [ [ 5.24535862361963, 43.446709547816077 ], [ 5.245393731875597, 43.447608850178923 ], [ 5.244159413026713, 43.447634422809394 ], [ 5.244124324049365, 43.446735120029949 ], [ 5.24535862361963, 43.446709547816077 ] ] ] } },
{ "type": "Feature", "properties": { "ndvi_mean": 0.4658, "ndmi_mean": -0.1391, "ndbi_mean": 0.1391 }, "geometry": { "type": "Polygon", "coordinates": [ [ [ 5.246592922092325, 43.446683961545247 ], [ 5.246628049626858, 43.447583263491282 ], [ 5.245393731875597, 43.447608850178923 ], [ 5.24535862361963, 43.446709547816077 ], [ 5.246592922092325, 43.446683961545247 ] ] ] } },
{ "type": "Feature", "properties": { "ndvi_mean": 0.2436, "ndmi_mean": -0.1097, "ndbi_mean": 0.1097 }, "geometry": { "type": "Polygon", "coordinates": [ [ [ 5.247827219466847, 43.44665836121753 ], [ 5.247862366279897, 43.447557662746512 ], [ 5.246628049626858, 43.447583263491282 ], [ 5.246592922092325, 43.446683961545247 ], [ 5.247827219466847, 43.44665836121753 ] ] ] } },
{ "type": "Feature", "properties": { "ndvi_mean": 0.2974, "ndmi_mean": -0.1269, "ndbi_mean": 0.1269 }, "geometry": { "type": "Polygon", "coordinates": [ [ [ 5.249061515742598, 43.446632746832918 ], [ 5.249096681834112, 43.44753204794462 ], [ 5.247862366279897, 43.447557662746512 ], [ 5.247827219466847, 43.44665836121753 ], [ 5.249061515742598, 43.446632746832918 ] ] ] } },
{ "type": "Feature", "properties": { "ndvi_mean": 0.1165, "ndmi_mean": -0.1946, "ndbi_mean": 0.1946 }, "geometry": { "type": "Polygon", "coordinates": [ [ [ 5.250295810918973, 43.446607118391427 ], [ 5.250330996288899, 43.447506419085641 ], [ 5.249096681834112, 43.44753204794462 ], [ 5.249061515742598, 43.446632746832918 ], [ 5.250295810918973, 43.446607118391427 ] ] ] } },
{ "type": "Feature", "properties": { "ndvi_mean": 0.5061, "ndmi_mean": -0.0729, "ndbi_mean": 0.0729 }, "geometry": { "type": "Polygon", "coordinates": [ [ [ 5.251530104995372, 43.446581475893097 ], [ 5.251565309643659, 43.447480776169556 ], [ 5.250330996288899, 43.447506419085641 ], [ 5.250295810918973, 43.446607118391427 ], [ 5.251530104995372, 43.446581475893097 ] ] ] } },
{ "type": "Feature", "properties": { "ndvi_mean": 0.5841, "ndmi_mean": -0.0565, "ndbi_mean": 0.0565 }, "geometry": { "type": "Polygon", "coordinates": [ [ [ 5.252764397971192, 43.446555819337931 ], [ 5.25279962189779, 43.44745511919642 ], [ 5.251565309643659, 43.447480776169556 ], [ 5.251530104995372, 43.446581475893097 ], [ 5.252764397971192, 43.446555819337931 ] ] ] } },
{ "type": "Feature", "properties": { "ndvi_mean": 0.6319, "ndmi_mean": 0.0123, "ndbi_mean": -0.0123 }, "geometry": { "type": "Polygon", "coordinates": [ [ [ 5.253998689845832, 43.446530148725948 ], [ 5.254033933050688, 43.447429448166254 ], [ 5.25279962189779, 43.44745511919642 ], [ 5.252764397971192, 43.446555819337931 ], [ 5.253998689845832, 43.446530148725948 ] ] ] } },
{ "type": "Feature", "properties": { "ndvi_mean": 0.385, "ndmi_mean": -0.115, "ndbi_mean": 0.115 }, "geometry": { "type": "Polygon", "coordinates": [ [ [ 5.255232980618691, 43.446504464057199 ], [ 5.255268243101752, 43.44740376307908 ], [ 5.254033933050688, 43.447429448166254 ], [ 5.253998689845832, 43.446530148725948 ], [ 5.255232980618691, 43.446504464057199 ] ] ] } },
{ "type": "Feature", "properties": { "ndvi_mean": 0.0911, "ndmi_mean": -0.2306, "ndbi_mean": 0.2306 }, "geometry": { "type": "Polygon", "coordinates": [ [ [ 5.215700487916176, 43.446420089475815 ], [ 5.215735132388025, 43.44731940119209 ], [ 5.21450080665661, 43.447344636033847 ], [ 5.214466181464005, 43.446445323906474 ], [ 5.215700487916176, 43.446420089475815 ] ] ] } },
{ "type": "Feature", "properties": { "ndvi_mean": 0.1841, "ndmi_mean": -0.1586, "ndbi_mean": 0.1586 }, "geometry": { "type": "Polygon", "coordinates": [ [ [ 5.216934793285271, 43.446394840987992 ], [ 5.216969457036312, 43.447294152292955 ], [ 5.215735132388025, 43.44731940119209 ], [ 5.215700487916176, 43.446420089475815 ], [ 5.216934793285271, 43.446394840987992 ] ] ] } },
{ "type": "Feature", "properties": { "ndvi_mean": 0.0699, "ndmi_mean": -0.1263, "ndbi_mean": 0.1263 }, "geometry": { "type": "Polygon", "coordinates": [ [ [ 5.218169097570687, 43.446369578443012 ], [ 5.21820378060087, 43.447268889336435 ], [ 5.216969457036312, 43.447294152292955 ], [ 5.216934793285271, 43.446394840987992 ], [ 5.218169097570687, 43.446369578443012 ] ] ] } },
{ "type": "Feature", "properties": { "ndvi_mean": 0.1249, "ndmi_mean": -0.1402, "ndbi_mean": 0.1402 }, "geometry": { "type": "Polygon", "coordinates": [ [ [ 5.219403400771824, 43.446344301840909 ], [ 5.219438103081098, 43.447243612322559 ], [ 5.21820378060087, 43.447268889336435 ], [ 5.218169097570687, 43.446369578443012 ], [ 5.219403400771824, 43.446344301840909 ] ] ] } },
{ "type": "Feature", "properties": { "ndvi_mean": 0.0988, "ndmi_mean": -0.1305, "ndbi_mean": 0.1305 }, "geometry": { "type": "Polygon", "coordinates": [ [ [ 5.220637702888077, 43.446319011181721 ], [ 5.220672424476391, 43.447218321251334 ], [ 5.219438103081098, 43.447243612322559 ], [ 5.219403400771824, 43.446344301840909 ], [ 5.220637702888077, 43.446319011181721 ] ] ] } },
{ "type": "Feature", "properties": { "ndvi_mean": 0.0787, "ndmi_mean": -0.1371, "ndbi_mean": 0.1371 }, "geometry": { "type": "Polygon", "coordinates": [ [ [ 5.221872003918848, 43.446293706465426 ], [ 5.221906744786152, 43.447193016122803 ], [ 5.220672424476391, 43.447218321251334 ], [ 5.220637702888077, 43.446319011181721 ], [ 5.221872003918848, 43.446293706465426 ] ] ] } },
{ "type": "Feature", "properties": { "ndvi_mean": 0.1044, "ndmi_mean": -0.1235, "ndbi_mean": 0.1235 }, "geometry": { "type": "Polygon", "coordinates": [ [ [ 5.223106303863532, 43.446268387692044 ], [ 5.223141064009774, 43.447167696936951 ], [ 5.221906744786152, 43.447193016122803 ], [ 5.221872003918848, 43.446293706465426 ], [ 5.223106303863532, 43.446268387692044 ] ] ] } },
{ "type": "Feature", "properties": { "ndvi_mean": 0.0816, "ndmi_mean": -0.1419, "ndbi_mean": 0.1419 }, "geometry": { "type": "Polygon", "coordinates": [ [ [ 5.224340602721529, 43.446243054861625 ], [ 5.224375382146659, 43.447142363693857 ], [ 5.223141064009774, 43.447167696936951 ], [ 5.223106303863532, 43.446268387692044 ], [ 5.224340602721529, 43.446243054861625 ] ] ] } },
{ "type": "Feature", "properties": { "ndvi_mean": 0.2657, "ndmi_mean": -0.1353, "ndbi_mean": 0.1353 }, "geometry": { "type": "Polygon", "coordinates": [ [ [ 5.225574900492236, 43.446217707974185 ], [ 5.225609699196203, 43.447117016393477 ], [ 5.224375382146659, 43.447142363693857 ], [ 5.224340602721529, 43.446243054861625 ], [ 5.225574900492236, 43.446217707974185 ] ] ] } },
{ "type": "Feature", "properties": { "ndvi_mean": 0.4603, "ndmi_mean": -0.1312, "ndbi_mean": 0.1312 }, "geometry": { "type": "Polygon", "coordinates": [ [ [ 5.226809197175054, 43.446192347029715 ], [ 5.226844015157806, 43.447091655035884 ], [ 5.225609699196203, 43.447117016393477 ], [ 5.225574900492236, 43.446217707974185 ], [ 5.226809197175054, 43.446192347029715 ] ] ] } },
{ "type": "Feature", "properties": { "ndvi_mean": 0.4486, "ndmi_mean": -0.0533, "ndbi_mean": 0.0533 }, "geometry": { "type": "Polygon", "coordinates": [ [ [ 5.228043492769379, 43.44616697202828 ], [ 5.228078330030865, 43.447066279621041 ], [ 5.226844015157806, 43.447091655035884 ], [ 5.226809197175054, 43.446192347029715 ], [ 5.228043492769379, 43.44616697202828 ] ] ] } },
{ "type": "Feature", "properties": { "ndvi_mean": 0.6716, "ndmi_mean": 0.0089, "ndbi_mean": -0.0089 }, "geometry": { "type": "Polygon", "coordinates": [ [ [ 5.229277787274609, 43.446141582969865 ], [ 5.229312643814779, 43.447040890149012 ], [ 5.228078330030865, 43.447066279621041 ], [ 5.228043492769379, 43.44616697202828 ], [ 5.229277787274609, 43.446141582969865 ] ] ] } },
{ "type": "Feature", "properties": { "ndvi_mean": 0.6567, "ndmi_mean": -0.1279, "ndbi_mean": 0.1279 }, "geometry": { "type": "Polygon", "coordinates": [ [ [ 5.230512080690144, 43.446116179854492 ], [ 5.230546956508945, 43.447015486619783 ], [ 5.229312643814779, 43.447040890149012 ], [ 5.229277787274609, 43.446141582969865 ], [ 5.230512080690144, 43.446116179854492 ] ] ] } },
{ "type": "Feature", "properties": { "ndvi_mean": 0.3256, "ndmi_mean": -0.0686, "ndbi_mean": 0.0686 }, "geometry": { "type": "Polygon", "coordinates": [ [ [ 5.23174637301538, 43.446090762682161 ], [ 5.231781268112763, 43.446990069033426 ], [ 5.230546956508945, 43.447015486619783 ], [ 5.230512080690144, 43.446116179854492 ], [ 5.23174637301538, 43.446090762682161 ] ] ] } },
{ "type": "Feature", "properties": { "ndvi_mean": 0.2467, "ndmi_mean": -0.1038, "ndbi_mean": 0.1038 }, "geometry": { "type": "Polygon", "coordinates": [ [ [ 5.232980664249717, 43.446065331452935 ], [ 5.23301557862563, 43.44696463738989 ], [ 5.231781268112763, 43.446990069033426 ], [ 5.23174637301538, 43.446090762682161 ], [ 5.232980664249717, 43.446065331452935 ] ] ] } },
{ "type": "Feature", "properties": { "ndvi_mean": 0.3, "ndmi_mean": -0.0781, "ndbi_mean": 0.0781 }, "geometry": { "type": "Polygon", "coordinates": [ [ [ 5.234214954392552, 43.446039886166822 ], [ 5.234249888046945, 43.446939191689239 ], [ 5.23301557862563, 43.44696463738989 ], [ 5.232980664249717, 43.446065331452935 ], [ 5.234214954392552, 43.446039886166822 ] ] ] } },
{ "type": "Feature", "properties": { "ndvi_mean": 0.726, "ndmi_mean": 0.1524, "ndbi_mean": -0.1524 }, "geometry": { "type": "Polygon", "coordinates": [ [ [ 5.235449243443284, 43.446014426823822 ], [ 5.235484196376104, 43.446913731931481 ], [ 5.234249888046945, 43.446939191689239 ], [ 5.234214954392552, 43.446039886166822 ], [ 5.235449243443284, 43.446014426823822 ] ] ] } },
{ "type": "Feature", "properties": { "ndvi_mean": 0.3809, "ndmi_mean": -0.0872, "ndbi_mean": 0.0872 }, "geometry": { "type": "Polygon", "coordinates": [ [ [ 5.236683531401312, 43.445988953423978 ], [ 5.23671850361251, 43.446888258116651 ], [ 5.235484196376104, 43.446913731931481 ], [ 5.235449243443284, 43.446014426823822 ], [ 5.236683531401312, 43.445988953423978 ] ] ] } },
{ "type": "Feature", "properties": { "ndvi_mean": 0.745, "ndmi_mean": -0.0588, "ndbi_mean": 0.0588 }, "geometry": { "type": "Polygon", "coordinates": [ [ [ 5.237917818266035, 43.445963465967289 ], [ 5.237952809755557, 43.446862770244756 ], [ 5.23671850361251, 43.446888258116651 ], [ 5.236683531401312, 43.445988953423978 ], [ 5.237917818266035, 43.445963465967289 ] ] ] } },
{ "type": "Feature", "properties": { "ndvi_mean": 0.6059, "ndmi_mean": 0.0287, "ndbi_mean": -0.0287 }, "geometry": { "type": "Polygon", "coordinates": [ [ [ 5.239152104036848, 43.445937964453776 ], [ 5.239187114804644, 43.446837268315818 ], [ 5.237952809755557, 43.446862770244756 ], [ 5.237917818266035, 43.445963465967289 ], [ 5.239152104036848, 43.445937964453776 ] ] ] } },
{ "type": "Feature", "properties": { "ndvi_mean": 0.3657, "ndmi_mean": -0.1292, "ndbi_mean": 0.1292 }, "geometry": { "type": "Polygon", "coordinates": [ [ [ 5.240386388713152, 43.445912448883462 ], [ 5.240421418759171, 43.446811752329843 ], [ 5.239187114804644, 43.446837268315818 ], [ 5.239152104036848, 43.445937964453776 ], [ 5.240386388713152, 43.445912448883462 ] ] ] } },
{ "type": "Feature", "properties": { "ndvi_mean": 0.3468, "ndmi_mean": -0.1806, "ndbi_mean": 0.1806 }, "geometry": { "type": "Polygon", "coordinates": [ [ [ 5.241620672294344, 43.445886919256395 ], [ 5.241655721618534, 43.446786222286853 ], [ 5.240421418759171, 43.446811752329843 ], [ 5.240386388713152, 43.445912448883462 ], [ 5.241620672294344, 43.445886919256395 ] ] ] } },
{ "type": "Feature", "properties": { "ndvi_mean": 0.3287, "ndmi_mean": -0.1845, "ndbi_mean": 0.1845 }, "geometry": { "type": "Polygon", "coordinates": [ [ [ 5.242854954779823, 43.445861375572534 ], [ 5.242890023382134, 43.446760678186884 ], [ 5.241655721618534, 43.446786222286853 ], [ 5.241620672294344, 43.445886919256395 ], [ 5.242854954779823, 43.445861375572534 ] ] ] } },
{ "type": "Feature", "properties": { "ndvi_mean": 0.1757, "ndmi_mean": -0.1428, "ndbi_mean": 0.1428 }, "geometry": { "type": "Polygon", "coordinates": [ [ [ 5.244089236168987, 43.445835817831963 ], [ 5.244124324049365, 43.446735120029949 ], [ 5.242890023382134, 43.446760678186884 ], [ 5.242854954779823, 43.445861375572534 ], [ 5.244089236168987, 43.445835817831963 ] ] ] } },
{ "type": "Feature", "properties": { "ndvi_mean": 0.2221, "ndmi_mean": -0.0859, "ndbi_mean": 0.0859 }, "geometry": { "type": "Polygon", "coordinates": [ [ [ 5.245323516461235, 43.445810246034668 ], [ 5.24535862361963, 43.446709547816077 ], [ 5.244124324049365, 43.446735120029949 ], [ 5.244089236168987, 43.445835817831963 ], [ 5.245323516461235, 43.445810246034668 ] ] ] } },
{ "type": "Feature", "properties": { "ndvi_mean": 0.3691, "ndmi_mean": -0.23, "ndbi_mean": 0.23 }, "geometry": { "type": "Polygon", "coordinates": [ [ [ 5.246557795655963, 43.445784660180678 ], [ 5.246592922092325, 43.446683961545247 ], [ 5.24535862361963, 43.446709547816077 ], [ 5.245323516461235, 43.445810246034668 ], [ 5.246557795655963, 43.445784660180678 ] ] ] } },
{ "type": "Feature", "properties": { "ndvi_mean": 0.2874, "ndmi_mean": -0.1525, "ndbi_mean": 0.1525 }, "geometry": { "type": "Polygon", "coordinates": [ [ [ 5.247792073752573, 43.445759060269992 ], [ 5.247827219466847, 43.44665836121753 ], [ 5.246592922092325, 43.446683961545247 ], [ 5.246557795655963, 43.445784660180678 ], [ 5.247792073752573, 43.445759060269992 ] ] ] } },
{ "type": "Feature", "properties": { "ndvi_mean": 0.5596, "ndmi_mean": 0.0004, "ndbi_mean": -0.0004 }, "geometry": { "type": "Polygon", "coordinates": [ [ [ 5.24902635075046, 43.44573344630264 ], [ 5.249061515742598, 43.446632746832918 ], [ 5.247827219466847, 43.44665836121753 ], [ 5.247792073752573, 43.445759060269992 ], [ 5.24902635075046, 43.44573344630264 ] ] ] } },
{ "type": "Feature", "properties": { "ndvi_mean": 0.4637, "ndmi_mean": -0.0433, "ndbi_mean": 0.0433 }, "geometry": { "type": "Polygon", "coordinates": [ [ [ 5.250260626649024, 43.445707818278663 ], [ 5.250295810918973, 43.446607118391427 ], [ 5.249061515742598, 43.446632746832918 ], [ 5.24902635075046, 43.44573344630264 ], [ 5.250260626649024, 43.445707818278663 ] ] ] } },
{ "type": "Feature", "properties": { "ndvi_mean": 0.6198, "ndmi_mean": 0.0243, "ndbi_mean": -0.0243 }, "geometry": { "type": "Polygon", "coordinates": [ [ [ 5.251494901447663, 43.445682176198055 ], [ 5.251530104995372, 43.446581475893097 ], [ 5.250295810918973, 43.446607118391427 ], [ 5.250260626649024, 43.445707818278663 ], [ 5.251494901447663, 43.445682176198055 ] ] ] } },
{ "type": "Feature", "properties": { "ndvi_mean": 0.7505, "ndmi_mean": 0.028, "ndbi_mean": -0.028 }, "geometry": { "type": "Polygon", "coordinates": [ [ [ 5.252729175145776, 43.445656520060851 ], [ 5.252764397971192, 43.446555819337931 ], [ 5.251530104995372, 43.446581475893097 ], [ 5.251494901447663, 43.445682176198055 ], [ 5.252729175145776, 43.445656520060851 ] ] ] } },
{ "type": "Feature", "properties": { "ndvi_mean": 0.8002, "ndmi_mean": 0.0601, "ndbi_mean": -0.0601 }, "geometry": { "type": "Polygon", "coordinates": [ [ [ 5.253963447742759, 43.445630849867051 ], [ 5.253998689845832, 43.446530148725948 ], [ 5.252764397971192, 43.446555819337931 ], [ 5.252729175145776, 43.445656520060851 ], [ 5.253963447742759, 43.445630849867051 ] ] ] } },
{ "type": "Feature", "properties": { "ndvi_mean": 0.4552, "ndmi_mean": -0.0201, "ndbi_mean": 0.0201 }, "geometry": { "type": "Polygon", "coordinates": [ [ [ 5.255197719238012, 43.445605165616698 ], [ 5.255232980618691, 43.446504464057199 ], [ 5.253998689845832, 43.446530148725948 ], [ 5.253963447742759, 43.445630849867051 ], [ 5.255197719238012, 43.445605165616698 ] ] ] } },
{ "type": "Feature", "properties": { "ndvi_mean": 0.1317, "ndmi_mean": -0.0993, "ndbi_mean": 0.0993 }, "geometry": { "type": "Polygon", "coordinates": [ [ [ 5.215665844527405, 43.44552077834134 ], [ 5.215700487916176, 43.446420089475815 ], [ 5.214466181464005, 43.446445323906474 ], [ 5.214431557353874, 43.445546012360914 ], [ 5.215665844527405, 43.44552077834134 ] ] ] } },
{ "type": "Feature", "properties": { "ndvi_mean": 0.0814, "ndmi_mean": -0.1216, "ndbi_mean": 0.1216 }, "geometry": { "type": "Polygon", "coordinates": [ [ [ 5.216900130617908, 43.445495530264822 ], [ 5.216934793285271, 43.446394840987992 ], [ 5.215700487916176, 43.446420089475815 ], [ 5.215665844527405, 43.44552077834134 ], [ 5.216900130617908, 43.445495530264822 ] ] ] } },
{ "type": "Feature", "properties": { "ndvi_mean": 0.0198, "ndmi_mean": -0.0917, "ndbi_mean": 0.0917 }, "geometry": { "type": "Polygon", "coordinates": [ [ [ 5.218134415624784, 43.445470268131402 ], [ 5.218169097570687, 43.446369578443012 ], [ 5.216934793285271, 43.446394840987992 ], [ 5.216900130617908, 43.445495530264822 ], [ 5.218134415624784, 43.445470268131402 ] ] ] } },
{ "type": "Feature", "properties": { "ndvi_mean": 0.0644, "ndmi_mean": -0.1212, "ndbi_mean": 0.1212 }, "geometry": { "type": "Polygon", "coordinates": [ [ [ 5.219368699547431, 43.445444991941081 ], [ 5.219403400771824, 43.446344301840909 ], [ 5.218169097570687, 43.446369578443012 ], [ 5.218134415624784, 43.445470268131402 ], [ 5.219368699547431, 43.445444991941081 ] ] ] } },
{ "type": "Feature", "properties": { "ndvi_mean": 0.0891, "ndmi_mean": -0.1438, "ndbi_mean": 0.1438 }, "geometry": { "type": "Polygon", "coordinates": [ [ [ 5.220602982385247, 43.445419701693879 ], [ 5.220637702888077, 43.446319011181721 ], [ 5.219403400771824, 43.446344301840909 ], [ 5.219368699547431, 43.445444991941081 ], [ 5.220602982385247, 43.445419701693879 ] ] ] } },
{ "type": "Feature", "properties": { "ndvi_mean": 0.1312, "ndmi_mean": -0.105, "ndbi_mean": 0.105 }, "geometry": { "type": "Polygon", "coordinates": [ [ [ 5.221837264137629, 43.445394397389812 ], [ 5.221872003918848, 43.446293706465426 ], [ 5.220637702888077, 43.446319011181721 ], [ 5.220602982385247, 43.445419701693879 ], [ 5.221837264137629, 43.445394397389812 ] ] ] } },
{ "type": "Feature", "properties": { "ndvi_mean": 0.3041, "ndmi_mean": -0.1189, "ndbi_mean": 0.1189 }, "geometry": { "type": "Polygon", "coordinates": [ [ [ 5.223071544803976, 43.445369079028893 ], [ 5.223106303863532, 43.446268387692044 ], [ 5.221872003918848, 43.446293706465426 ], [ 5.221837264137629, 43.445394397389812 ], [ 5.223071544803976, 43.445369079028893 ] ] ] } },
{ "type": "Feature", "properties": { "ndvi_mean": 0.2669, "ndmi_mean": -0.0796, "ndbi_mean": 0.0796 }, "geometry": { "type": "Polygon", "coordinates": [ [ [ 5.224305824383688, 43.445343746611165 ], [ 5.224340602721529, 43.446243054861625 ], [ 5.223106303863532, 43.446268387692044 ], [ 5.223071544803976, 43.445369079028893 ], [ 5.224305824383688, 43.445343746611165 ] ] ] } },
{ "type": "Feature", "properties": { "ndvi_mean": 0.2672, "ndmi_mean": -0.0908, "ndbi_mean": 0.0908 }, "geometry": { "type": "Polygon", "coordinates": [ [ [ 5.225540102876161, 43.445318400136642 ], [ 5.225574900492236, 43.446217707974185 ], [ 5.224340602721529, 43.446243054861625 ], [ 5.224305824383688, 43.445343746611165 ], [ 5.225540102876161, 43.445318400136642 ] ] ] } },
{ "type": "Feature", "properties": { "ndvi_mean": 0.6471, "ndmi_mean": 0.0255, "ndbi_mean": -0.0255 }, "geometry": { "type": "Polygon", "coordinates": [ [ [ 5.226774380280795, 43.445293039605332 ], [ 5.226809197175054, 43.446192347029715 ], [ 5.225574900492236, 43.446217707974185 ], [ 5.225540102876161, 43.445318400136642 ], [ 5.226774380280795, 43.445293039605332 ] ] ] } },
{ "type": "Feature", "properties": { "ndvi_mean": 0.7752, "ndmi_mean": 0.0794, "ndbi_mean": -0.0794 }, "geometry": { "type": "Polygon", "coordinates": [ [ [ 5.228008656596987, 43.445267665017255 ], [ 5.228043492769379, 43.44616697202828 ], [ 5.226809197175054, 43.446192347029715 ], [ 5.226774380280795, 43.445293039605332 ], [ 5.228008656596987, 43.445267665017255 ] ] ] } },
{ "type": "Feature", "properties": { "ndvi_mean": 0.5994, "ndmi_mean": -0.0976, "ndbi_mean": 0.0976 }, "geometry": { "type": "Polygon", "coordinates": [ [ [ 5.229242931824135, 43.44524227637244 ], [ 5.229277787274609, 43.446141582969865 ], [ 5.228043492769379, 43.44616697202828 ], [ 5.228008656596987, 43.445267665017255 ], [ 5.229242931824135, 43.44524227637244 ] ] ] } },
{ "type": "Feature", "properties": { "ndvi_mean": 0.4423, "ndmi_mean": -0.2061, "ndbi_mean": 0.2061 }, "geometry": { "type": "Polygon", "coordinates": [ [ [ 5.230477205961638, 43.445216873670887 ], [ 5.230512080690144, 43.446116179854492 ], [ 5.229277787274609, 43.446141582969865 ], [ 5.229242931824135, 43.44524227637244 ], [ 5.230477205961638, 43.445216873670887 ] ] ] } },
{ "type": "Feature", "properties": { "ndvi_mean": 0.3983, "ndmi_mean": -0.1367, "ndbi_mean": 0.1367 }, "geometry": { "type": "Polygon", "coordinates": [ [ [ 5.231711479008895, 43.445191456912632 ], [ 5.23174637301538, 43.446090762682161 ], [ 5.230512080690144, 43.446116179854492 ], [ 5.230477205961638, 43.445216873670887 ], [ 5.231711479008895, 43.445191456912632 ] ] ] } },
{ "type": "Feature", "properties": { "ndvi_mean": 0.3404, "ndmi_mean": -0.1369, "ndbi_mean": 0.1369 }, "geometry": { "type": "Polygon", "coordinates": [ [ [ 5.232945750965304, 43.445166026097702 ], [ 5.232980664249717, 43.446065331452935 ], [ 5.23174637301538, 43.446090762682161 ], [ 5.231711479008895, 43.445191456912632 ], [ 5.232945750965304, 43.445166026097702 ] ] ] } },
{ "type": "Feature", "properties": { "ndvi_mean": 0.3009, "ndmi_mean": -0.1242, "ndbi_mean": 0.1242 }, "geometry": { "type": "Polygon", "coordinates": [ [ [ 5.234180021830262, 43.445140581226099 ], [ 5.234214954392552, 43.446039886166822 ], [ 5.232980664249717, 43.446065331452935 ], [ 5.232945750965304, 43.445166026097702 ], [ 5.234180021830262, 43.445140581226099 ] ] ] } },
{ "type": "Feature", "properties": { "ndvi_mean": 0.3479, "ndmi_mean": -0.0544, "ndbi_mean": 0.0544 }, "geometry": { "type": "Polygon", "coordinates": [ [ [ 5.235414291603169, 43.44511512229785 ], [ 5.235449243443284, 43.446014426823822 ], [ 5.234214954392552, 43.446039886166822 ], [ 5.234180021830262, 43.445140581226099 ], [ 5.235414291603169, 43.44511512229785 ] ] ] } },
{ "type": "Feature", "properties": { "ndvi_mean": 0.6836, "ndmi_mean": 0.1216, "ndbi_mean": -0.1216 }, "geometry": { "type": "Polygon", "coordinates": [ [ [ 5.236648560283422, 43.445089649312969 ], [ 5.236683531401312, 43.445988953423978 ], [ 5.235449243443284, 43.446014426823822 ], [ 5.235414291603169, 43.44511512229785 ], [ 5.236648560283422, 43.445089649312969 ] ] ] } },
{ "type": "Feature", "properties": { "ndvi_mean": 0.7602, "ndmi_mean": -0.0266, "ndbi_mean": 0.0266 }, "geometry": { "type": "Polygon", "coordinates": [ [ [ 5.23788282787042, 43.445064162271507 ], [ 5.237917818266035, 43.445963465967289 ], [ 5.236683531401312, 43.445988953423978 ], [ 5.236648560283422, 43.445089649312969 ], [ 5.23788282787042, 43.445064162271507 ] ] ] } },
{ "type": "Feature", "properties": { "ndvi_mean": 0.6949, "ndmi_mean": 0.0366, "ndbi_mean": -0.0366 }, "geometry": { "type": "Polygon", "coordinates": [ [ [ 5.239117094363562, 43.445038661173427 ], [ 5.239152104036848, 43.445937964453776 ], [ 5.237917818266035, 43.445963465967289 ], [ 5.23788282787042, 43.445064162271507 ], [ 5.239117094363562, 43.445038661173427 ] ] ] } },
{ "type": "Feature", "properties": { "ndvi_mean": 0.3007, "ndmi_mean": -0.102, "ndbi_mean": 0.102 }, "geometry": { "type": "Polygon", "coordinates": [ [ [ 5.240351359762244, 43.445013146018781 ], [ 5.240386388713152, 43.445912448883462 ], [ 5.239152104036848, 43.445937964453776 ], [ 5.239117094363562, 43.445038661173427 ], [ 5.240351359762244, 43.445013146018781 ] ] ] } },
{ "type": "Feature", "properties": { "ndvi_mean": 0.2823, "ndmi_mean": -0.109, "ndbi_mean": 0.109 }, "geometry": { "type": "Polygon", "coordinates": [ [ [ 5.241585624065867, 43.444987616807573 ], [ 5.241620672294344, 43.445886919256395 ], [ 5.240386388713152, 43.445912448883462 ], [ 5.240351359762244, 43.445013146018781 ], [ 5.241585624065867, 43.444987616807573 ] ] ] } },
{ "type": "Feature", "properties": { "ndvi_mean": 0.2241, "ndmi_mean": -0.199, "ndbi_mean": 0.199 }, "geometry": { "type": "Polygon", "coordinates": [ [ [ 5.242819887273828, 43.444962073539848 ], [ 5.242854954779823, 43.445861375572534 ], [ 5.241620672294344, 43.445886919256395 ], [ 5.241585624065867, 43.444987616807573 ], [ 5.242819887273828, 43.444962073539848 ] ] ] } },
{ "type": "Feature", "properties": { "ndvi_mean": 0.3239, "ndmi_mean": -0.1736, "ndbi_mean": 0.1736 }, "geometry": { "type": "Polygon", "coordinates": [ [ [ 5.244054149385525, 43.444936516215627 ], [ 5.244089236168987, 43.445835817831963 ], [ 5.242854954779823, 43.445861375572534 ], [ 5.242819887273828, 43.444962073539848 ], [ 5.244054149385525, 43.444936516215627 ] ] ] } },
{ "type": "Feature", "properties": { "ndvi_mean": 0.3043, "ndmi_mean": -0.1331, "ndbi_mean": 0.1331 }, "geometry": { "type": "Polygon", "coordinates": [ [ [ 5.245288410400357, 43.444910944834909 ], [ 5.245323516461235, 43.445810246034668 ], [ 5.244089236168987, 43.445835817831963 ], [ 5.244054149385525, 43.444936516215627 ], [ 5.245288410400357, 43.444910944834909 ] ] ] } },
{ "type": "Feature", "properties": { "ndvi_mean": 0.444, "ndmi_mean": -0.1253, "ndbi_mean": 0.1253 }, "geometry": { "type": "Polygon", "coordinates": [ [ [ 5.246522670317722, 43.444885359397723 ], [ 5.246557795655963, 43.445784660180678 ], [ 5.245323516461235, 43.445810246034668 ], [ 5.245288410400357, 43.444910944834909 ], [ 5.246522670317722, 43.444885359397723 ] ] ] } },
{ "type": "Feature", "properties": { "ndvi_mean": 0.6037, "ndmi_mean": -0.0564, "ndbi_mean": 0.0564 }, "geometry": { "type": "Polygon", "coordinates": [ [ [ 5.247756929137019, 43.444859759904062 ], [ 5.247792073752573, 43.445759060269992 ], [ 5.246557795655963, 43.445784660180678 ], [ 5.246522670317722, 43.444885359397723 ], [ 5.247756929137019, 43.444859759904062 ] ] ] } },
{ "type": "Feature", "properties": { "ndvi_mean": 0.3667, "ndmi_mean": -0.1149, "ndbi_mean": 0.1149 }, "geometry": { "type": "Polygon", "coordinates": [ [ [ 5.248991186857644, 43.44483414635399 ], [ 5.24902635075046, 43.44573344630264 ], [ 5.247792073752573, 43.445759060269992 ], [ 5.247756929137019, 43.444859759904062 ], [ 5.248991186857644, 43.44483414635399 ] ] ] } },
{ "type": "Feature", "properties": { "ndvi_mean": 0.4437, "ndmi_mean": -0.0867, "ndbi_mean": 0.0867 }, "geometry": { "type": "Polygon", "coordinates": [ [ [ 5.250225443479, 43.4448085187475 ], [ 5.250260626649024, 43.445707818278663 ], [ 5.24902635075046, 43.44573344630264 ], [ 5.248991186857644, 43.44483414635399 ], [ 5.250225443479, 43.4448085187475 ] ] ] } },
{ "type": "Feature", "properties": { "ndvi_mean": 0.5296, "ndmi_mean": -0.016, "ndbi_mean": 0.016 }, "geometry": { "type": "Polygon", "coordinates": [ [ [ 5.25145969900048, 43.444782877084613 ], [ 5.251494901447663, 43.445682176198055 ], [ 5.250260626649024, 43.445707818278663 ], [ 5.250225443479, 43.4448085187475 ], [ 5.25145969900048, 43.444782877084613 ] ] ] } },
{ "type": "Feature", "properties": { "ndvi_mean": 0.5103, "ndmi_mean": -0.0518, "ndbi_mean": 0.0518 }, "geometry": { "type": "Polygon", "coordinates": [ [ [ 5.252693953421486, 43.44475722136535 ], [ 5.252729175145776, 43.445656520060851 ], [ 5.251494901447663, 43.445682176198055 ], [ 5.25145969900048, 43.444782877084613 ], [ 5.252693953421486, 43.44475722136535 ] ] ] } },
{ "type": "Feature", "properties": { "ndvi_mean": 0.5975, "ndmi_mean": -0.0251, "ndbi_mean": 0.0251 }, "geometry": { "type": "Polygon", "coordinates": [ [ [ 5.253928206741415, 43.444731551589747 ], [ 5.253963447742759, 43.445630849867051 ], [ 5.252729175145776, 43.445656520060851 ], [ 5.252693953421486, 43.44475722136535 ], [ 5.253928206741415, 43.444731551589747 ] ] ] } },
{ "type": "Feature", "properties": { "ndvi_mean": 0.607, "ndmi_mean": 0.0486, "ndbi_mean": -0.0486 }, "geometry": { "type": "Polygon", "coordinates": [ [ [ 5.255162458959666, 43.444705867757811 ], [ 5.255197719238012, 43.445605165616698 ], [ 5.253963447742759, 43.445630849867051 ], [ 5.253928206741415, 43.444731551589747 ], [ 5.255162458959666, 43.444705867757811 ] ] ] } },
{ "type": "Feature", "properties": { "ndvi_mean": 0.1132, "ndmi_mean": -0.1074, "ndbi_mean": 0.1074 }, "geometry": { "type": "Polygon", "coordinates": [ [ [ 5.215631202221659, 43.444621467788899 ], [ 5.215665844527405, 43.44552077834134 ], [ 5.214431557353874, 43.445546012360914 ], [ 5.214396934326169, 43.444646701397403 ], [ 5.215631202221659, 43.444621467788899 ] ] ] } },
{ "type": "Feature", "properties": { "ndvi_mean": 0.0401, "ndmi_mean": -0.0951, "ndbi_mean": 0.0951 }, "geometry": { "type": "Polygon", "coordinates": [ [ [ 5.216865469034174, 43.444596220123699 ], [ 5.216900130617908, 43.445495530264822 ], [ 5.215665844527405, 43.44552077834134 ], [ 5.215631202221659, 43.444621467788899 ], [ 5.216865469034174, 43.444596220123699 ] ] ] } },
{ "type": "Feature", "properties": { "ndvi_mean": 0.0857, "ndmi_mean": -0.1272, "ndbi_mean": 0.1272 }, "geometry": { "type": "Polygon", "coordinates": [ [ [ 5.218099734763111, 43.444570958401812 ], [ 5.218134415624784, 43.445470268131402 ], [ 5.216900130617908, 43.445495530264822 ], [ 5.216865469034174, 43.444596220123699 ], [ 5.218099734763111, 43.444570958401812 ] ] ] } },
{ "type": "Feature", "properties": { "ndvi_mean": 0.198, "ndmi_mean": -0.0994, "ndbi_mean": 0.0994 }, "geometry": { "type": "Polygon", "coordinates": [ [ [ 5.21933399940787, 43.444545682623243 ], [ 5.219368699547431, 43.445444991941081 ], [ 5.218134415624784, 43.445470268131402 ], [ 5.218099734763111, 43.444570958401812 ], [ 5.21933399940787, 43.444545682623243 ] ] ] } },
{ "type": "Feature", "properties": { "ndvi_mean": 0.1789, "ndmi_mean": -0.0871, "ndbi_mean": 0.0871 }, "geometry": { "type": "Polygon", "coordinates": [ [ [ 5.220568262967848, 43.444520392788043 ], [ 5.220602982385247, 43.445419701693879 ], [ 5.219368699547431, 43.445444991941081 ], [ 5.21933399940787, 43.444545682623243 ], [ 5.220568262967848, 43.444520392788043 ] ] ] } },
{ "type": "Feature", "properties": { "ndvi_mean": 0.2465, "ndmi_mean": -0.0317, "ndbi_mean": 0.0317 }, "geometry": { "type": "Polygon", "coordinates": [ [ [ 5.221802525442444, 43.444495088896183 ], [ 5.221837264137629, 43.445394397389812 ], [ 5.220602982385247, 43.445419701693879 ], [ 5.220568262967848, 43.444520392788043 ], [ 5.221802525442444, 43.444495088896183 ] ] ] } },
{ "type": "Feature", "properties": { "ndvi_mean": 0.2248, "ndmi_mean": -0.0652, "ndbi_mean": 0.0652 }, "geometry": { "type": "Polygon", "coordinates": [ [ [ 5.223036786831058, 43.44446977094772 ], [ 5.223071544803976, 43.445369079028893 ], [ 5.221837264137629, 43.445394397389812 ], [ 5.221802525442444, 43.444495088896183 ], [ 5.223036786831058, 43.44446977094772 ] ] ] } },
{ "type": "Feature", "properties": { "ndvi_mean": 0.3694, "ndmi_mean": -0.0383, "ndbi_mean": 0.0383 }, "geometry": { "type": "Polygon", "coordinates": [ [ [ 5.224271047133085, 43.444444438942689 ], [ 5.224305824383688, 43.445343746611165 ], [ 5.223071544803976, 43.445369079028893 ], [ 5.223036786831058, 43.44446977094772 ], [ 5.224271047133085, 43.444444438942689 ] ] ] } },
{ "type": "Feature", "properties": { "ndvi_mean": 0.4751, "ndmi_mean": -0.0321, "ndbi_mean": 0.0321 }, "geometry": { "type": "Polygon", "coordinates": [ [ [ 5.225505306347925, 43.44441909288107 ], [ 5.225540102876161, 43.445318400136642 ], [ 5.224305824383688, 43.445343746611165 ], [ 5.224271047133085, 43.444444438942689 ], [ 5.225505306347925, 43.44441909288107 ] ] ] } },
{ "type": "Feature", "properties": { "ndvi_mean": 0.3406, "ndmi_mean": -0.0724, "ndbi_mean": 0.0724 }, "geometry": { "type": "Polygon", "coordinates": [ [ [ 5.226739564474976, 43.444393732762876 ], [ 5.226774380280795, 43.445293039605332 ], [ 5.225540102876161, 43.445318400136642 ], [ 5.225505306347925, 43.44441909288107 ], [ 5.226739564474976, 43.444393732762876 ] ] ] } },
{ "type": "Feature", "properties": { "ndvi_mean": 0.478, "ndmi_mean": -0.0838, "ndbi_mean": 0.0838 }, "geometry": { "type": "Polygon", "coordinates": [ [ [ 5.227973821513636, 43.444368358588186 ], [ 5.228008656596987, 43.445267665017255 ], [ 5.226774380280795, 43.445293039605332 ], [ 5.226739564474976, 43.444393732762876 ], [ 5.227973821513636, 43.444368358588186 ] ] ] } },
{ "type": "Feature", "properties": { "ndvi_mean": 0.6551, "ndmi_mean": -0.1447, "ndbi_mean": 0.1447 }, "geometry": { "type": "Polygon", "coordinates": [ [ [ 5.229208077463305, 43.444342970356963 ], [ 5.229242931824135, 43.44524227637244 ], [ 5.228008656596987, 43.445267665017255 ], [ 5.227973821513636, 43.444368358588186 ], [ 5.229208077463305, 43.444342970356963 ] ] ] } },
{ "type": "Feature", "properties": { "ndvi_mean": 0.5668, "ndmi_mean": -0.1808, "ndbi_mean": 0.1808 }, "geometry": { "type": "Polygon", "coordinates": [ [ [ 5.23044233232338, 43.444317568069231 ], [ 5.230477205961638, 43.445216873670887 ], [ 5.229242931824135, 43.44524227637244 ], [ 5.229208077463305, 43.444342970356963 ], [ 5.23044233232338, 43.444317568069231 ] ] ] } },
{ "type": "Feature", "properties": { "ndvi_mean": 0.5452, "ndmi_mean": -0.1671, "ndbi_mean": 0.1671 }, "geometry": { "type": "Polygon", "coordinates": [ [ [ 5.231676586093259, 43.444292151725044 ], [ 5.231711479008895, 43.445191456912632 ], [ 5.230477205961638, 43.445216873670887 ], [ 5.23044233232338, 43.444317568069231 ], [ 5.231676586093259, 43.444292151725044 ] ] ] } },
{ "type": "Feature", "properties": { "ndvi_mean": 0.4103, "ndmi_mean": -0.1531, "ndbi_mean": 0.1531 }, "geometry": { "type": "Polygon", "coordinates": [ [ [ 5.232910838772341, 43.444266721324396 ], [ 5.232945750965304, 43.445166026097702 ], [ 5.231711479008895, 43.445191456912632 ], [ 5.231676586093259, 43.444292151725044 ], [ 5.232910838772341, 43.444266721324396 ] ] ] } },
{ "type": "Feature", "properties": { "ndvi_mean": 0.4042, "ndmi_mean": -0.0255, "ndbi_mean": 0.0255 }, "geometry": { "type": "Polygon", "coordinates": [ [ [ 5.234145090360023, 43.444241276867302 ], [ 5.234180021830262, 43.445140581226099 ], [ 5.232945750965304, 43.445166026097702 ], [ 5.232910838772341, 43.444266721324396 ], [ 5.234145090360023, 43.444241276867302 ] ] ] } },
{ "type": "Feature", "properties": { "ndvi_mean": 0.4109, "ndmi_mean": -0.1199, "ndbi_mean": 0.1199 }, "geometry": { "type": "Polygon", "coordinates": [ [ [ 5.235379340855706, 43.444215818353804 ], [ 5.235414291603169, 43.44511512229785 ], [ 5.234180021830262, 43.445140581226099 ], [ 5.234145090360023, 43.444241276867302 ], [ 5.235379340855706, 43.444215818353804 ] ] ] } },
{ "type": "Feature", "properties": { "ndvi_mean": 0.5647, "ndmi_mean": -0.0321, "ndbi_mean": 0.0321 }, "geometry": { "type": "Polygon", "coordinates": [ [ [ 5.236613590258787, 43.444190345783888 ], [ 5.236648560283422, 43.445089649312969 ], [ 5.235414291603169, 43.44511512229785 ], [ 5.235379340855706, 43.444215818353804 ], [ 5.236613590258787, 43.444190345783888 ] ] ] } },
{ "type": "Feature", "properties": { "ndvi_mean": 0.7945, "ndmi_mean": 0.0204, "ndbi_mean": -0.0204 }, "geometry": { "type": "Polygon", "coordinates": [ [ [ 5.237847838568663, 43.44416485915761 ], [ 5.23788282787042, 43.445064162271507 ], [ 5.236648560283422, 43.445089649312969 ], [ 5.236613590258787, 43.444190345783888 ], [ 5.237847838568663, 43.44416485915761 ] ] ] } },
{ "type": "Feature", "properties": { "ndvi_mean": 0.6227, "ndmi_mean": 0.0079, "ndbi_mean": -0.0079 }, "geometry": { "type": "Polygon", "coordinates": [ [ [ 5.239082085784733, 43.444139358474956 ], [ 5.239117094363562, 43.445038661173427 ], [ 5.23788282787042, 43.445064162271507 ], [ 5.237847838568663, 43.44416485915761 ], [ 5.239082085784733, 43.444139358474956 ] ] ] } },
{ "type": "Feature", "properties": { "ndvi_mean": 0.4075, "ndmi_mean": -0.1326, "ndbi_mean": 0.1326 }, "geometry": { "type": "Polygon", "coordinates": [ [ [ 5.240316331906397, 43.444113843735956 ], [ 5.240351359762244, 43.445013146018781 ], [ 5.239117094363562, 43.445038661173427 ], [ 5.239082085784733, 43.444139358474956 ], [ 5.240316331906397, 43.444113843735956 ] ] ] } },
{ "type": "Feature", "properties": { "ndvi_mean": 0.4763, "ndmi_mean": -0.1996, "ndbi_mean": 0.1996 }, "geometry": { "type": "Polygon", "coordinates": [ [ [ 5.241550576933052, 43.44408831494065 ], [ 5.241585624065867, 43.444987616807573 ], [ 5.240351359762244, 43.445013146018781 ], [ 5.240316331906397, 43.444113843735956 ], [ 5.241550576933052, 43.44408831494065 ] ] ] } },
{ "type": "Feature", "properties": { "ndvi_mean": 0.1431, "ndmi_mean": -0.1566, "ndbi_mean": 0.1566 }, "geometry": { "type": "Polygon", "coordinates": [ [ [ 5.242784820864095, 43.444062772089055 ], [ 5.242819887273828, 43.444962073539848 ], [ 5.241585624065867, 43.444987616807573 ], [ 5.241550576933052, 43.44408831494065 ], [ 5.242784820864095, 43.444062772089055 ] ] ] } },
{ "type": "Feature", "properties": { "ndvi_mean": 0.2583, "ndmi_mean": -0.1577, "ndbi_mean": 0.1577 }, "geometry": { "type": "Polygon", "coordinates": [ [ [ 5.244019063698928, 43.444037215181176 ], [ 5.244054149385525, 43.444936516215627 ], [ 5.242819887273828, 43.444962073539848 ], [ 5.242784820864095, 43.444062772089055 ], [ 5.244019063698928, 43.444037215181176 ] ] ] } },
{ "type": "Feature", "properties": { "ndvi_mean": 0.464, "ndmi_mean": -0.0908, "ndbi_mean": 0.0908 }, "geometry": { "type": "Polygon", "coordinates": [ [ [ 5.245253305436947, 43.444011644216999 ], [ 5.245288410400357, 43.444910944834909 ], [ 5.244054149385525, 43.444936516215627 ], [ 5.244019063698928, 43.444037215181176 ], [ 5.245253305436947, 43.444011644216999 ] ] ] } },
{ "type": "Feature", "properties": { "ndvi_mean": 0.7227, "ndmi_mean": -0.037, "ndbi_mean": 0.037 }, "geometry": { "type": "Polygon", "coordinates": [ [ [ 5.246487546077549, 43.443986059196625 ], [ 5.246522670317722, 43.444885359397723 ], [ 5.245288410400357, 43.444910944834909 ], [ 5.245253305436947, 43.444011644216999 ], [ 5.246487546077549, 43.443986059196625 ] ] ] } },
{ "type": "Feature", "properties": { "ndvi_mean": 0.7847, "ndmi_mean": -0.0163, "ndbi_mean": 0.0163 }, "geometry": { "type": "Polygon", "coordinates": [ [ [ 5.247721785620134, 43.443960460119989 ], [ 5.247756929137019, 43.444859759904062 ], [ 5.246522670317722, 43.444885359397723 ], [ 5.246487546077549, 43.443986059196625 ], [ 5.247721785620134, 43.443960460119989 ] ] ] } },
{ "type": "Feature", "properties": { "ndvi_mean": 0.4731, "ndmi_mean": -0.0862, "ndbi_mean": 0.0862 }, "geometry": { "type": "Polygon", "coordinates": [ [ [ 5.248956024064102, 43.443934846987176 ], [ 5.248991186857644, 43.44483414635399 ], [ 5.247756929137019, 43.444859759904062 ], [ 5.247721785620134, 43.443960460119989 ], [ 5.248956024064102, 43.443934846987176 ] ] ] } },
{ "type": "Feature", "properties": { "ndvi_mean": 0.6435, "ndmi_mean": -0.0073, "ndbi_mean": 0.0073 }, "geometry": { "type": "Polygon", "coordinates": [ [ [ 5.250190261408848, 43.443909219798172 ], [ 5.250225443479, 43.4448085187475 ], [ 5.248991186857644, 43.44483414635399 ], [ 5.248956024064102, 43.443934846987176 ], [ 5.250190261408848, 43.443909219798172 ] ] ] } },
{ "type": "Feature", "properties": { "ndvi_mean": 0.4946, "ndmi_mean": -0.0544, "ndbi_mean": 0.0544 }, "geometry": { "type": "Polygon", "coordinates": [ [ [ 5.251424497653773, 43.443883578553006 ], [ 5.25145969900048, 43.444782877084613 ], [ 5.250225443479, 43.4448085187475 ], [ 5.250190261408848, 43.443909219798172 ], [ 5.251424497653773, 43.443883578553006 ] ] ] } },
{ "type": "Feature", "properties": { "ndvi_mean": 0.4105, "ndmi_mean": -0.0654, "ndbi_mean": 0.0654 }, "geometry": { "type": "Polygon", "coordinates": [ [ [ 5.252658732798274, 43.443857923251699 ], [ 5.252693953421486, 43.44475722136535 ], [ 5.25145969900048, 43.444782877084613 ], [ 5.251424497653773, 43.443883578553006 ], [ 5.252658732798274, 43.443857923251699 ] ] ] } },
{ "type": "Feature", "properties": { "ndvi_mean": 0.4057, "ndmi_mean": -0.1143, "ndbi_mean": 0.1143 }, "geometry": { "type": "Polygon", "coordinates": [ [ [ 5.25389296684175, 43.443832253894257 ], [ 5.253928206741415, 43.444731551589747 ], [ 5.252693953421486, 43.44475722136535 ], [ 5.252658732798274, 43.443857923251699 ], [ 5.25389296684175, 43.443832253894257 ] ] ] } },
{ "type": "Feature", "properties": { "ndvi_mean": 0.3476, "ndmi_mean": -0.1379, "ndbi_mean": 0.1379 }, "geometry": { "type": "Polygon", "coordinates": [ [ [ 5.255127199783601, 43.443806570480703 ], [ 5.255162458959666, 43.444705867757811 ], [ 5.253928206741415, 43.444731551589747 ], [ 5.25389296684175, 43.443832253894257 ], [ 5.255127199783601, 43.443806570480703 ] ] ] } },
{ "type": "Feature", "properties": { "ndvi_mean": 0.0895, "ndmi_mean": -0.1143, "ndbi_mean": 0.1143 }, "geometry": { "type": "Polygon", "coordinates": [ [ [ 5.215596560998889, 43.443722157818705 ], [ 5.215631202221659, 43.444621467788899 ], [ 5.214396934326169, 43.444646701397403 ], [ 5.214362312380837, 43.443747391016124 ], [ 5.215596560998889, 43.443722157818705 ] ] ] } },
{ "type": "Feature", "properties": { "ndvi_mean": 0.0537, "ndmi_mean": -0.1016, "ndbi_mean": 0.1016 }, "geometry": { "type": "Polygon", "coordinates": [ [ [ 5.216830808534016, 43.44369691056481 ], [ 5.216865469034174, 43.444596220123699 ], [ 5.215631202221659, 43.444621467788899 ], [ 5.215596560998889, 43.443722157818705 ], [ 5.216830808534016, 43.44369691056481 ] ] ] } },
{ "type": "Feature", "properties": { "ndvi_mean": 0.0678, "ndmi_mean": -0.1322, "ndbi_mean": 0.1322 }, "geometry": { "type": "Polygon", "coordinates": [ [ [ 5.218065054985616, 43.443671649254433 ], [ 5.218099734763111, 43.444570958401812 ], [ 5.216865469034174, 43.444596220123699 ], [ 5.216830808534016, 43.44369691056481 ], [ 5.218065054985616, 43.443671649254433 ] ] ] } },
{ "type": "Feature", "properties": { "ndvi_mean": 0.1602, "ndmi_mean": -0.1095, "ndbi_mean": 0.1095 }, "geometry": { "type": "Polygon", "coordinates": [ [ [ 5.219299300353089, 43.443646373887631 ], [ 5.21933399940787, 43.444545682623243 ], [ 5.218099734763111, 43.444570958401812 ], [ 5.218065054985616, 43.443671649254433 ], [ 5.219299300353089, 43.443646373887631 ] ] ] } },
{ "type": "Feature", "properties": { "ndvi_mean": 0.1282, "ndmi_mean": -0.1361, "ndbi_mean": 0.1361 }, "geometry": { "type": "Polygon", "coordinates": [ [ [ 5.220533544635833, 43.443621084464418 ], [ 5.220568262967848, 43.444520392788043 ], [ 5.21933399940787, 43.444545682623243 ], [ 5.219299300353089, 43.443646373887631 ], [ 5.220533544635833, 43.443621084464418 ] ] ] } },
{ "type": "Feature", "properties": { "ndvi_mean": 0.0756, "ndmi_mean": -0.2424, "ndbi_mean": 0.2424 }, "geometry": { "type": "Polygon", "coordinates": [ [ [ 5.221767787833246, 43.443595780984786 ], [ 5.221802525442444, 43.444495088896183 ], [ 5.220568262967848, 43.444520392788043 ], [ 5.220533544635833, 43.443621084464418 ], [ 5.221767787833246, 43.443595780984786 ] ] ] } },
{ "type": "Feature", "properties": { "ndvi_mean": 0.0615, "ndmi_mean": -0.1073, "ndbi_mean": 0.1073 }, "geometry": { "type": "Polygon", "coordinates": [ [ [ 5.223002029944725, 43.443570463448758 ], [ 5.223036786831058, 43.44446977094772 ], [ 5.221802525442444, 43.444495088896183 ], [ 5.221767787833246, 43.443595780984786 ], [ 5.223002029944725, 43.443570463448758 ] ] ] } },
{ "type": "Feature", "properties": { "ndvi_mean": 0.1069, "ndmi_mean": -0.0877, "ndbi_mean": 0.0877 }, "geometry": { "type": "Polygon", "coordinates": [ [ [ 5.22423627096967, 43.443545131856389 ], [ 5.224271047133085, 43.444444438942689 ], [ 5.223036786831058, 43.44446977094772 ], [ 5.223002029944725, 43.443570463448758 ], [ 5.22423627096967, 43.443545131856389 ] ] ] } },
{ "type": "Feature", "properties": { "ndvi_mean": 0.5582, "ndmi_mean": 0.009, "ndbi_mean": -0.009 }, "geometry": { "type": "Polygon", "coordinates": [ [ [ 5.225470510907478, 43.443519786207681 ], [ 5.225505306347925, 43.44441909288107 ], [ 5.224271047133085, 43.444444438942689 ], [ 5.22423627096967, 43.443545131856389 ], [ 5.225470510907478, 43.443519786207681 ] ] ] } },
{ "type": "Feature", "properties": { "ndvi_mean": 0.4086, "ndmi_mean": -0.0555, "ndbi_mean": 0.0555 }, "geometry": { "type": "Polygon", "coordinates": [ [ [ 5.226704749757548, 43.443494426502639 ], [ 5.226739564474976, 43.444393732762876 ], [ 5.225505306347925, 43.44441909288107 ], [ 5.225470510907478, 43.443519786207681 ], [ 5.226704749757548, 43.443494426502639 ] ] ] } },
{ "type": "Feature", "properties": { "ndvi_mean": 0.6351, "ndmi_mean": -0.0338, "ndbi_mean": 0.0338 }, "geometry": { "type": "Polygon", "coordinates": [ [ [ 5.22793898751928, 43.443469052741293 ], [ 5.227973821513636, 43.444368358588186 ], [ 5.226739564474976, 43.444393732762876 ], [ 5.226704749757548, 43.443494426502639 ], [ 5.22793898751928, 43.443469052741293 ] ] ] } },
{ "type": "Feature", "properties": { "ndvi_mean": 0.7496, "ndmi_mean": -0.0276, "ndbi_mean": 0.0276 }, "geometry": { "type": "Polygon", "coordinates": [ [ [ 5.229173224192071, 43.443443664923663 ], [ 5.229208077463305, 43.444342970356963 ], [ 5.227973821513636, 43.444368358588186 ], [ 5.22793898751928, 43.443469052741293 ], [ 5.229173224192071, 43.443443664923663 ] ] ] } },
{ "type": "Feature", "properties": { "ndvi_mean": 0.5446, "ndmi_mean": -0.0753, "ndbi_mean": 0.0753 }, "geometry": { "type": "Polygon", "coordinates": [ [ [ 5.230407459775318, 43.44341826304975 ], [ 5.23044233232338, 43.444317568069231 ], [ 5.229208077463305, 43.444342970356963 ], [ 5.229173224192071, 43.443443664923663 ], [ 5.230407459775318, 43.44341826304975 ] ] ] } },
{ "type": "Feature", "properties": { "ndvi_mean": 0.5217, "ndmi_mean": -0.1709, "ndbi_mean": 0.1709 }, "geometry": { "type": "Polygon", "coordinates": [ [ [ 5.231641694268421, 43.443392847119604 ], [ 5.231676586093259, 43.444292151725044 ], [ 5.23044233232338, 43.444317568069231 ], [ 5.230407459775318, 43.44341826304975 ], [ 5.231641694268421, 43.443392847119604 ] ] ] } },
{ "type": "Feature", "properties": { "ndvi_mean": 0.4678, "ndmi_mean": -0.1394, "ndbi_mean": 0.1394 }, "geometry": { "type": "Polygon", "coordinates": [ [ [ 5.232875927670777, 43.443367417133231 ], [ 5.232910838772341, 43.444266721324396 ], [ 5.231676586093259, 43.444292151725044 ], [ 5.231641694268421, 43.443392847119604 ], [ 5.232875927670777, 43.443367417133231 ] ] ] } },
{ "type": "Feature", "properties": { "ndvi_mean": 0.4588, "ndmi_mean": -0.0461, "ndbi_mean": 0.0461 }, "geometry": { "type": "Polygon", "coordinates": [ [ [ 5.234110159981786, 43.443341973090639 ], [ 5.234145090360023, 43.444241276867302 ], [ 5.232910838772341, 43.444266721324396 ], [ 5.232875927670777, 43.443367417133231 ], [ 5.234110159981786, 43.443341973090639 ] ] ] } },
{ "type": "Feature", "properties": { "ndvi_mean": 0.3332, "ndmi_mean": -0.1007, "ndbi_mean": 0.1007 }, "geometry": { "type": "Polygon", "coordinates": [ [ [ 5.235344391200846, 43.443316514991878 ], [ 5.235379340855706, 43.444215818353804 ], [ 5.234145090360023, 43.444241276867302 ], [ 5.234110159981786, 43.443341973090639 ], [ 5.235344391200846, 43.443316514991878 ] ] ] } },
{ "type": "Feature", "properties": { "ndvi_mean": 0.3415, "ndmi_mean": -0.165, "ndbi_mean": 0.165 }, "geometry": { "type": "Polygon", "coordinates": [ [ [ 5.236578621327356, 43.443291042836925 ], [ 5.236613590258787, 43.444190345783888 ], [ 5.235379340855706, 43.444215818353804 ], [ 5.235344391200846, 43.443316514991878 ], [ 5.236578621327356, 43.443291042836925 ] ] ] } },
{ "type": "Feature", "properties": { "ndvi_mean": 0.6434, "ndmi_mean": -0.0902, "ndbi_mean": 0.0902 }, "geometry": { "type": "Polygon", "coordinates": [ [ [ 5.237812850360711, 43.443265556625839 ], [ 5.237847838568663, 43.44416485915761 ], [ 5.236613590258787, 43.444190345783888 ], [ 5.236578621327356, 43.443291042836925 ], [ 5.237812850360711, 43.443265556625839 ] ] ] } },
{ "type": "Feature", "properties": { "ndvi_mean": 0.5523, "ndmi_mean": -0.0583, "ndbi_mean": 0.0583 }, "geometry": { "type": "Polygon", "coordinates": [ [ [ 5.239047078300313, 43.443240056358604 ], [ 5.239082085784733, 43.444139358474956 ], [ 5.237847838568663, 43.44416485915761 ], [ 5.237812850360711, 43.443265556625839 ], [ 5.239047078300313, 43.443240056358604 ] ] ] } },
{ "type": "Feature", "properties": { "ndvi_mean": 0.4132, "ndmi_mean": -0.2513, "ndbi_mean": 0.2513 }, "geometry": { "type": "Polygon", "coordinates": [ [ [ 5.240281305145559, 43.443214542035264 ], [ 5.240316331906397, 43.444113843735956 ], [ 5.239082085784733, 43.444139358474956 ], [ 5.239047078300313, 43.443240056358604 ], [ 5.240281305145559, 43.443214542035264 ] ] ] } },
{ "type": "Feature", "properties": { "ndvi_mean": 0.3611, "ndmi_mean": -0.1905, "ndbi_mean": 0.1905 }, "geometry": { "type": "Polygon", "coordinates": [ [ [ 5.241515530895847, 43.443189013655832 ], [ 5.241550576933052, 43.44408831494065 ], [ 5.240316331906397, 43.444113843735956 ], [ 5.240281305145559, 43.443214542035264 ], [ 5.241515530895847, 43.443189013655832 ] ] ] } },
{ "type": "Feature", "properties": { "ndvi_mean": 0.3494, "ndmi_mean": -0.1648, "ndbi_mean": 0.1648 }, "geometry": { "type": "Polygon", "coordinates": [ [ [ 5.242749755550577, 43.443163471220338 ], [ 5.242784820864095, 43.444062772089055 ], [ 5.241550576933052, 43.44408831494065 ], [ 5.241515530895847, 43.443189013655832 ], [ 5.242749755550577, 43.443163471220338 ] ] ] } },
{ "type": "Feature", "properties": { "ndvi_mean": 0.0844, "ndmi_mean": -0.0536, "ndbi_mean": 0.0536 }, "geometry": { "type": "Polygon", "coordinates": [ [ [ 5.243983979109145, 43.443137914728773 ], [ 5.244019063698928, 43.444037215181176 ], [ 5.242784820864095, 43.444062772089055 ], [ 5.242749755550577, 43.443163471220338 ], [ 5.243983979109145, 43.443137914728773 ] ] ] } },
{ "type": "Feature", "properties": { "ndvi_mean": 0.3666, "ndmi_mean": -0.181, "ndbi_mean": 0.181 }, "geometry": { "type": "Polygon", "coordinates": [ [ [ 5.245218201570951, 43.443112344181181 ], [ 5.245253305436947, 43.444011644216999 ], [ 5.244019063698928, 43.444037215181176 ], [ 5.243983979109145, 43.443137914728773 ], [ 5.245218201570951, 43.443112344181181 ] ] ] } },
{ "type": "Feature", "properties": { "ndvi_mean": 0.4214, "ndmi_mean": -0.1089, "ndbi_mean": 0.1089 }, "geometry": { "type": "Polygon", "coordinates": [ [ [ 5.246452422935393, 43.443086759577589 ], [ 5.246487546077549, 43.443986059196625 ], [ 5.245253305436947, 43.444011644216999 ], [ 5.245218201570951, 43.443112344181181 ], [ 5.246452422935393, 43.443086759577589 ] ] ] } },
{ "type": "Feature", "properties": { "ndvi_mean": 0.7227, "ndmi_mean": 0.0212, "ndbi_mean": -0.0212 }, "geometry": { "type": "Polygon", "coordinates": [ [ [ 5.247686643201869, 43.443061160917992 ], [ 5.247721785620134, 43.443960460119989 ], [ 5.246487546077549, 43.443986059196625 ], [ 5.246452422935393, 43.443086759577589 ], [ 5.247686643201869, 43.443061160917992 ] ] ] } },
{ "type": "Feature", "properties": { "ndvi_mean": 0.5928, "ndmi_mean": -0.0647, "ndbi_mean": 0.0647 }, "geometry": { "type": "Polygon", "coordinates": [ [ [ 5.248920862369779, 43.443035548202417 ], [ 5.248956024064102, 43.443934846987176 ], [ 5.247721785620134, 43.443960460119989 ], [ 5.247686643201869, 43.443061160917992 ], [ 5.248920862369779, 43.443035548202417 ] ] ] } },
{ "type": "Feature", "properties": { "ndvi_mean": 0.5742, "ndmi_mean": -0.061, "ndbi_mean": 0.061 }, "geometry": { "type": "Polygon", "coordinates": [ [ [ 5.250155080438519, 43.443009921430885 ], [ 5.250190261408848, 43.443909219798172 ], [ 5.248956024064102, 43.443934846987176 ], [ 5.248920862369779, 43.443035548202417 ], [ 5.250155080438519, 43.443009921430885 ] ] ] } },
{ "type": "Feature", "properties": { "ndvi_mean": 0.7743, "ndmi_mean": 0.0575, "ndbi_mean": -0.0575 }, "geometry": { "type": "Polygon", "coordinates": [ [ [ 5.25138929740749, 43.442984280603433 ], [ 5.251424497653773, 43.443883578553006 ], [ 5.250190261408848, 43.443909219798172 ], [ 5.250155080438519, 43.443009921430885 ], [ 5.25138929740749, 43.442984280603433 ] ] ] } },
{ "type": "Feature", "properties": { "ndvi_mean": 0.4892, "ndmi_mean": -0.0475, "ndbi_mean": 0.0475 }, "geometry": { "type": "Polygon", "coordinates": [ [ [ 5.252623513276088, 43.442958625720038 ], [ 5.252658732798274, 43.443857923251699 ], [ 5.251424497653773, 43.443883578553006 ], [ 5.25138929740749, 43.442984280603433 ], [ 5.252623513276088, 43.442958625720038 ] ] ] } },
{ "type": "Feature", "properties": { "ndvi_mean": 0.2505, "ndmi_mean": -0.1606, "ndbi_mean": 0.1606 }, "geometry": { "type": "Polygon", "coordinates": [ [ [ 5.253857728043712, 43.44293295678078 ], [ 5.25389296684175, 43.443832253894257 ], [ 5.252658732798274, 43.443857923251699 ], [ 5.252623513276088, 43.442958625720038 ], [ 5.253857728043712, 43.44293295678078 ] ] ] } },
{ "type": "Feature", "properties": { "ndvi_mean": 0.5386, "ndmi_mean": -0.0563, "ndbi_mean": 0.0563 }, "geometry": { "type": "Polygon", "coordinates": [ [ [ 5.255091941709763, 43.442907273785622 ], [ 5.255127199783601, 43.443806570480703 ], [ 5.25389296684175, 43.443832253894257 ], [ 5.253857728043712, 43.44293295678078 ], [ 5.255091941709763, 43.442907273785622 ] ] ] } },
{ "type": "Feature", "properties": { "ndvi_mean": 0.0913, "ndmi_mean": -0.1011, "ndbi_mean": 0.1011 }, "geometry": { "type": "Polygon", "coordinates": [ [ [ 5.215561920859042, 43.442822848430943 ], [ 5.215596560998889, 43.443722157818705 ], [ 5.214362312380837, 43.443747391016124 ], [ 5.214327691517829, 43.442848081217292 ], [ 5.215561920859042, 43.442822848430943 ] ] ] } },
{ "type": "Feature", "properties": { "ndvi_mean": 0.0573, "ndmi_mean": -0.1107, "ndbi_mean": 0.1107 }, "geometry": { "type": "Polygon", "coordinates": [ [ [ 5.216796149117384, 43.442797601588339 ], [ 5.216830808534016, 43.44369691056481 ], [ 5.215596560998889, 43.443722157818705 ], [ 5.215561920859042, 43.442822848430943 ], [ 5.216796149117384, 43.442797601588339 ] ] ] } },
{ "type": "Feature", "properties": { "ndvi_mean": 0.0441, "ndmi_mean": -0.139, "ndbi_mean": 0.139 }, "geometry": { "type": "Polygon", "coordinates": [ [ [ 5.21803037629225, 43.442772340689494 ], [ 5.218065054985616, 43.443671649254433 ], [ 5.216830808534016, 43.44369691056481 ], [ 5.216796149117384, 43.442797601588339 ], [ 5.21803037629225, 43.442772340689494 ] ] ] } },
{ "type": "Feature", "properties": { "ndvi_mean": 0.0519, "ndmi_mean": -0.2086, "ndbi_mean": 0.2086 }, "geometry": { "type": "Polygon", "coordinates": [ [ [ 5.219264602383038, 43.442747065734437 ], [ 5.219299300353089, 43.443646373887631 ], [ 5.218065054985616, 43.443671649254433 ], [ 5.21803037629225, 43.442772340689494 ], [ 5.219264602383038, 43.442747065734437 ] ] ] } },
{ "type": "Feature", "properties": { "ndvi_mean": 0.0734, "ndmi_mean": -0.1263, "ndbi_mean": 0.1263 }, "geometry": { "type": "Polygon", "coordinates": [ [ [ 5.220498827389148, 43.442721776723204 ], [ 5.220533544635833, 43.443621084464418 ], [ 5.219299300353089, 43.443646373887631 ], [ 5.219264602383038, 43.442747065734437 ], [ 5.220498827389148, 43.442721776723204 ] ] ] } },
{ "type": "Feature", "properties": { "ndvi_mean": 0.0613, "ndmi_mean": -0.3732, "ndbi_mean": 0.3732 }, "geometry": { "type": "Polygon", "coordinates": [ [ [ 5.221733051309978, 43.442696473655786 ], [ 5.221767787833246, 43.443595780984786 ], [ 5.220533544635833, 43.443621084464418 ], [ 5.220498827389148, 43.442721776723204 ], [ 5.221733051309978, 43.442696473655786 ] ] ] } },
{ "type": "Feature", "properties": { "ndvi_mean": 0.1174, "ndmi_mean": -0.119, "ndbi_mean": 0.119 }, "geometry": { "type": "Polygon", "coordinates": [ [ [ 5.222967274144926, 43.442671156532221 ], [ 5.223002029944725, 43.443570463448758 ], [ 5.221767787833246, 43.443595780984786 ], [ 5.221733051309978, 43.442696473655786 ], [ 5.222967274144926, 43.442671156532221 ] ] ] } },
{ "type": "Feature", "properties": { "ndvi_mean": 0.4163, "ndmi_mean": -0.0173, "ndbi_mean": 0.0173 }, "geometry": { "type": "Polygon", "coordinates": [ [ [ 5.22420149589339, 43.442645825352514 ], [ 5.22423627096967, 43.443545131856389 ], [ 5.223002029944725, 43.443570463448758 ], [ 5.222967274144926, 43.442671156532221 ], [ 5.22420149589339, 43.442645825352514 ] ] ] } },
{ "type": "Feature", "properties": { "ndvi_mean": 0.39, "ndmi_mean": -0.0053, "ndbi_mean": 0.0053 }, "geometry": { "type": "Polygon", "coordinates": [ [ [ 5.225435716554769, 43.442620480116695 ], [ 5.225470510907478, 43.443519786207681 ], [ 5.22423627096967, 43.443545131856389 ], [ 5.22420149589339, 43.442645825352514 ], [ 5.225435716554769, 43.442620480116695 ] ] ] } },
{ "type": "Feature", "properties": { "ndvi_mean": 0.2589, "ndmi_mean": -0.065, "ndbi_mean": 0.065 }, "geometry": { "type": "Polygon", "coordinates": [ [ [ 5.226669936128461, 43.442595120824784 ], [ 5.226704749757548, 43.443494426502639 ], [ 5.225470510907478, 43.443519786207681 ], [ 5.225435716554769, 43.442620480116695 ], [ 5.226669936128461, 43.442595120824784 ] ] ] } },
{ "type": "Feature", "properties": { "ndvi_mean": 0.4844, "ndmi_mean": -0.029, "ndbi_mean": 0.029 }, "geometry": { "type": "Polygon", "coordinates": [ [ [ 5.227904154613864, 43.442569747476767 ], [ 5.22793898751928, 43.443469052741293 ], [ 5.226704749757548, 43.443494426502639 ], [ 5.226669936128461, 43.442595120824784 ], [ 5.227904154613864, 43.442569747476767 ] ] ] } },
{ "type": "Feature", "properties": { "ndvi_mean": 0.7729, "ndmi_mean": -0.0045, "ndbi_mean": 0.0045 }, "geometry": { "type": "Polygon", "coordinates": [ [ [ 5.229138372010377, 43.442544360072731 ], [ 5.229173224192071, 43.443443664923663 ], [ 5.22793898751928, 43.443469052741293 ], [ 5.227904154613864, 43.442569747476767 ], [ 5.229138372010377, 43.442544360072731 ] ] ] } },
{ "type": "Feature", "properties": { "ndvi_mean": 0.4319, "ndmi_mean": -0.0898, "ndbi_mean": 0.0898 }, "geometry": { "type": "Polygon", "coordinates": [ [ [ 5.2303725883174, 43.442518958612638 ], [ 5.230407459775318, 43.44341826304975 ], [ 5.229173224192071, 43.443443664923663 ], [ 5.229138372010377, 43.442544360072731 ], [ 5.2303725883174, 43.442518958612638 ] ] ] } },
{ "type": "Feature", "properties": { "ndvi_mean": 0.3134, "ndmi_mean": -0.082, "ndbi_mean": 0.082 }, "geometry": { "type": "Polygon", "coordinates": [ [ [ 5.231606803534327, 43.442493543096525 ], [ 5.231641694268421, 43.443392847119604 ], [ 5.230407459775318, 43.44341826304975 ], [ 5.2303725883174, 43.442518958612638 ], [ 5.231606803534327, 43.442493543096525 ] ] ] } },
{ "type": "Feature", "properties": { "ndvi_mean": 0.2657, "ndmi_mean": -0.1208, "ndbi_mean": 0.1208 }, "geometry": { "type": "Polygon", "coordinates": [ [ [ 5.232841017660562, 43.442468113524399 ], [ 5.232875927670777, 43.443367417133231 ], [ 5.231641694268421, 43.443392847119604 ], [ 5.231606803534327, 43.442493543096525 ], [ 5.232841017660562, 43.442468113524399 ] ] ] } },
{ "type": "Feature", "properties": { "ndvi_mean": 0.3796, "ndmi_mean": -0.0824, "ndbi_mean": 0.0824 }, "geometry": { "type": "Polygon", "coordinates": [ [ [ 5.234075230695498, 43.442442669896323 ], [ 5.234110159981786, 43.443341973090639 ], [ 5.232875927670777, 43.443367417133231 ], [ 5.232841017660562, 43.442468113524399 ], [ 5.234075230695498, 43.442442669896323 ] ] ] } },
{ "type": "Feature", "properties": { "ndvi_mean": 0.2845, "ndmi_mean": -0.0798, "ndbi_mean": 0.0798 }, "geometry": { "type": "Polygon", "coordinates": [ [ [ 5.235309442638536, 43.442417212212277 ], [ 5.235344391200846, 43.443316514991878 ], [ 5.234110159981786, 43.443341973090639 ], [ 5.234075230695498, 43.442442669896323 ], [ 5.235309442638536, 43.442417212212277 ] ] ] } },
{ "type": "Feature", "properties": { "ndvi_mean": 0.4725, "ndmi_mean": -0.0324, "ndbi_mean": 0.0324 }, "geometry": { "type": "Polygon", "coordinates": [ [ [ 5.236543653489076, 43.442391740472281 ], [ 5.236578621327356, 43.443291042836925 ], [ 5.235344391200846, 43.443316514991878 ], [ 5.235309442638536, 43.442417212212277 ], [ 5.236543653489076, 43.442391740472281 ] ] ] } },
{ "type": "Feature", "properties": { "ndvi_mean": 0.5219, "ndmi_mean": -0.0559, "ndbi_mean": 0.0559 }, "geometry": { "type": "Polygon", "coordinates": [ [ [ 5.237777863246513, 43.442366254676372 ], [ 5.237812850360711, 43.443265556625839 ], [ 5.236578621327356, 43.443291042836925 ], [ 5.236543653489076, 43.442391740472281 ], [ 5.237777863246513, 43.442366254676372 ] ] ] } },
{ "type": "Feature", "properties": { "ndvi_mean": 0.603, "ndmi_mean": 0.004, "ndbi_mean": -0.004 }, "geometry": { "type": "Polygon", "coordinates": [ [ [ 5.239012071910248, 43.442340754824556 ], [ 5.239047078300313, 43.443240056358604 ], [ 5.237812850360711, 43.443265556625839 ], [ 5.237777863246513, 43.442366254676372 ], [ 5.239012071910248, 43.442340754824556 ] ] ] } },
{ "type": "Feature", "properties": { "ndvi_mean": 0.2021, "ndmi_mean": -0.1833, "ndbi_mean": 0.1833 }, "geometry": { "type": "Polygon", "coordinates": [ [ [ 5.240246279479678, 43.442315240916855 ], [ 5.240281305145559, 43.443214542035264 ], [ 5.239047078300313, 43.443240056358604 ], [ 5.239012071910248, 43.442340754824556 ], [ 5.240246279479678, 43.442315240916855 ] ] ] } },
{ "type": "Feature", "properties": { "ndvi_mean": 0.2496, "ndmi_mean": -0.1659, "ndbi_mean": 0.1659 }, "geometry": { "type": "Polygon", "coordinates": [ [ [ 5.241480485954201, 43.44228971295329 ], [ 5.241515530895847, 43.443189013655832 ], [ 5.240281305145559, 43.443214542035264 ], [ 5.240246279479678, 43.442315240916855 ], [ 5.241480485954201, 43.44228971295329 ] ] ] } },
{ "type": "Feature", "properties": { "ndvi_mean": 0.19, "ndmi_mean": -0.1434, "ndbi_mean": 0.1434 }, "geometry": { "type": "Polygon", "coordinates": [ [ [ 5.242714691333218, 43.442264170933882 ], [ 5.242749755550577, 43.443163471220338 ], [ 5.241515530895847, 43.443189013655832 ], [ 5.241480485954201, 43.44228971295329 ], [ 5.242714691333218, 43.442264170933882 ] ] ] } },
{ "type": "Feature", "properties": { "ndvi_mean": 0.2299, "ndmi_mean": -0.1405, "ndbi_mean": 0.1405 }, "geometry": { "type": "Polygon", "coordinates": [ [ [ 5.243948895616124, 43.442238614858674 ], [ 5.243983979109145, 43.443137914728773 ], [ 5.242749755550577, 43.443163471220338 ], [ 5.242714691333218, 43.442264170933882 ], [ 5.243948895616124, 43.442238614858674 ] ] ] } },
{ "type": "Feature", "properties": { "ndvi_mean": 0.3608, "ndmi_mean": -0.0982, "ndbi_mean": 0.0982 }, "geometry": { "type": "Polygon", "coordinates": [ [ [ 5.24518309880232, 43.44221304472763 ], [ 5.245218201570951, 43.443112344181181 ], [ 5.243983979109145, 43.443137914728773 ], [ 5.243948895616124, 43.442238614858674 ], [ 5.24518309880232, 43.44221304472763 ] ] ] } },
{ "type": "Feature", "properties": { "ndvi_mean": 0.4855, "ndmi_mean": -0.1215, "ndbi_mean": 0.1215 }, "geometry": { "type": "Polygon", "coordinates": [ [ [ 5.246417300891203, 43.442187460540815 ], [ 5.246452422935393, 43.443086759577589 ], [ 5.245218201570951, 43.443112344181181 ], [ 5.24518309880232, 43.44221304472763 ], [ 5.246417300891203, 43.442187460540815 ] ] ] } },
{ "type": "Feature", "properties": { "ndvi_mean": 0.3985, "ndmi_mean": -0.1081, "ndbi_mean": 0.1081 }, "geometry": { "type": "Polygon", "coordinates": [ [ [ 5.247651501882172, 43.442161862298235 ], [ 5.247686643201869, 43.443061160917992 ], [ 5.246452422935393, 43.443086759577589 ], [ 5.246417300891203, 43.442187460540815 ], [ 5.247651501882172, 43.442161862298235 ] ] ] } },
{ "type": "Feature", "properties": { "ndvi_mean": 0.343, "ndmi_mean": -0.1485, "ndbi_mean": 0.1485 }, "geometry": { "type": "Polygon", "coordinates": [ [ [ 5.248885701774626, 43.442136249999898 ], [ 5.248920862369779, 43.443035548202417 ], [ 5.247686643201869, 43.443061160917992 ], [ 5.247651501882172, 43.442161862298235 ], [ 5.248885701774626, 43.442136249999898 ] ] ] } },
{ "type": "Feature", "properties": { "ndvi_mean": 0.6305, "ndmi_mean": -0.2423, "ndbi_mean": 0.2423 }, "geometry": { "type": "Polygon", "coordinates": [ [ [ 5.250119900567961, 43.442110623645867 ], [ 5.250155080438519, 43.443009921430885 ], [ 5.248920862369779, 43.443035548202417 ], [ 5.248885701774626, 43.442136249999898 ], [ 5.250119900567961, 43.442110623645867 ] ] ] } },
{ "type": "Feature", "properties": { "ndvi_mean": 0.5102, "ndmi_mean": -0.0977, "ndbi_mean": 0.0977 }, "geometry": { "type": "Polygon", "coordinates": [ [ [ 5.251354098261579, 43.442084983236093 ], [ 5.25138929740749, 43.442984280603433 ], [ 5.250155080438519, 43.443009921430885 ], [ 5.250119900567961, 43.442110623645867 ], [ 5.251354098261579, 43.442084983236093 ] ] ] } },
{ "type": "Feature", "properties": { "ndvi_mean": 0.4273, "ndmi_mean": -0.0968, "ndbi_mean": 0.0968 }, "geometry": { "type": "Polygon", "coordinates": [ [ [ 5.252588294854875, 43.442059328770647 ], [ 5.252623513276088, 43.442958625720038 ], [ 5.25138929740749, 43.442984280603433 ], [ 5.251354098261579, 43.442084983236093 ], [ 5.252588294854875, 43.442059328770647 ] ] ] } },
{ "type": "Feature", "properties": { "ndvi_mean": 0.2559, "ndmi_mean": -0.112, "ndbi_mean": 0.112 }, "geometry": { "type": "Polygon", "coordinates": [ [ [ 5.25382249034725, 43.442033660249528 ], [ 5.253857728043712, 43.44293295678078 ], [ 5.252623513276088, 43.442958625720038 ], [ 5.252588294854875, 43.442059328770647 ], [ 5.25382249034725, 43.442033660249528 ] ] ] } },
{ "type": "Feature", "properties": { "ndvi_mean": 0.2613, "ndmi_mean": -0.1319, "ndbi_mean": 0.1319 }, "geometry": { "type": "Polygon", "coordinates": [ [ [ 5.255056684738101, 43.442007977672766 ], [ 5.255091941709763, 43.442907273785622 ], [ 5.253857728043712, 43.44293295678078 ], [ 5.25382249034725, 43.442033660249528 ], [ 5.255056684738101, 43.442007977672766 ] ] ] } },
{ "type": "Feature", "properties": { "ndvi_mean": 0.0369, "ndmi_mean": -0.1044, "ndbi_mean": 0.1044 }, "geometry": { "type": "Polygon", "coordinates": [ [ [ 5.21552728180207, 43.441923539625854 ], [ 5.215561920859042, 43.442822848430943 ], [ 5.214327691517829, 43.442848081217292 ], [ 5.214293071737091, 43.441948772001155 ], [ 5.21552728180207, 43.441923539625854 ] ] ] } },
{ "type": "Feature", "properties": { "ndvi_mean": 0.0457, "ndmi_mean": -0.1059, "ndbi_mean": 0.1059 }, "geometry": { "type": "Polygon", "coordinates": [ [ [ 5.216761490784228, 43.441898293194534 ], [ 5.216796149117384, 43.442797601588339 ], [ 5.215561920859042, 43.442822848430943 ], [ 5.21552728180207, 43.441923539625854 ], [ 5.216761490784228, 43.441898293194534 ] ] ] } },
{ "type": "Feature", "properties": { "ndvi_mean": 0.0316, "ndmi_mean": -0.1922, "ndbi_mean": 0.1922 }, "geometry": { "type": "Polygon", "coordinates": [ [ [ 5.21799569868296, 43.4418730327072 ], [ 5.21803037629225, 43.442772340689494 ], [ 5.216796149117384, 43.442797601588339 ], [ 5.216761490784228, 43.441898293194534 ], [ 5.21799569868296, 43.4418730327072 ] ] ] } },
{ "type": "Feature", "properties": { "ndvi_mean": 0.0444, "ndmi_mean": -0.1331, "ndbi_mean": 0.1331 }, "geometry": { "type": "Polygon", "coordinates": [ [ [ 5.219229905497667, 43.441847758163902 ], [ 5.219264602383038, 43.442747065734437 ], [ 5.21803037629225, 43.442772340689494 ], [ 5.21799569868296, 43.4418730327072 ], [ 5.219229905497667, 43.441847758163902 ] ] ] } },
{ "type": "Feature", "properties": { "ndvi_mean": 0.1139, "ndmi_mean": -0.1754, "ndbi_mean": 0.1754 }, "geometry": { "type": "Polygon", "coordinates": [ [ [ 5.220464111227745, 43.441822469564642 ], [ 5.220498827389148, 43.442721776723204 ], [ 5.219264602383038, 43.442747065734437 ], [ 5.219229905497667, 43.441847758163902 ], [ 5.220464111227745, 43.441822469564642 ] ] ] } },
{ "type": "Feature", "properties": { "ndvi_mean": 0.0876, "ndmi_mean": -0.1164, "ndbi_mean": 0.1164 }, "geometry": { "type": "Polygon", "coordinates": [ [ [ 5.221698315872593, 43.441797166909424 ], [ 5.221733051309978, 43.442696473655786 ], [ 5.220498827389148, 43.442721776723204 ], [ 5.220464111227745, 43.441822469564642 ], [ 5.221698315872593, 43.441797166909424 ] ] ] } },
{ "type": "Feature", "properties": { "ndvi_mean": 0.1162, "ndmi_mean": 0.0224, "ndbi_mean": -0.0224 }, "geometry": { "type": "Polygon", "coordinates": [ [ [ 5.22293251943161, 43.441771850198286 ], [ 5.222967274144926, 43.442671156532221 ], [ 5.221733051309978, 43.442696473655786 ], [ 5.221698315872593, 43.441797166909424 ], [ 5.22293251943161, 43.441771850198286 ] ] ] } },
{ "type": "Feature", "properties": { "ndvi_mean": 0.1125, "ndmi_mean": -0.0913, "ndbi_mean": 0.0913 }, "geometry": { "type": "Polygon", "coordinates": [ [ [ 5.224166721904196, 43.441746519431241 ], [ 5.22420149589339, 43.442645825352514 ], [ 5.222967274144926, 43.442671156532221 ], [ 5.22293251943161, 43.441771850198286 ], [ 5.224166721904196, 43.441746519431241 ] ] ] } },
{ "type": "Feature", "properties": { "ndvi_mean": 0.2053, "ndmi_mean": -0.0756, "ndbi_mean": 0.0756 }, "geometry": { "type": "Polygon", "coordinates": [ [ [ 5.225400923289746, 43.441721174608297 ], [ 5.225435716554769, 43.442620480116695 ], [ 5.22420149589339, 43.442645825352514 ], [ 5.224166721904196, 43.441746519431241 ], [ 5.225400923289746, 43.441721174608297 ] ] ] } },
{ "type": "Feature", "properties": { "ndvi_mean": 0.2524, "ndmi_mean": -0.0018, "ndbi_mean": 0.0018 }, "geometry": { "type": "Polygon", "coordinates": [ [ [ 5.226635123587662, 43.441695815729489 ], [ 5.226669936128461, 43.442595120824784 ], [ 5.225435716554769, 43.442620480116695 ], [ 5.225400923289746, 43.441721174608297 ], [ 5.226635123587662, 43.441695815729489 ] ] ] } },
{ "type": "Feature", "properties": { "ndvi_mean": 0.2313, "ndmi_mean": -0.0356, "ndbi_mean": 0.0356 }, "geometry": { "type": "Polygon", "coordinates": [ [ [ 5.227869322797339, 43.441670442794852 ], [ 5.227904154613864, 43.442569747476767 ], [ 5.226669936128461, 43.442595120824784 ], [ 5.226635123587662, 43.441695815729489 ], [ 5.227869322797339, 43.441670442794852 ] ] ] } },
{ "type": "Feature", "properties": { "ndvi_mean": 0.4811, "ndmi_mean": -0.0595, "ndbi_mean": 0.0595 }, "geometry": { "type": "Polygon", "coordinates": [ [ [ 5.229103520918178, 43.441645055804372 ], [ 5.229138372010377, 43.442544360072731 ], [ 5.227904154613864, 43.442569747476767 ], [ 5.227869322797339, 43.441670442794852 ], [ 5.229103520918178, 43.441645055804372 ] ] ] } },
{ "type": "Feature", "properties": { "ndvi_mean": 0.8506, "ndmi_mean": -0.058, "ndbi_mean": 0.058 }, "geometry": { "type": "Polygon", "coordinates": [ [ [ 5.230337717949575, 43.441619654758085 ], [ 5.2303725883174, 43.442518958612638 ], [ 5.229138372010377, 43.442544360072731 ], [ 5.229103520918178, 43.441645055804372 ], [ 5.230337717949575, 43.441619654758085 ] ] ] } },
{ "type": "Feature", "properties": { "ndvi_mean": 0.6788, "ndmi_mean": -0.0289, "ndbi_mean": 0.0289 }, "geometry": { "type": "Polygon", "coordinates": [ [ [ 5.23157191389093, 43.441594239656006 ], [ 5.231606803534327, 43.442493543096525 ], [ 5.2303725883174, 43.442518958612638 ], [ 5.230337717949575, 43.441619654758085 ], [ 5.23157191389093, 43.441594239656006 ] ] ] } },
{ "type": "Feature", "properties": { "ndvi_mean": 0.3496, "ndmi_mean": -0.1064, "ndbi_mean": 0.1064 }, "geometry": { "type": "Polygon", "coordinates": [ [ [ 5.232806108741643, 43.441568810498168 ], [ 5.232841017660562, 43.442468113524399 ], [ 5.231606803534327, 43.442493543096525 ], [ 5.23157191389093, 43.441594239656006 ], [ 5.232806108741643, 43.441568810498168 ] ] ] } },
{ "type": "Feature", "properties": { "ndvi_mean": 0.4509, "ndmi_mean": -0.054, "ndbi_mean": 0.054 }, "geometry": { "type": "Polygon", "coordinates": [ [ [ 5.234040302501109, 43.441543367284559 ], [ 5.234075230695498, 43.442442669896323 ], [ 5.232841017660562, 43.442468113524399 ], [ 5.232806108741643, 43.441568810498168 ], [ 5.234040302501109, 43.441543367284559 ] ] ] } },
{ "type": "Feature", "properties": { "ndvi_mean": 0.3316, "ndmi_mean": -0.2186, "ndbi_mean": 0.2186 }, "geometry": { "type": "Polygon", "coordinates": [ [ [ 5.235274495168728, 43.441517910015222 ], [ 5.235309442638536, 43.442417212212277 ], [ 5.234075230695498, 43.442442669896323 ], [ 5.234040302501109, 43.441543367284559 ], [ 5.235274495168728, 43.441517910015222 ] ] ] } },
{ "type": "Feature", "properties": { "ndvi_mean": 0.3739, "ndmi_mean": -0.1295, "ndbi_mean": 0.1295 }, "geometry": { "type": "Polygon", "coordinates": [ [ [ 5.236508686743899, 43.441492438690183 ], [ 5.236543653489076, 43.442391740472281 ], [ 5.235309442638536, 43.442417212212277 ], [ 5.235274495168728, 43.441517910015222 ], [ 5.236508686743899, 43.441492438690183 ] ] ] } },
{ "type": "Feature", "properties": { "ndvi_mean": 0.4059, "ndmi_mean": -0.0672, "ndbi_mean": 0.0672 }, "geometry": { "type": "Polygon", "coordinates": [ [ [ 5.23774287722602, 43.441466953309458 ], [ 5.237777863246513, 43.442366254676372 ], [ 5.236543653489076, 43.442391740472281 ], [ 5.236508686743899, 43.441492438690183 ], [ 5.23774287722602, 43.441466953309458 ] ] ] } },
{ "type": "Feature", "properties": { "ndvi_mean": 0.5825, "ndmi_mean": 0.0162, "ndbi_mean": -0.0162 }, "geometry": { "type": "Polygon", "coordinates": [ [ [ 5.238977066614487, 43.441441453873047 ], [ 5.239012071910248, 43.442340754824556 ], [ 5.237777863246513, 43.442366254676372 ], [ 5.23774287722602, 43.441466953309458 ], [ 5.238977066614487, 43.441441453873047 ] ] ] } },
{ "type": "Feature", "properties": { "ndvi_mean": 0.0891, "ndmi_mean": -0.0954, "ndbi_mean": 0.0954 }, "geometry": { "type": "Polygon", "coordinates": [ [ [ 5.240211254908703, 43.441415940380978 ], [ 5.240246279479678, 43.442315240916855 ], [ 5.239012071910248, 43.442340754824556 ], [ 5.238977066614487, 43.441441453873047 ], [ 5.240211254908703, 43.441415940380978 ] ] ] } },
{ "type": "Feature", "properties": { "ndvi_mean": 0.1049, "ndmi_mean": -0.1061, "ndbi_mean": 0.1061 }, "geometry": { "type": "Polygon", "coordinates": [ [ [ 5.241445442108064, 43.441390412833286 ], [ 5.241480485954201, 43.44228971295329 ], [ 5.240246279479678, 43.442315240916855 ], [ 5.240211254908703, 43.441415940380978 ], [ 5.241445442108064, 43.441390412833286 ] ] ] } },
{ "type": "Feature", "properties": { "ndvi_mean": 0.133, "ndmi_mean": -0.1024, "ndbi_mean": 0.1024 }, "geometry": { "type": "Polygon", "coordinates": [ [ [ 5.242679628211969, 43.441364871229972 ], [ 5.242714691333218, 43.442264170933882 ], [ 5.241480485954201, 43.44228971295329 ], [ 5.241445442108064, 43.441390412833286 ], [ 5.242679628211969, 43.441364871229972 ] ] ] } },
{ "type": "Feature", "properties": { "ndvi_mean": 0.2506, "ndmi_mean": -0.1295, "ndbi_mean": 0.1295 }, "geometry": { "type": "Polygon", "coordinates": [ [ [ 5.243913813219815, 43.441339315571078 ], [ 5.243948895616124, 43.442238614858674 ], [ 5.242714691333218, 43.442264170933882 ], [ 5.242679628211969, 43.441364871229972 ], [ 5.243913813219815, 43.441339315571078 ] ] ] } },
{ "type": "Feature", "properties": { "ndvi_mean": 0.4752, "ndmi_mean": -0.1011, "ndbi_mean": 0.1011 }, "geometry": { "type": "Polygon", "coordinates": [ [ [ 5.245147997131001, 43.441313745856597 ], [ 5.24518309880232, 43.44221304472763 ], [ 5.243948895616124, 43.442238614858674 ], [ 5.243913813219815, 43.441339315571078 ], [ 5.245147997131001, 43.441313745856597 ] ] ] } },
{ "type": "Feature", "properties": { "ndvi_mean": 0.738, "ndmi_mean": -0.0558, "ndbi_mean": 0.0558 }, "geometry": { "type": "Polygon", "coordinates": [ [ [ 5.246382179944927, 43.441288162086551 ], [ 5.246417300891203, 43.442187460540815 ], [ 5.24518309880232, 43.44221304472763 ], [ 5.245147997131001, 43.441313745856597 ], [ 5.246382179944927, 43.441288162086551 ] ] ] } },
{ "type": "Feature", "properties": { "ndvi_mean": 0.6885, "ndmi_mean": -0.0602, "ndbi_mean": 0.0602 }, "geometry": { "type": "Polygon", "coordinates": [ [ [ 5.247616361660989, 43.441262564260967 ], [ 5.247651501882172, 43.442161862298235 ], [ 5.246417300891203, 43.442187460540815 ], [ 5.246382179944927, 43.441288162086551 ], [ 5.247616361660989, 43.441262564260967 ] ] ] } },
{ "type": "Feature", "properties": { "ndvi_mean": 0.3174, "ndmi_mean": -0.1006, "ndbi_mean": 0.1006 }, "geometry": { "type": "Polygon", "coordinates": [ [ [ 5.248850542278588, 43.441236952379874 ], [ 5.248885701774626, 43.442136249999898 ], [ 5.247651501882172, 43.442161862298235 ], [ 5.247616361660989, 43.441262564260967 ], [ 5.248850542278588, 43.441236952379874 ] ] ] } },
{ "type": "Feature", "properties": { "ndvi_mean": 0.5281, "ndmi_mean": -0.1945, "ndbi_mean": 0.1945 }, "geometry": { "type": "Polygon", "coordinates": [ [ [ 5.250084721797122, 43.441211326443295 ], [ 5.250119900567961, 43.442110623645867 ], [ 5.248885701774626, 43.442136249999898 ], [ 5.248850542278588, 43.441236952379874 ], [ 5.250084721797122, 43.441211326443295 ] ] ] } },
{ "type": "Feature", "properties": { "ndvi_mean": 0.4212, "ndmi_mean": -0.0956, "ndbi_mean": 0.0956 }, "geometry": { "type": "Polygon", "coordinates": [ [ [ 5.251318900215987, 43.441185686451227 ], [ 5.251354098261579, 43.442084983236093 ], [ 5.250119900567961, 43.442110623645867 ], [ 5.250084721797122, 43.441211326443295 ], [ 5.251318900215987, 43.441185686451227 ] ] ] } },
{ "type": "Feature", "properties": { "ndvi_mean": 0.4322, "ndmi_mean": -0.0717, "ndbi_mean": 0.0717 }, "geometry": { "type": "Polygon", "coordinates": [ [ [ 5.252553077534585, 43.441160032403687 ], [ 5.252588294854875, 43.442059328770647 ], [ 5.251354098261579, 43.442084983236093 ], [ 5.251318900215987, 43.441185686451227 ], [ 5.252553077534585, 43.441160032403687 ] ] ] } },
{ "type": "Feature", "properties": { "ndvi_mean": 0.3746, "ndmi_mean": -0.0686, "ndbi_mean": 0.0686 }, "geometry": { "type": "Polygon", "coordinates": [ [ [ 5.253787253752311, 43.44113436430073 ], [ 5.25382249034725, 43.442033660249528 ], [ 5.252588294854875, 43.442059328770647 ], [ 5.252553077534585, 43.441160032403687 ], [ 5.253787253752311, 43.44113436430073 ] ] ] } },
{ "type": "Feature", "properties": { "ndvi_mean": 0.2723, "ndmi_mean": -0.1643, "ndbi_mean": 0.1643 }, "geometry": { "type": "Polygon", "coordinates": [ [ [ 5.255021428868566, 43.44110868214235 ], [ 5.255056684738101, 43.442007977672766 ], [ 5.25382249034725, 43.442033660249528 ], [ 5.253787253752311, 43.44113436430073 ], [ 5.255021428868566, 43.44110868214235 ] ] ] } },
{ "type": "Feature", "properties": { "ndvi_mean": 0.0883, "ndmi_mean": -0.1516, "ndbi_mean": 0.1516 }, "geometry": { "type": "Polygon", "coordinates": [ [ [ 5.215492643827921, 43.441024231403617 ], [ 5.21552728180207, 43.441923539625854 ], [ 5.214293071737091, 43.441948772001155 ], [ 5.214258453038575, 43.441049463367854 ], [ 5.215492643827921, 43.441024231403617 ] ] ] } },
{ "type": "Feature", "properties": { "ndvi_mean": 0.0514, "ndmi_mean": -0.1151, "ndbi_mean": 0.1151 }, "geometry": { "type": "Polygon", "coordinates": [ [ [ 5.216726833534496, 43.44099898538358 ], [ 5.216761490784228, 43.441898293194534 ], [ 5.21552728180207, 43.441923539625854 ], [ 5.215492643827921, 43.441024231403617 ], [ 5.216726833534496, 43.44099898538358 ] ] ] } },
{ "type": "Feature", "properties": { "ndvi_mean": 0.0486, "ndmi_mean": -0.1245, "ndbi_mean": 0.1245 }, "geometry": { "type": "Polygon", "coordinates": [ [ [ 5.217961022157696, 43.440973725307749 ], [ 5.21799569868296, 43.4418730327072 ], [ 5.216761490784228, 43.441898293194534 ], [ 5.216726833534496, 43.44099898538358 ], [ 5.217961022157696, 43.440973725307749 ] ] ] } },
{ "type": "Feature", "properties": { "ndvi_mean": 0.0367, "ndmi_mean": -0.1296, "ndbi_mean": 0.1296 }, "geometry": { "type": "Polygon", "coordinates": [ [ [ 5.21919520969692, 43.440948451176197 ], [ 5.219229905497667, 43.441847758163902 ], [ 5.21799569868296, 43.4418730327072 ], [ 5.217961022157696, 43.440973725307749 ], [ 5.21919520969692, 43.440948451176197 ] ] ] } },
{ "type": "Feature", "properties": { "ndvi_mean": 0.0352, "ndmi_mean": -0.1105, "ndbi_mean": 0.1105 }, "geometry": { "type": "Polygon", "coordinates": [ [ [ 5.220429396151569, 43.440923162988888 ], [ 5.220464111227745, 43.441822469564642 ], [ 5.219229905497667, 43.441847758163902 ], [ 5.21919520969692, 43.440948451176197 ], [ 5.220429396151569, 43.440923162988888 ] ] ] } },
{ "type": "Feature", "properties": { "ndvi_mean": 0.0489, "ndmi_mean": -0.2137, "ndbi_mean": 0.2137 }, "geometry": { "type": "Polygon", "coordinates": [ [ [ 5.221663581521039, 43.440897860745864 ], [ 5.221698315872593, 43.441797166909424 ], [ 5.220464111227745, 43.441822469564642 ], [ 5.220429396151569, 43.440923162988888 ], [ 5.221663581521039, 43.440897860745864 ] ] ] } },
{ "type": "Feature", "properties": { "ndvi_mean": 0.121, "ndmi_mean": -0.1594, "ndbi_mean": 0.1594 }, "geometry": { "type": "Polygon", "coordinates": [ [ [ 5.222897765804728, 43.440872544447146 ], [ 5.22293251943161, 43.441771850198286 ], [ 5.221698315872593, 43.441797166909424 ], [ 5.221663581521039, 43.440897860745864 ], [ 5.222897765804728, 43.440872544447146 ] ] ] } },
{ "type": "Feature", "properties": { "ndvi_mean": 0.1193, "ndmi_mean": -0.1163, "ndbi_mean": 0.1163 }, "geometry": { "type": "Polygon", "coordinates": [ [ [ 5.224131949002036, 43.440847214092756 ], [ 5.224166721904196, 43.441746519431241 ], [ 5.22293251943161, 43.441771850198286 ], [ 5.222897765804728, 43.440872544447146 ], [ 5.224131949002036, 43.440847214092756 ] ] ] } },
{ "type": "Feature", "properties": { "ndvi_mean": 0.0737, "ndmi_mean": -0.1348, "ndbi_mean": 0.1348 }, "geometry": { "type": "Polygon", "coordinates": [ [ [ 5.225366131112359, 43.440821869682708 ], [ 5.225400923289746, 43.441721174608297 ], [ 5.224166721904196, 43.441746519431241 ], [ 5.224131949002036, 43.440847214092756 ], [ 5.225366131112359, 43.440821869682708 ] ] ] } },
{ "type": "Feature", "properties": { "ndvi_mean": 0.2516, "ndmi_mean": -0.0634, "ndbi_mean": 0.0634 }, "geometry": { "type": "Polygon", "coordinates": [ [ [ 5.226600312135099, 43.440796511217023 ], [ 5.226635123587662, 43.441695815729489 ], [ 5.225400923289746, 43.441721174608297 ], [ 5.225366131112359, 43.440821869682708 ], [ 5.226600312135099, 43.440796511217023 ] ] ] } },
{ "type": "Feature", "properties": { "ndvi_mean": 0.3514, "ndmi_mean": -0.042, "ndbi_mean": 0.042 }, "geometry": { "type": "Polygon", "coordinates": [ [ [ 5.227834492069651, 43.440771138695709 ], [ 5.227869322797339, 43.441670442794852 ], [ 5.226635123587662, 43.441695815729489 ], [ 5.226600312135099, 43.440796511217023 ], [ 5.227834492069651, 43.440771138695709 ] ] ] } },
{ "type": "Feature", "properties": { "ndvi_mean": 0.4274, "ndmi_mean": -0.0588, "ndbi_mean": 0.0588 }, "geometry": { "type": "Polygon", "coordinates": [ [ [ 5.229068670915417, 43.440745752118808 ], [ 5.229103520918178, 43.441645055804372 ], [ 5.227869322797339, 43.441670442794852 ], [ 5.227834492069651, 43.440771138695709 ], [ 5.229068670915417, 43.440745752118808 ] ] ] } },
{ "type": "Feature", "properties": { "ndvi_mean": 0.3903, "ndmi_mean": -0.1297, "ndbi_mean": 0.1297 }, "geometry": { "type": "Polygon", "coordinates": [ [ [ 5.230302848671792, 43.440720351486306 ], [ 5.230337717949575, 43.441619654758085 ], [ 5.229103520918178, 43.441645055804372 ], [ 5.229068670915417, 43.440745752118808 ], [ 5.230302848671792, 43.440720351486306 ] ] ] } },
{ "type": "Feature", "properties": { "ndvi_mean": 0.2547, "ndmi_mean": -0.1172, "ndbi_mean": 0.1172 }, "geometry": { "type": "Polygon", "coordinates": [ [ [ 5.231537025338176, 43.440694936798273 ], [ 5.23157191389093, 43.441594239656006 ], [ 5.230337717949575, 43.441619654758085 ], [ 5.230302848671792, 43.440720351486306 ], [ 5.231537025338176, 43.440694936798273 ] ] ] } },
{ "type": "Feature", "properties": { "ndvi_mean": 0.1464, "ndmi_mean": -0.1628, "ndbi_mean": 0.1628 }, "geometry": { "type": "Polygon", "coordinates": [ [ [ 5.232771200913968, 43.440669508054661 ], [ 5.232806108741643, 43.441568810498168 ], [ 5.23157191389093, 43.441594239656006 ], [ 5.231537025338176, 43.440694936798273 ], [ 5.232771200913968, 43.440669508054661 ] ] ] } },
{ "type": "Feature", "properties": { "ndvi_mean": 0.3457, "ndmi_mean": -0.1213, "ndbi_mean": 0.1213 }, "geometry": { "type": "Polygon", "coordinates": [ [ [ 5.234005375398565, 43.440644065255547 ], [ 5.234040302501109, 43.441543367284559 ], [ 5.232806108741643, 43.441568810498168 ], [ 5.232771200913968, 43.440669508054661 ], [ 5.234005375398565, 43.440644065255547 ] ] ] } },
{ "type": "Feature", "properties": { "ndvi_mean": 0.4151, "ndmi_mean": -0.12, "ndbi_mean": 0.12 }, "geometry": { "type": "Polygon", "coordinates": [ [ [ 5.235239548791367, 43.440618608400925 ], [ 5.235274495168728, 43.441517910015222 ], [ 5.234040302501109, 43.441543367284559 ], [ 5.234005375398565, 43.440644065255547 ], [ 5.235239548791367, 43.440618608400925 ] ] ] } },
{ "type": "Feature", "properties": { "ndvi_mean": 0.7644, "ndmi_mean": 0.0408, "ndbi_mean": -0.0408 }, "geometry": { "type": "Polygon", "coordinates": [ [ [ 5.23647372109177, 43.440593137490822 ], [ 5.236508686743899, 43.441492438690183 ], [ 5.235274495168728, 43.441517910015222 ], [ 5.235239548791367, 43.440618608400925 ], [ 5.23647372109177, 43.440593137490822 ] ] ] } },
{ "type": "Feature", "properties": { "ndvi_mean": 0.6934, "ndmi_mean": 0.071, "ndbi_mean": -0.071 }, "geometry": { "type": "Polygon", "coordinates": [ [ [ 5.237707892299176, 43.440567652525274 ], [ 5.23774287722602, 43.441466953309458 ], [ 5.236508686743899, 43.441492438690183 ], [ 5.23647372109177, 43.440593137490822 ], [ 5.237707892299176, 43.440567652525274 ] ] ] } },
{ "type": "Feature", "properties": { "ndvi_mean": 0.467, "ndmi_mean": 0.047, "ndbi_mean": -0.047 }, "geometry": { "type": "Polygon", "coordinates": [ [ [ 5.238942062412981, 43.440542153504254 ], [ 5.238977066614487, 43.441441453873047 ], [ 5.23774287722602, 43.441466953309458 ], [ 5.237707892299176, 43.440567652525274 ], [ 5.238942062412981, 43.440542153504254 ] ] ] } },
{ "type": "Feature", "properties": { "ndvi_mean": 0.0621, "ndmi_mean": -0.1256, "ndbi_mean": 0.1256 }, "geometry": { "type": "Polygon", "coordinates": [ [ [ 5.240176231432584, 43.440516640427823 ], [ 5.240211254908703, 43.441415940380978 ], [ 5.238977066614487, 43.441441453873047 ], [ 5.238942062412981, 43.440542153504254 ], [ 5.240176231432584, 43.440516640427823 ] ] ] } },
{ "type": "Feature", "properties": { "ndvi_mean": 0.1362, "ndmi_mean": -0.2097, "ndbi_mean": 0.2097 }, "geometry": { "type": "Polygon", "coordinates": [ [ [ 5.241410399357382, 43.440491113295984 ], [ 5.241445442108064, 43.441390412833286 ], [ 5.240211254908703, 43.441415940380978 ], [ 5.240176231432584, 43.440516640427823 ], [ 5.241410399357382, 43.440491113295984 ] ] ] } },
{ "type": "Feature", "properties": { "ndvi_mean": 0.1058, "ndmi_mean": -0.1268, "ndbi_mean": 0.1268 }, "geometry": { "type": "Polygon", "coordinates": [ [ [ 5.242644566186776, 43.440465572108749 ], [ 5.242679628211969, 43.441364871229972 ], [ 5.241445442108064, 43.441390412833286 ], [ 5.241410399357382, 43.440491113295984 ], [ 5.242644566186776, 43.440465572108749 ] ] ] } },
{ "type": "Feature", "properties": { "ndvi_mean": 0.0757, "ndmi_mean": -0.1311, "ndbi_mean": 0.1311 }, "geometry": { "type": "Polygon", "coordinates": [ [ [ 5.243878731920164, 43.44044001686617 ], [ 5.243913813219815, 43.441339315571078 ], [ 5.242679628211969, 43.441364871229972 ], [ 5.242644566186776, 43.440465572108749 ], [ 5.243878731920164, 43.44044001686617 ] ] ] } },
{ "type": "Feature", "properties": { "ndvi_mean": 0.178, "ndmi_mean": -0.1117, "ndbi_mean": 0.1117 }, "geometry": { "type": "Polygon", "coordinates": [ [ [ 5.245112896556943, 43.440414447568223 ], [ 5.245147997131001, 43.441313745856597 ], [ 5.243913813219815, 43.441339315571078 ], [ 5.243878731920164, 43.44044001686617 ], [ 5.245112896556943, 43.440414447568223 ] ] ] } },
{ "type": "Feature", "properties": { "ndvi_mean": 0.3151, "ndmi_mean": -0.1411, "ndbi_mean": 0.1411 }, "geometry": { "type": "Polygon", "coordinates": [ [ [ 5.246347060096513, 43.440388864214967 ], [ 5.246382179944927, 43.441288162086551 ], [ 5.245147997131001, 43.441313745856597 ], [ 5.245112896556943, 43.440414447568223 ], [ 5.246347060096513, 43.440388864214967 ] ] ] } },
{ "type": "Feature", "properties": { "ndvi_mean": 0.5525, "ndmi_mean": -0.0968, "ndbi_mean": 0.0968 }, "geometry": { "type": "Polygon", "coordinates": [ [ [ 5.247581222538272, 43.440363266806372 ], [ 5.247616361660989, 43.441262564260967 ], [ 5.246382179944927, 43.441288162086551 ], [ 5.246347060096513, 43.440388864214967 ], [ 5.247581222538272, 43.440363266806372 ] ] ] } },
{ "type": "Feature", "properties": { "ndvi_mean": 0.4804, "ndmi_mean": -0.1605, "ndbi_mean": 0.1605 }, "geometry": { "type": "Polygon", "coordinates": [ [ [ 5.248815383881618, 43.440337655342518 ], [ 5.248850542278588, 43.441236952379874 ], [ 5.247616361660989, 43.441262564260967 ], [ 5.247581222538272, 43.440363266806372 ], [ 5.248815383881618, 43.440337655342518 ] ] ] } },
{ "type": "Feature", "properties": { "ndvi_mean": 0.3867, "ndmi_mean": -0.1102, "ndbi_mean": 0.1102 }, "geometry": { "type": "Polygon", "coordinates": [ [ [ 5.250049544125948, 43.440312029823374 ], [ 5.250084721797122, 43.441211326443295 ], [ 5.248850542278588, 43.441236952379874 ], [ 5.248815383881618, 43.440337655342518 ], [ 5.250049544125948, 43.440312029823374 ] ] ] } },
{ "type": "Feature", "properties": { "ndvi_mean": 0.353, "ndmi_mean": -0.0604, "ndbi_mean": 0.0604 }, "geometry": { "type": "Polygon", "coordinates": [ [ [ 5.251283703270665, 43.440286390249007 ], [ 5.251318900215987, 43.441185686451227 ], [ 5.250084721797122, 43.441211326443295 ], [ 5.250049544125948, 43.440312029823374 ], [ 5.251283703270665, 43.440286390249007 ] ] ] } },
{ "type": "Feature", "properties": { "ndvi_mean": 0.214, "ndmi_mean": -0.0609, "ndbi_mean": 0.0609 }, "geometry": { "type": "Polygon", "coordinates": [ [ [ 5.252517861315163, 43.440260736619386 ], [ 5.252553077534585, 43.441160032403687 ], [ 5.251318900215987, 43.441185686451227 ], [ 5.251283703270665, 43.440286390249007 ], [ 5.252517861315163, 43.440260736619386 ] ] ] } },
{ "type": "Feature", "properties": { "ndvi_mean": 0.5035, "ndmi_mean": -0.0309, "ndbi_mean": 0.0309 }, "geometry": { "type": "Polygon", "coordinates": [ [ [ 5.253752018258843, 43.440235068934562 ], [ 5.253787253752311, 43.44113436430073 ], [ 5.252553077534585, 43.441160032403687 ], [ 5.252517861315163, 43.440260736619386 ], [ 5.253752018258843, 43.440235068934562 ] ] ] } },
{ "type": "Feature", "properties": { "ndvi_mean": 0.2597, "ndmi_mean": -0.1057, "ndbi_mean": 0.1057 }, "geometry": { "type": "Polygon", "coordinates": [ [ [ 5.254986174101102, 43.44020938719455 ], [ 5.255021428868566, 43.44110868214235 ], [ 5.253787253752311, 43.44113436430073 ], [ 5.253752018258843, 43.440235068934562 ], [ 5.254986174101102, 43.44020938719455 ] ] ] } },
{ "type": "Feature", "properties": { "ndvi_mean": 0.2673, "ndmi_mean": -0.2206, "ndbi_mean": 0.2206 }, "geometry": { "type": "Polygon", "coordinates": [ [ [ 5.215458006936545, 43.440124923764444 ], [ 5.215492643827921, 43.441024231403617 ], [ 5.214258453038575, 43.441049463367854 ], [ 5.214223835422229, 43.44015015531766 ], [ 5.215458006936545, 43.440124923764444 ] ] ] } },
{ "type": "Feature", "properties": { "ndvi_mean": 0.1652, "ndmi_mean": -0.1714, "ndbi_mean": 0.1714 }, "geometry": { "type": "Polygon", "coordinates": [ [ [ 5.216692177368137, 43.440099678155697 ], [ 5.216726833534496, 43.44099898538358 ], [ 5.215492643827921, 43.441024231403617 ], [ 5.215458006936545, 43.440124923764444 ], [ 5.216692177368137, 43.440099678155697 ] ] ] } },
{ "type": "Feature", "properties": { "ndvi_mean": 0.0653, "ndmi_mean": -0.1535, "ndbi_mean": 0.1535 }, "geometry": { "type": "Polygon", "coordinates": [ [ [ 5.217926346716407, 43.440074418491378 ], [ 5.217961022157696, 43.440973725307749 ], [ 5.216726833534496, 43.44099898538358 ], [ 5.216692177368137, 43.440099678155697 ], [ 5.217926346716407, 43.440074418491378 ] ] ] } },
{ "type": "Feature", "properties": { "ndvi_mean": 0.0447, "ndmi_mean": -0.1134, "ndbi_mean": 0.1134 }, "geometry": { "type": "Polygon", "coordinates": [ [ [ 5.219160514980753, 43.440049144771528 ], [ 5.21919520969692, 43.440948451176197 ], [ 5.217961022157696, 43.440973725307749 ], [ 5.217926346716407, 43.440074418491378 ], [ 5.219160514980753, 43.440049144771528 ] ] ] } },
{ "type": "Feature", "properties": { "ndvi_mean": 0.0384, "ndmi_mean": -0.1188, "ndbi_mean": 0.1188 }, "geometry": { "type": "Polygon", "coordinates": [ [ [ 5.220394682160572, 43.440023856996177 ], [ 5.220429396151569, 43.440923162988888 ], [ 5.21919520969692, 43.440948451176197 ], [ 5.219160514980753, 43.440049144771528 ], [ 5.220394682160572, 43.440023856996177 ] ] ] } },
{ "type": "Feature", "properties": { "ndvi_mean": 0.034, "ndmi_mean": -0.12, "ndbi_mean": 0.12 }, "geometry": { "type": "Polygon", "coordinates": [ [ [ 5.221628848255264, 43.439998555165346 ], [ 5.221663581521039, 43.440897860745864 ], [ 5.220429396151569, 43.440923162988888 ], [ 5.220394682160572, 43.440023856996177 ], [ 5.221628848255264, 43.439998555165346 ] ] ] } },
{ "type": "Feature", "properties": { "ndvi_mean": 0.057, "ndmi_mean": -0.1358, "ndbi_mean": 0.1358 }, "geometry": { "type": "Polygon", "coordinates": [ [ [ 5.222863013264227, 43.439973239279063 ], [ 5.222897765804728, 43.440872544447146 ], [ 5.221663581521039, 43.440897860745864 ], [ 5.221628848255264, 43.439998555165346 ], [ 5.222863013264227, 43.439973239279063 ] ] ] } },
{ "type": "Feature", "properties": { "ndvi_mean": 0.0592, "ndmi_mean": -0.0682, "ndbi_mean": 0.0682 }, "geometry": { "type": "Polygon", "coordinates": [ [ [ 5.224097177186859, 43.439947909337313 ], [ 5.224131949002036, 43.440847214092756 ], [ 5.222897765804728, 43.440872544447146 ], [ 5.222863013264227, 43.439973239279063 ], [ 5.224097177186859, 43.439947909337313 ] ] ] } },
{ "type": "Feature", "properties": { "ndvi_mean": 0.1789, "ndmi_mean": -0.0788, "ndbi_mean": 0.0788 }, "geometry": { "type": "Polygon", "coordinates": [ [ [ 5.225331340022558, 43.43992256534014 ], [ 5.225366131112359, 43.440821869682708 ], [ 5.224131949002036, 43.440847214092756 ], [ 5.224097177186859, 43.439947909337313 ], [ 5.225331340022558, 43.43992256534014 ] ] ] } },
{ "type": "Feature", "properties": { "ndvi_mean": 0.1866, "ndmi_mean": -0.1316, "ndbi_mean": 0.1316 }, "geometry": { "type": "Polygon", "coordinates": [ [ [ 5.226565501770723, 43.439897207287558 ], [ 5.226600312135099, 43.440796511217023 ], [ 5.225366131112359, 43.440821869682708 ], [ 5.225331340022558, 43.43992256534014 ], [ 5.226565501770723, 43.439897207287558 ] ] ] } },
{ "type": "Feature", "properties": { "ndvi_mean": 0.2942, "ndmi_mean": -0.1011, "ndbi_mean": 0.1011 }, "geometry": { "type": "Polygon", "coordinates": [ [ [ 5.227799662430753, 43.439871835179574 ], [ 5.227834492069651, 43.440771138695709 ], [ 5.226600312135099, 43.440796511217023 ], [ 5.226565501770723, 43.439897207287558 ], [ 5.227799662430753, 43.439871835179574 ] ] ] } },
{ "type": "Feature", "properties": { "ndvi_mean": 0.2708, "ndmi_mean": -0.0862, "ndbi_mean": 0.0862 }, "geometry": { "type": "Polygon", "coordinates": [ [ [ 5.229033822002046, 43.43984644901623 ], [ 5.229068670915417, 43.440745752118808 ], [ 5.227834492069651, 43.440771138695709 ], [ 5.227799662430753, 43.439871835179574 ], [ 5.229033822002046, 43.43984644901623 ] ] ] } },
{ "type": "Feature", "properties": { "ndvi_mean": 0.2553, "ndmi_mean": -0.1239, "ndbi_mean": 0.1239 }, "geometry": { "type": "Polygon", "coordinates": [ [ [ 5.230267980484002, 43.439821048797533 ], [ 5.230302848671792, 43.440720351486306 ], [ 5.229068670915417, 43.440745752118808 ], [ 5.229033822002046, 43.43984644901623 ], [ 5.230267980484002, 43.439821048797533 ] ] ] } },
{ "type": "Feature", "properties": { "ndvi_mean": 0.1329, "ndmi_mean": -0.1627, "ndbi_mean": 0.1627 }, "geometry": { "type": "Polygon", "coordinates": [ [ [ 5.231502137876015, 43.439795634523492 ], [ 5.231537025338176, 43.440694936798273 ], [ 5.230302848671792, 43.440720351486306 ], [ 5.230267980484002, 43.439821048797533 ], [ 5.231502137876015, 43.439795634523492 ] ] ] } },
{ "type": "Feature", "properties": { "ndvi_mean": 0.1388, "ndmi_mean": -0.1654, "ndbi_mean": 0.1654 }, "geometry": { "type": "Polygon", "coordinates": [ [ [ 5.232736294177489, 43.439770206194162 ], [ 5.232771200913968, 43.440669508054661 ], [ 5.231537025338176, 43.440694936798273 ], [ 5.231502137876015, 43.439795634523492 ], [ 5.232736294177489, 43.439770206194162 ] ] ] } },
{ "type": "Feature", "properties": { "ndvi_mean": 0.2831, "ndmi_mean": -0.1377, "ndbi_mean": 0.1377 }, "geometry": { "type": "Polygon", "coordinates": [ [ [ 5.233970449387818, 43.439744763809514 ], [ 5.234005375398565, 43.440644065255547 ], [ 5.232771200913968, 43.440669508054661 ], [ 5.232736294177489, 43.439770206194162 ], [ 5.233970449387818, 43.439744763809514 ] ] ] } },
{ "type": "Feature", "properties": { "ndvi_mean": 0.6174, "ndmi_mean": -0.0875, "ndbi_mean": 0.0875 }, "geometry": { "type": "Polygon", "coordinates": [ [ [ 5.235204603506403, 43.439719307369593 ], [ 5.235239548791367, 43.440618608400925 ], [ 5.234005375398565, 43.440644065255547 ], [ 5.233970449387818, 43.439744763809514 ], [ 5.235204603506403, 43.439719307369593 ] ] ] } },
{ "type": "Feature", "properties": { "ndvi_mean": 0.6086, "ndmi_mean": -0.0101, "ndbi_mean": 0.0101 }, "geometry": { "type": "Polygon", "coordinates": [ [ [ 5.236438756532642, 43.439693836874419 ], [ 5.23647372109177, 43.440593137490822 ], [ 5.235239548791367, 43.440618608400925 ], [ 5.235204603506403, 43.439719307369593 ], [ 5.236438756532642, 43.439693836874419 ] ] ] } },
{ "type": "Feature", "properties": { "ndvi_mean": 0.734, "ndmi_mean": 0.0518, "ndbi_mean": -0.0518 }, "geometry": { "type": "Polygon", "coordinates": [ [ [ 5.237672908465933, 43.439668352324034 ], [ 5.237707892299176, 43.440567652525274 ], [ 5.23647372109177, 43.440593137490822 ], [ 5.236438756532642, 43.439693836874419 ], [ 5.237672908465933, 43.439668352324034 ] ] ] } },
{ "type": "Feature", "properties": { "ndvi_mean": 0.2315, "ndmi_mean": -0.0766, "ndbi_mean": 0.0766 }, "geometry": { "type": "Polygon", "coordinates": [ [ [ 5.238907059305676, 43.439642853718411 ], [ 5.238942062412981, 43.440542153504254 ], [ 5.237707892299176, 43.440567652525274 ], [ 5.237672908465933, 43.439668352324034 ], [ 5.238907059305676, 43.439642853718411 ] ] ] } },
{ "type": "Feature", "properties": { "ndvi_mean": 0.1562, "ndmi_mean": -0.1127, "ndbi_mean": 0.1127 }, "geometry": { "type": "Polygon", "coordinates": [ [ [ 5.240141209051267, 43.439617341057577 ], [ 5.240176231432584, 43.440516640427823 ], [ 5.238942062412981, 43.440542153504254 ], [ 5.238907059305676, 43.439642853718411 ], [ 5.240141209051267, 43.439617341057577 ] ] ] } },
{ "type": "Feature", "properties": { "ndvi_mean": 0.1391, "ndmi_mean": -0.1175, "ndbi_mean": 0.1175 }, "geometry": { "type": "Polygon", "coordinates": [ [ [ 5.241375357702106, 43.439591814341597 ], [ 5.241410399357382, 43.440491113295984 ], [ 5.240176231432584, 43.440516640427823 ], [ 5.240141209051267, 43.439617341057577 ], [ 5.241375357702106, 43.439591814341597 ] ] ] } },
{ "type": "Feature", "properties": { "ndvi_mean": 0.2121, "ndmi_mean": -0.1163, "ndbi_mean": 0.1163 }, "geometry": { "type": "Polygon", "coordinates": [ [ [ 5.242609505257591, 43.439566273570449 ], [ 5.242644566186776, 43.440465572108749 ], [ 5.241410399357382, 43.440491113295984 ], [ 5.241375357702106, 43.439591814341597 ], [ 5.242609505257591, 43.439566273570449 ] ] ] } },
{ "type": "Feature", "properties": { "ndvi_mean": 0.1226, "ndmi_mean": -0.1283, "ndbi_mean": 0.1283 }, "geometry": { "type": "Polygon", "coordinates": [ [ [ 5.243843651717121, 43.439540718744162 ], [ 5.243878731920164, 43.44044001686617 ], [ 5.242644566186776, 43.440465572108749 ], [ 5.242609505257591, 43.439566273570449 ], [ 5.243843651717121, 43.439540718744162 ] ] ] } },
{ "type": "Feature", "properties": { "ndvi_mean": 0.1292, "ndmi_mean": -0.1796, "ndbi_mean": 0.1796 }, "geometry": { "type": "Polygon", "coordinates": [ [ [ 5.245077797080095, 43.439515149862757 ], [ 5.245112896556943, 43.440414447568223 ], [ 5.243878731920164, 43.44044001686617 ], [ 5.243843651717121, 43.439540718744162 ], [ 5.245077797080095, 43.439515149862757 ] ] ] } },
{ "type": "Feature", "properties": { "ndvi_mean": 0.1018, "ndmi_mean": -0.0222, "ndbi_mean": 0.0222 }, "geometry": { "type": "Polygon", "coordinates": [ [ [ 5.24631194134591, 43.439489566926262 ], [ 5.246347060096513, 43.440388864214967 ], [ 5.245112896556943, 43.440414447568223 ], [ 5.245077797080095, 43.439515149862757 ], [ 5.24631194134591, 43.439489566926262 ] ] ] } },
{ "type": "Feature", "properties": { "ndvi_mean": 0.0846, "ndmi_mean": -0.0091, "ndbi_mean": 0.0091 }, "geometry": { "type": "Polygon", "coordinates": [ [ [ 5.247546084513965, 43.439463969934678 ], [ 5.247581222538272, 43.440363266806372 ], [ 5.246347060096513, 43.440388864214967 ], [ 5.24631194134591, 43.439489566926262 ], [ 5.247546084513965, 43.439463969934678 ] ] ] } },
{ "type": "Feature", "properties": { "ndvi_mean": 0.2491, "ndmi_mean": -0.1316, "ndbi_mean": 0.1316 }, "geometry": { "type": "Polygon", "coordinates": [ [ [ 5.24878022658366, 43.43943835888804 ], [ 5.248815383881618, 43.440337655342518 ], [ 5.247581222538272, 43.440363266806372 ], [ 5.247546084513965, 43.439463969934678 ], [ 5.24878022658366, 43.43943835888804 ] ] ] } },
{ "type": "Feature", "properties": { "ndvi_mean": 0.3474, "ndmi_mean": -0.1994, "ndbi_mean": 0.1994 }, "geometry": { "type": "Polygon", "coordinates": [ [ [ 5.250014367554392, 43.439412733786355 ], [ 5.250049544125948, 43.440312029823374 ], [ 5.248815383881618, 43.440337655342518 ], [ 5.24878022658366, 43.43943835888804 ], [ 5.250014367554392, 43.439412733786355 ] ] ] } },
{ "type": "Feature", "properties": { "ndvi_mean": 0.5068, "ndmi_mean": -0.2368, "ndbi_mean": 0.2368 }, "geometry": { "type": "Polygon", "coordinates": [ [ [ 5.25124850742556, 43.439387094629645 ], [ 5.251283703270665, 43.440286390249007 ], [ 5.250049544125948, 43.440312029823374 ], [ 5.250014367554392, 43.439412733786355 ], [ 5.25124850742556, 43.439387094629645 ] ] ] } },
{ "type": "Feature", "properties": { "ndvi_mean": 0.395, "ndmi_mean": -0.1893, "ndbi_mean": 0.1893 }, "geometry": { "type": "Polygon", "coordinates": [ [ [ 5.252482646196561, 43.439361441417944 ], [ 5.252517861315163, 43.440260736619386 ], [ 5.251283703270665, 43.440286390249007 ], [ 5.25124850742556, 43.439387094629645 ], [ 5.252482646196561, 43.439361441417944 ] ] ] } },
{ "type": "Feature", "properties": { "ndvi_mean": 0.4939, "ndmi_mean": -0.0548, "ndbi_mean": 0.0548 }, "geometry": { "type": "Polygon", "coordinates": [ [ [ 5.253716783866795, 43.439335774151267 ], [ 5.253752018258843, 43.440235068934562 ], [ 5.252517861315163, 43.440260736619386 ], [ 5.252482646196561, 43.439361441417944 ], [ 5.253716783866795, 43.439335774151267 ] ] ] } },
{ "type": "Feature", "properties": { "ndvi_mean": 0.497, "ndmi_mean": -0.0185, "ndbi_mean": 0.0185 }, "geometry": { "type": "Polygon", "coordinates": [ [ [ 5.254950920435662, 43.439310092829622 ], [ 5.254986174101102, 43.44020938719455 ], [ 5.253752018258843, 43.440235068934562 ], [ 5.253716783866795, 43.439335774151267 ], [ 5.254950920435662, 43.439310092829622 ] ] ] } },
{ "type": "Feature", "properties": { "ndvi_mean": 0.2991, "ndmi_mean": -0.1821, "ndbi_mean": 0.1821 }, "geometry": { "type": "Polygon", "coordinates": [ [ [ 5.215423371127889, 43.439225616708583 ], [ 5.215458006936545, 43.440124923764444 ], [ 5.214223835422229, 43.44015015531766 ], [ 5.214189218888005, 43.439250847850751 ], [ 5.215423371127889, 43.439225616708583 ] ] ] } },
{ "type": "Feature", "properties": { "ndvi_mean": 0.1711, "ndmi_mean": -0.1645, "ndbi_mean": 0.1645 }, "geometry": { "type": "Polygon", "coordinates": [ [ [ 5.216657522285103, 43.439200371511092 ], [ 5.216692177368137, 43.440099678155697 ], [ 5.215458006936545, 43.440124923764444 ], [ 5.215423371127889, 43.439225616708583 ], [ 5.216657522285103, 43.439200371511092 ] ] ] } },
{ "type": "Feature", "properties": { "ndvi_mean": 0.2078, "ndmi_mean": -0.2535, "ndbi_mean": 0.2535 }, "geometry": { "type": "Polygon", "coordinates": [ [ [ 5.217891672359044, 43.439175112258262 ], [ 5.217926346716407, 43.440074418491378 ], [ 5.216692177368137, 43.440099678155697 ], [ 5.216657522285103, 43.439200371511092 ], [ 5.217891672359044, 43.439175112258262 ] ] ] } },
{ "type": "Feature", "properties": { "ndvi_mean": 0.1019, "ndmi_mean": -0.1522, "ndbi_mean": 0.1522 }, "geometry": { "type": "Polygon", "coordinates": [ [ [ 5.219125821349111, 43.439149838950172 ], [ 5.219160514980753, 43.440049144771528 ], [ 5.217926346716407, 43.440074418491378 ], [ 5.217891672359044, 43.439175112258262 ], [ 5.219125821349111, 43.439149838950172 ] ] ] } },
{ "type": "Feature", "properties": { "ndvi_mean": 0.0487, "ndmi_mean": -0.1217, "ndbi_mean": 0.1217 }, "geometry": { "type": "Polygon", "coordinates": [ [ [ 5.220359969254704, 43.439124551586779 ], [ 5.220394682160572, 43.440023856996177 ], [ 5.219160514980753, 43.440049144771528 ], [ 5.219125821349111, 43.439149838950172 ], [ 5.220359969254704, 43.439124551586779 ] ] ] } },
{ "type": "Feature", "properties": { "ndvi_mean": 0.0444, "ndmi_mean": -0.1252, "ndbi_mean": 0.1252 }, "geometry": { "type": "Polygon", "coordinates": [ [ [ 5.221594116075219, 43.43909925016812 ], [ 5.221628848255264, 43.439998555165346 ], [ 5.220394682160572, 43.440023856996177 ], [ 5.220359969254704, 43.439124551586779 ], [ 5.221594116075219, 43.43909925016812 ] ] ] } },
{ "type": "Feature", "properties": { "ndvi_mean": 0.042, "ndmi_mean": -0.1178, "ndbi_mean": 0.1178 }, "geometry": { "type": "Polygon", "coordinates": [ [ [ 5.222828261810058, 43.439073934694228 ], [ 5.222863013264227, 43.439973239279063 ], [ 5.221628848255264, 43.439998555165346 ], [ 5.221594116075219, 43.43909925016812 ], [ 5.222828261810058, 43.439073934694228 ] ] ] } },
{ "type": "Feature", "properties": { "ndvi_mean": 0.0347, "ndmi_mean": -0.1515, "ndbi_mean": 0.1515 }, "geometry": { "type": "Polygon", "coordinates": [ [ [ 5.224062406458614, 43.439048605165127 ], [ 5.224097177186859, 43.439947909337313 ], [ 5.222863013264227, 43.439973239279063 ], [ 5.222828261810058, 43.439073934694228 ], [ 5.224062406458614, 43.439048605165127 ] ] ] } },
{ "type": "Feature", "properties": { "ndvi_mean": 0.0647, "ndmi_mean": -0.1338, "ndbi_mean": 0.1338 }, "geometry": { "type": "Polygon", "coordinates": [ [ [ 5.225296550020291, 43.439023261580836 ], [ 5.225331340022558, 43.43992256534014 ], [ 5.224097177186859, 43.439947909337313 ], [ 5.224062406458614, 43.439048605165127 ], [ 5.225296550020291, 43.439023261580836 ] ] ] } },
{ "type": "Feature", "properties": { "ndvi_mean": 0.1294, "ndmi_mean": -0.1828, "ndbi_mean": 0.1828 }, "geometry": { "type": "Polygon", "coordinates": [ [ [ 5.226530692494483, 43.438997903941328 ], [ 5.226565501770723, 43.439897207287558 ], [ 5.225331340022558, 43.43992256534014 ], [ 5.225296550020291, 43.439023261580836 ], [ 5.226530692494483, 43.438997903941328 ] ] ] } },
{ "type": "Feature", "properties": { "ndvi_mean": 0.108, "ndmi_mean": -0.1229, "ndbi_mean": 0.1229 }, "geometry": { "type": "Polygon", "coordinates": [ [ [ 5.227764833880592, 43.438972532246666 ], [ 5.227799662430753, 43.439871835179574 ], [ 5.226565501770723, 43.439897207287558 ], [ 5.226530692494483, 43.438997903941328 ], [ 5.227764833880592, 43.438972532246666 ] ] ] } },
{ "type": "Feature", "properties": { "ndvi_mean": 0.1253, "ndmi_mean": -0.1707, "ndbi_mean": 0.1707 }, "geometry": { "type": "Polygon", "coordinates": [ [ [ 5.228998974178015, 43.438947146496893 ], [ 5.229033822002046, 43.43984644901623 ], [ 5.227799662430753, 43.439871835179574 ], [ 5.227764833880592, 43.438972532246666 ], [ 5.228998974178015, 43.438947146496893 ] ] ] } },
{ "type": "Feature", "properties": { "ndvi_mean": 0.1002, "ndmi_mean": -0.1576, "ndbi_mean": 0.1576 }, "geometry": { "type": "Polygon", "coordinates": [ [ [ 5.23023311338615, 43.43892174669196 ], [ 5.230267980484002, 43.439821048797533 ], [ 5.229033822002046, 43.43984644901623 ], [ 5.228998974178015, 43.438947146496893 ], [ 5.23023311338615, 43.43892174669196 ] ] ] } },
{ "type": "Feature", "properties": { "ndvi_mean": 0.1358, "ndmi_mean": -0.1828, "ndbi_mean": 0.1828 }, "geometry": { "type": "Polygon", "coordinates": [ [ [ 5.231467251504397, 43.438896332831952 ], [ 5.231502137876015, 43.439795634523492 ], [ 5.230267980484002, 43.439821048797533 ], [ 5.23023311338615, 43.43892174669196 ], [ 5.231467251504397, 43.438896332831952 ] ] ] } },
{ "type": "Feature", "properties": { "ndvi_mean": 0.1209, "ndmi_mean": -0.2128, "ndbi_mean": 0.2128 }, "geometry": { "type": "Polygon", "coordinates": [ [ [ 5.232701388532152, 43.438870904916847 ], [ 5.232736294177489, 43.439770206194162 ], [ 5.231502137876015, 43.439795634523492 ], [ 5.231467251504397, 43.438896332831952 ], [ 5.232701388532152, 43.438870904916847 ] ] ] } },
{ "type": "Feature", "properties": { "ndvi_mean": 0.1928, "ndmi_mean": -0.082, "ndbi_mean": 0.082 }, "geometry": { "type": "Polygon", "coordinates": [ [ [ 5.233935524468816, 43.438845462946681 ], [ 5.233970449387818, 43.439744763809514 ], [ 5.232736294177489, 43.439770206194162 ], [ 5.232701388532152, 43.438870904916847 ], [ 5.233935524468816, 43.438845462946681 ] ] ] } },
{ "type": "Feature", "properties": { "ndvi_mean": 0.4377, "ndmi_mean": -0.1047, "ndbi_mean": 0.1047 }, "geometry": { "type": "Polygon", "coordinates": [ [ [ 5.235169659313787, 43.438820006921446 ], [ 5.235204603506403, 43.439719307369593 ], [ 5.233970449387818, 43.439744763809514 ], [ 5.233935524468816, 43.438845462946681 ], [ 5.235169659313787, 43.438820006921446 ] ] ] } },
{ "type": "Feature", "properties": { "ndvi_mean": 0.4432, "ndmi_mean": -0.0593, "ndbi_mean": 0.0593 }, "geometry": { "type": "Polygon", "coordinates": [ [ [ 5.236403793066462, 43.438794536841201 ], [ 5.236438756532642, 43.439693836874419 ], [ 5.235204603506403, 43.439719307369593 ], [ 5.235169659313787, 43.438820006921446 ], [ 5.236403793066462, 43.438794536841201 ] ] ] } },
{ "type": "Feature", "properties": { "ndvi_mean": 0.8478, "ndmi_mean": 0.1362, "ndbi_mean": -0.1362 }, "geometry": { "type": "Polygon", "coordinates": [ [ [ 5.23763792572624, 43.438769052705965 ], [ 5.237672908465933, 43.439668352324034 ], [ 5.236438756532642, 43.439693836874419 ], [ 5.236403793066462, 43.438794536841201 ], [ 5.23763792572624, 43.438769052705965 ] ] ] } },
{ "type": "Feature", "properties": { "ndvi_mean": 0.2178, "ndmi_mean": -0.1361, "ndbi_mean": 0.1361 }, "geometry": { "type": "Polygon", "coordinates": [ [ [ 5.238872057292522, 43.438743554515725 ], [ 5.238907059305676, 43.439642853718411 ], [ 5.237672908465933, 43.439668352324034 ], [ 5.23763792572624, 43.438769052705965 ], [ 5.238872057292522, 43.438743554515725 ] ] ] } },
{ "type": "Feature", "properties": { "ndvi_mean": 0.4078, "ndmi_mean": -0.1474, "ndbi_mean": 0.1474 }, "geometry": { "type": "Polygon", "coordinates": [ [ [ 5.240106187764703, 43.438718042270523 ], [ 5.240141209051267, 43.439617341057577 ], [ 5.238907059305676, 43.439642853718411 ], [ 5.238872057292522, 43.438743554515725 ], [ 5.240106187764703, 43.438718042270523 ] ] ] } },
{ "type": "Feature", "properties": { "ndvi_mean": 0.1921, "ndmi_mean": -0.1709, "ndbi_mean": 0.1709 }, "geometry": { "type": "Polygon", "coordinates": [ [ [ 5.241340317142185, 43.438692515970367 ], [ 5.241375357702106, 43.439591814341597 ], [ 5.240141209051267, 43.439617341057577 ], [ 5.240106187764703, 43.438718042270523 ], [ 5.241340317142185, 43.438692515970367 ] ] ] } },
{ "type": "Feature", "properties": { "ndvi_mean": 0.2596, "ndmi_mean": -0.0885, "ndbi_mean": 0.0885 }, "geometry": { "type": "Polygon", "coordinates": [ [ [ 5.242574445424363, 43.438666975615291 ], [ 5.242609505257591, 43.439566273570449 ], [ 5.241375357702106, 43.439591814341597 ], [ 5.241340317142185, 43.438692515970367 ], [ 5.242574445424363, 43.438666975615291 ] ] ] } },
{ "type": "Feature", "properties": { "ndvi_mean": 0.1347, "ndmi_mean": -0.1082, "ndbi_mean": 0.1082 }, "geometry": { "type": "Polygon", "coordinates": [ [ [ 5.243808572610637, 43.438641421205318 ], [ 5.243843651717121, 43.439540718744162 ], [ 5.242609505257591, 43.439566273570449 ], [ 5.242574445424363, 43.438666975615291 ], [ 5.243808572610637, 43.438641421205318 ] ] ] } },
{ "type": "Feature", "properties": { "ndvi_mean": 0.183, "ndmi_mean": -0.075, "ndbi_mean": 0.075 }, "geometry": { "type": "Polygon", "coordinates": [ [ [ 5.245042698700406, 43.43861585274044 ], [ 5.245077797080095, 43.439515149862757 ], [ 5.243843651717121, 43.439540718744162 ], [ 5.243808572610637, 43.438641421205318 ], [ 5.245042698700406, 43.43861585274044 ] ] ] } },
{ "type": "Feature", "properties": { "ndvi_mean": 0.1809, "ndmi_mean": -0.0504, "ndbi_mean": 0.0504 }, "geometry": { "type": "Polygon", "coordinates": [ [ [ 5.246276823693067, 43.438590270220693 ], [ 5.24631194134591, 43.439489566926262 ], [ 5.245077797080095, 43.439515149862757 ], [ 5.245042698700406, 43.43861585274044 ], [ 5.246276823693067, 43.438590270220693 ] ] ] } },
{ "type": "Feature", "properties": { "ndvi_mean": 0.1179, "ndmi_mean": -0.1427, "ndbi_mean": 0.1427 }, "geometry": { "type": "Polygon", "coordinates": [ [ [ 5.247510947588022, 43.438564673646106 ], [ 5.247546084513965, 43.439463969934678 ], [ 5.24631194134591, 43.439489566926262 ], [ 5.246276823693067, 43.438590270220693 ], [ 5.247510947588022, 43.438564673646106 ] ] ] } },
{ "type": "Feature", "properties": { "ndvi_mean": 0.1946, "ndmi_mean": -0.2223, "ndbi_mean": 0.2223 }, "geometry": { "type": "Polygon", "coordinates": [ [ [ 5.248745070384667, 43.438539063016663 ], [ 5.24878022658366, 43.43943835888804 ], [ 5.247546084513965, 43.439463969934678 ], [ 5.247510947588022, 43.438564673646106 ], [ 5.248745070384667, 43.438539063016663 ] ] ] } },
{ "type": "Feature", "properties": { "ndvi_mean": 0.1355, "ndmi_mean": -0.1698, "ndbi_mean": 0.1698 }, "geometry": { "type": "Polygon", "coordinates": [ [ [ 5.249979192082399, 43.438513438332414 ], [ 5.250014367554392, 43.439412733786355 ], [ 5.24878022658366, 43.43943835888804 ], [ 5.248745070384667, 43.438539063016663 ], [ 5.249979192082399, 43.438513438332414 ] ] ] } },
{ "type": "Feature", "properties": { "ndvi_mean": 0.3894, "ndmi_mean": -0.205, "ndbi_mean": 0.205 }, "geometry": { "type": "Polygon", "coordinates": [ [ [ 5.25121331268062, 43.438487799593396 ], [ 5.25124850742556, 43.439387094629645 ], [ 5.250014367554392, 43.439412733786355 ], [ 5.249979192082399, 43.438513438332414 ], [ 5.25121331268062, 43.438487799593396 ] ] ] } },
{ "type": "Feature", "properties": { "ndvi_mean": 0.4183, "ndmi_mean": -0.1948, "ndbi_mean": 0.1948 }, "geometry": { "type": "Polygon", "coordinates": [ [ [ 5.252447432178727, 43.438462146799587 ], [ 5.252482646196561, 43.439361441417944 ], [ 5.25124850742556, 43.439387094629645 ], [ 5.25121331268062, 43.438487799593396 ], [ 5.252447432178727, 43.438462146799587 ] ] ] } },
{ "type": "Feature", "properties": { "ndvi_mean": 0.3543, "ndmi_mean": -0.1648, "ndbi_mean": 0.1648 }, "geometry": { "type": "Polygon", "coordinates": [ [ [ 5.253681550576117, 43.438436479951044 ], [ 5.253716783866795, 43.439335774151267 ], [ 5.252482646196561, 43.439361441417944 ], [ 5.252447432178727, 43.438462146799587 ], [ 5.253681550576117, 43.438436479951044 ] ] ] } },
{ "type": "Feature", "properties": { "ndvi_mean": 0.3486, "ndmi_mean": -0.1696, "ndbi_mean": 0.1696 }, "geometry": { "type": "Polygon", "coordinates": [ [ [ 5.254915667872191, 43.438410799047759 ], [ 5.254950920435662, 43.439310092829622 ], [ 5.253716783866795, 43.439335774151267 ], [ 5.253681550576117, 43.438436479951044 ], [ 5.254915667872191, 43.438410799047759 ] ] ] } },
{ "type": "Feature", "properties": { "ndvi_mean": 0.2985, "ndmi_mean": -0.2399, "ndbi_mean": 0.2399 }, "geometry": { "type": "Polygon", "coordinates": [ [ [ 5.215388736401904, 43.438326310236206 ], [ 5.215423371127889, 43.439225616708583 ], [ 5.214189218888005, 43.439250847850751 ], [ 5.214154603435848, 43.438351540967339 ], [ 5.215388736401904, 43.438326310236206 ] ] ] } },
{ "type": "Feature", "properties": { "ndvi_mean": 0.331, "ndmi_mean": -0.2342, "ndbi_mean": 0.2342 }, "geometry": { "type": "Polygon", "coordinates": [ [ [ 5.21662286828534, 43.438301065449963 ], [ 5.216657522285103, 43.439200371511092 ], [ 5.215423371127889, 43.439225616708583 ], [ 5.215388736401904, 43.438326310236206 ], [ 5.21662286828534, 43.438301065449963 ] ] ] } },
{ "type": "Feature", "properties": { "ndvi_mean": 0.4754, "ndmi_mean": -0.2814, "ndbi_mean": 0.2814 }, "geometry": { "type": "Polygon", "coordinates": [ [ [ 5.217856999085554, 43.438275806608644 ], [ 5.217891672359044, 43.439175112258262 ], [ 5.216657522285103, 43.439200371511092 ], [ 5.21662286828534, 43.438301065449963 ], [ 5.217856999085554, 43.438275806608644 ] ] ] } },
{ "type": "Feature", "properties": { "ndvi_mean": 0.2339, "ndmi_mean": -0.2306, "ndbi_mean": 0.2306 }, "geometry": { "type": "Polygon", "coordinates": [ [ [ 5.219091128801946, 43.438250533712257 ], [ 5.219125821349111, 43.439149838950172 ], [ 5.217891672359044, 43.439175112258262 ], [ 5.217856999085554, 43.438275806608644 ], [ 5.219091128801946, 43.438250533712257 ] ] ] } },
{ "type": "Feature", "properties": { "ndvi_mean": 0.1318, "ndmi_mean": -0.1621, "ndbi_mean": 0.1621 }, "geometry": { "type": "Polygon", "coordinates": [ [ [ 5.220325257433913, 43.438225246760808 ], [ 5.220359969254704, 43.439124551586779 ], [ 5.219125821349111, 43.439149838950172 ], [ 5.219091128801946, 43.438250533712257 ], [ 5.220325257433913, 43.438225246760808 ] ] ] } },
{ "type": "Feature", "properties": { "ndvi_mean": 0.0404, "ndmi_mean": -0.109, "ndbi_mean": 0.109 }, "geometry": { "type": "Polygon", "coordinates": [ [ [ 5.221559384980853, 43.43819994575432 ], [ 5.221594116075219, 43.43909925016812 ], [ 5.220359969254704, 43.439124551586779 ], [ 5.220325257433913, 43.438225246760808 ], [ 5.221559384980853, 43.43819994575432 ] ] ] } },
{ "type": "Feature", "properties": { "ndvi_mean": 0.0268, "ndmi_mean": -0.1091, "ndbi_mean": 0.1091 }, "geometry": { "type": "Polygon", "coordinates": [ [ [ 5.222793511442167, 43.438174630692835 ], [ 5.222828261810058, 43.439073934694228 ], [ 5.221594116075219, 43.43909925016812 ], [ 5.221559384980853, 43.43819994575432 ], [ 5.222793511442167, 43.438174630692835 ] ] ] } },
{ "type": "Feature", "properties": { "ndvi_mean": 0.0494, "ndmi_mean": -0.1484, "ndbi_mean": 0.1484 }, "geometry": { "type": "Polygon", "coordinates": [ [ [ 5.224027636817252, 43.43814930157636 ], [ 5.224062406458614, 43.439048605165127 ], [ 5.222828261810058, 43.439073934694228 ], [ 5.222793511442167, 43.438174630692835 ], [ 5.224027636817252, 43.43814930157636 ] ] ] } },
{ "type": "Feature", "properties": { "ndvi_mean": 0.0414, "ndmi_mean": -0.139, "ndbi_mean": 0.139 }, "geometry": { "type": "Polygon", "coordinates": [ [ [ 5.225261761105505, 43.438123958404923 ], [ 5.225296550020291, 43.439023261580836 ], [ 5.224062406458614, 43.439048605165127 ], [ 5.224027636817252, 43.43814930157636 ], [ 5.225261761105505, 43.438123958404923 ] ] ] } },
{ "type": "Feature", "properties": { "ndvi_mean": 0.1504, "ndmi_mean": -0.1743, "ndbi_mean": 0.1743 }, "geometry": { "type": "Polygon", "coordinates": [ [ [ 5.226495884306328, 43.438098601178517 ], [ 5.226530692494483, 43.438997903941328 ], [ 5.225296550020291, 43.439023261580836 ], [ 5.225261761105505, 43.438123958404923 ], [ 5.226495884306328, 43.438098601178517 ] ] ] } },
{ "type": "Feature", "properties": { "ndvi_mean": 0.0847, "ndmi_mean": -0.142, "ndbi_mean": 0.142 }, "geometry": { "type": "Polygon", "coordinates": [ [ [ 5.227730006419116, 43.438073229897171 ], [ 5.227764833880592, 43.438972532246666 ], [ 5.226530692494483, 43.438997903941328 ], [ 5.226495884306328, 43.438098601178517 ], [ 5.227730006419116, 43.438073229897171 ] ] ] } },
{ "type": "Feature", "properties": { "ndvi_mean": 0.037, "ndmi_mean": -0.1449, "ndbi_mean": 0.1449 }, "geometry": { "type": "Polygon", "coordinates": [ [ [ 5.22896412744327, 43.438047844560934 ], [ 5.228998974178015, 43.438947146496893 ], [ 5.227764833880592, 43.438972532246666 ], [ 5.227730006419116, 43.438073229897171 ], [ 5.22896412744327, 43.438047844560934 ] ] ] } },
{ "type": "Feature", "properties": { "ndvi_mean": 0.0519, "ndmi_mean": -0.1273, "ndbi_mean": 0.1273 }, "geometry": { "type": "Polygon", "coordinates": [ [ [ 5.230198247378188, 43.4380224451698 ], [ 5.23023311338615, 43.43892174669196 ], [ 5.228998974178015, 43.438947146496893 ], [ 5.22896412744327, 43.438047844560934 ], [ 5.230198247378188, 43.4380224451698 ] ] ] } },
{ "type": "Feature", "properties": { "ndvi_mean": 0.1897, "ndmi_mean": -0.1519, "ndbi_mean": 0.1519 }, "geometry": { "type": "Polygon", "coordinates": [ [ [ 5.231432366223267, 43.437997031723775 ], [ 5.231467251504397, 43.438896332831952 ], [ 5.23023311338615, 43.43892174669196 ], [ 5.230198247378188, 43.4380224451698 ], [ 5.231432366223267, 43.437997031723775 ] ] ] } },
{ "type": "Feature", "properties": { "ndvi_mean": 0.1968, "ndmi_mean": -0.2299, "ndbi_mean": 0.2299 }, "geometry": { "type": "Polygon", "coordinates": [ [ [ 5.232666483977907, 43.437971604222909 ], [ 5.232701388532152, 43.438870904916847 ], [ 5.231467251504397, 43.438896332831952 ], [ 5.231432366223267, 43.437997031723775 ], [ 5.232666483977907, 43.437971604222909 ] ] ] } },
{ "type": "Feature", "properties": { "ndvi_mean": 0.1776, "ndmi_mean": -0.1359, "ndbi_mean": 0.1359 }, "geometry": { "type": "Polygon", "coordinates": [ [ [ 5.233900600641507, 43.437946162667195 ], [ 5.233935524468816, 43.438845462946681 ], [ 5.232701388532152, 43.438870904916847 ], [ 5.232666483977907, 43.437971604222909 ], [ 5.233900600641507, 43.437946162667195 ] ] ] } },
{ "type": "Feature", "properties": { "ndvi_mean": 0.3342, "ndmi_mean": -0.138, "ndbi_mean": 0.138 }, "geometry": { "type": "Polygon", "coordinates": [ [ [ 5.235134716213464, 43.437920707056662 ], [ 5.235169659313787, 43.438820006921446 ], [ 5.233935524468816, 43.438845462946681 ], [ 5.233900600641507, 43.437946162667195 ], [ 5.235134716213464, 43.437920707056662 ] ] ] } },
{ "type": "Feature", "properties": { "ndvi_mean": 0.4705, "ndmi_mean": -0.07, "ndbi_mean": 0.07 }, "geometry": { "type": "Polygon", "coordinates": [ [ [ 5.236368830693178, 43.437895237391352 ], [ 5.236403793066462, 43.438794536841201 ], [ 5.235169659313787, 43.438820006921446 ], [ 5.235134716213464, 43.437920707056662 ], [ 5.236368830693178, 43.437895237391352 ] ] ] } },
{ "type": "Feature", "properties": { "ndvi_mean": 0.6647, "ndmi_mean": 0.097, "ndbi_mean": -0.097 }, "geometry": { "type": "Polygon", "coordinates": [ [ [ 5.237602944080044, 43.437869753671265 ], [ 5.23763792572624, 43.438769052705965 ], [ 5.236403793066462, 43.438794536841201 ], [ 5.236368830693178, 43.437895237391352 ], [ 5.237602944080044, 43.437869753671265 ] ] ] } },
{ "type": "Feature", "properties": { "ndvi_mean": 0.2415, "ndmi_mean": -0.2021, "ndbi_mean": 0.2021 }, "geometry": { "type": "Polygon", "coordinates": [ [ [ 5.238837056373467, 43.437844255896394 ], [ 5.238872057292522, 43.438743554515725 ], [ 5.23763792572624, 43.438769052705965 ], [ 5.237602944080044, 43.437869753671265 ], [ 5.238837056373467, 43.437844255896394 ] ] ] } },
{ "type": "Feature", "properties": { "ndvi_mean": 0.2226, "ndmi_mean": -0.0462, "ndbi_mean": 0.0462 }, "geometry": { "type": "Polygon", "coordinates": [ [ [ 5.24007116757284, 43.437818744066796 ], [ 5.240106187764703, 43.438718042270523 ], [ 5.238872057292522, 43.438743554515725 ], [ 5.238837056373467, 43.437844255896394 ], [ 5.24007116757284, 43.437818744066796 ] ] ] } },
{ "type": "Feature", "properties": { "ndvi_mean": 0.2358, "ndmi_mean": -0.1792, "ndbi_mean": 0.1792 }, "geometry": { "type": "Polygon", "coordinates": [ [ [ 5.241305277677563, 43.437793218182485 ], [ 5.241340317142185, 43.438692515970367 ], [ 5.240106187764703, 43.438718042270523 ], [ 5.24007116757284, 43.437818744066796 ], [ 5.241305277677563, 43.437793218182485 ] ] ] } },
{ "type": "Feature", "properties": { "ndvi_mean": 0.4375, "ndmi_mean": -0.0772, "ndbi_mean": 0.0772 }, "geometry": { "type": "Polygon", "coordinates": [ [ [ 5.242539386687036, 43.437767678243461 ], [ 5.242574445424363, 43.438666975615291 ], [ 5.241340317142185, 43.438692515970367 ], [ 5.241305277677563, 43.437793218182485 ], [ 5.242539386687036, 43.437767678243461 ] ] ] } },
{ "type": "Feature", "properties": { "ndvi_mean": 0.1233, "ndmi_mean": -0.0843, "ndbi_mean": 0.0843 }, "geometry": { "type": "Polygon", "coordinates": [ [ [ 5.243773494600656, 43.43774212424978 ], [ 5.243808572610637, 43.438641421205318 ], [ 5.242574445424363, 43.438666975615291 ], [ 5.242539386687036, 43.437767678243461 ], [ 5.243773494600656, 43.43774212424978 ] ] ] } },
{ "type": "Feature", "properties": { "ndvi_mean": 0.1181, "ndmi_mean": -0.0719, "ndbi_mean": 0.0719 }, "geometry": { "type": "Polygon", "coordinates": [ [ [ 5.245007601417823, 43.43771655620143 ], [ 5.245042698700406, 43.43861585274044 ], [ 5.243808572610637, 43.438641421205318 ], [ 5.243773494600656, 43.43774212424978 ], [ 5.245007601417823, 43.43771655620143 ] ] ] } },
{ "type": "Feature", "properties": { "ndvi_mean": 0.5109, "ndmi_mean": 0.0381, "ndbi_mean": -0.0381 }, "geometry": { "type": "Polygon", "coordinates": [ [ [ 5.246241707137933, 43.43769097409843 ], [ 5.246276823693067, 43.438590270220693 ], [ 5.245042698700406, 43.43861585274044 ], [ 5.245007601417823, 43.43771655620143 ], [ 5.246241707137933, 43.43769097409843 ] ] ] } },
{ "type": "Feature", "properties": { "ndvi_mean": 0.2835, "ndmi_mean": -0.1358, "ndbi_mean": 0.1358 }, "geometry": { "type": "Polygon", "coordinates": [ [ [ 5.247475811760387, 43.43766537794081 ], [ 5.247510947588022, 43.438564673646106 ], [ 5.246276823693067, 43.438590270220693 ], [ 5.246241707137933, 43.43769097409843 ], [ 5.247475811760387, 43.43766537794081 ] ] ] } },
{ "type": "Feature", "properties": { "ndvi_mean": 0.1338, "ndmi_mean": -0.2861, "ndbi_mean": 0.2861 }, "geometry": { "type": "Polygon", "coordinates": [ [ [ 5.248709915284583, 43.437639767728577 ], [ 5.248745070384667, 43.438539063016663 ], [ 5.247510947588022, 43.438564673646106 ], [ 5.247475811760387, 43.43766537794081 ], [ 5.248709915284583, 43.437639767728577 ] ] ] } },
{ "type": "Feature", "properties": { "ndvi_mean": 0.2346, "ndmi_mean": -0.237, "ndbi_mean": 0.237 }, "geometry": { "type": "Polygon", "coordinates": [ [ [ 5.249944017709919, 43.437614143461779 ], [ 5.249979192082399, 43.438513438332414 ], [ 5.248745070384667, 43.438539063016663 ], [ 5.248709915284583, 43.437639767728577 ], [ 5.249944017709919, 43.437614143461779 ] ] ] } },
{ "type": "Feature", "properties": { "ndvi_mean": 0.209, "ndmi_mean": -0.1922, "ndbi_mean": 0.1922 }, "geometry": { "type": "Polygon", "coordinates": [ [ [ 5.251178119035794, 43.437588505140411 ], [ 5.25121331268062, 43.438487799593396 ], [ 5.249979192082399, 43.438513438332414 ], [ 5.249944017709919, 43.437614143461779 ], [ 5.251178119035794, 43.437588505140411 ] ] ] } },
{ "type": "Feature", "properties": { "ndvi_mean": 0.4464, "ndmi_mean": -0.1295, "ndbi_mean": 0.1295 }, "geometry": { "type": "Polygon", "coordinates": [ [ [ 5.252412219261607, 43.437562852764493 ], [ 5.252447432178727, 43.438462146799587 ], [ 5.25121331268062, 43.438487799593396 ], [ 5.251178119035794, 43.437588505140411 ], [ 5.252412219261607, 43.437562852764493 ] ] ] } },
{ "type": "Feature", "properties": { "ndvi_mean": 0.256, "ndmi_mean": -0.2346, "ndbi_mean": 0.2346 }, "geometry": { "type": "Polygon", "coordinates": [ [ [ 5.253646318386755, 43.437537186334076 ], [ 5.253681550576117, 43.438436479951044 ], [ 5.252447432178727, 43.438462146799587 ], [ 5.252412219261607, 43.437562852764493 ], [ 5.253646318386755, 43.437537186334076 ] ] ] } },
{ "type": "Feature", "properties": { "ndvi_mean": 0.2562, "ndmi_mean": -0.1113, "ndbi_mean": 0.1113 }, "geometry": { "type": "Polygon", "coordinates": [ [ [ 5.254880416410639, 43.437511505849137 ], [ 5.254915667872191, 43.438410799047759 ], [ 5.253681550576117, 43.438436479951044 ], [ 5.253646318386755, 43.437537186334076 ], [ 5.254880416410639, 43.437511505849137 ] ] ] } },
{ "type": "Feature", "properties": { "ndvi_mean": 0.4385, "ndmi_mean": -0.281, "ndbi_mean": 0.281 }, "geometry": { "type": "Polygon", "coordinates": [ [ [ 5.215354102758539, 43.437427004347541 ], [ 5.215388736401904, 43.438326310236206 ], [ 5.214154603435848, 43.438351540967339 ], [ 5.21411998906571, 43.437452234667667 ], [ 5.215354102758539, 43.437427004347541 ] ] ] } },
{ "type": "Feature", "properties": { "ndvi_mean": 0.492, "ndmi_mean": -0.2806, "ndbi_mean": 0.2806 }, "geometry": { "type": "Polygon", "coordinates": [ [ [ 5.216588215368799, 43.437401759972573 ], [ 5.21662286828534, 43.438301065449963 ], [ 5.215388736401904, 43.438326310236206 ], [ 5.215354102758539, 43.437427004347541 ], [ 5.216588215368799, 43.437401759972573 ] ] ] } },
{ "type": "Feature", "properties": { "ndvi_mean": 0.5497, "ndmi_mean": -0.2897, "ndbi_mean": 0.2897 }, "geometry": { "type": "Polygon", "coordinates": [ [ [ 5.217822326895887, 43.437376501542708 ], [ 5.217856999085554, 43.438275806608644 ], [ 5.21662286828534, 43.438301065449963 ], [ 5.216588215368799, 43.437401759972573 ], [ 5.217822326895887, 43.437376501542708 ] ] ] } },
{ "type": "Feature", "properties": { "ndvi_mean": 0.5231, "ndmi_mean": -0.3171, "ndbi_mean": 0.3171 }, "geometry": { "type": "Polygon", "coordinates": [ [ [ 5.219056437339203, 43.437351229058045 ], [ 5.219091128801946, 43.438250533712257 ], [ 5.217856999085554, 43.438275806608644 ], [ 5.217822326895887, 43.437376501542708 ], [ 5.219056437339203, 43.437351229058045 ] ] ] } },
{ "type": "Feature", "properties": { "ndvi_mean": 0.2095, "ndmi_mean": -0.2471, "ndbi_mean": 0.2471 }, "geometry": { "type": "Polygon", "coordinates": [ [ [ 5.220290546698147, 43.437325942518527 ], [ 5.220325257433913, 43.438225246760808 ], [ 5.219091128801946, 43.438250533712257 ], [ 5.219056437339203, 43.437351229058045 ], [ 5.220290546698147, 43.437325942518527 ] ] ] } },
{ "type": "Feature", "properties": { "ndvi_mean": 0.0464, "ndmi_mean": -0.1195, "ndbi_mean": 0.1195 }, "geometry": { "type": "Polygon", "coordinates": [ [ [ 5.221524654972114, 43.43730064192421 ], [ 5.221559384980853, 43.43819994575432 ], [ 5.220325257433913, 43.438225246760808 ], [ 5.220290546698147, 43.437325942518527 ], [ 5.221524654972114, 43.43730064192421 ] ] ] } },
{ "type": "Feature", "properties": { "ndvi_mean": 0.0285, "ndmi_mean": -0.1072, "ndbi_mean": 0.1072 }, "geometry": { "type": "Polygon", "coordinates": [ [ [ 5.222758762160506, 43.437275327275138 ], [ 5.222793511442167, 43.438174630692835 ], [ 5.221559384980853, 43.43819994575432 ], [ 5.221524654972114, 43.43730064192421 ], [ 5.222758762160506, 43.437275327275138 ] ] ] } },
{ "type": "Feature", "properties": { "ndvi_mean": 0.0427, "ndmi_mean": -0.1332, "ndbi_mean": 0.1332 }, "geometry": { "type": "Polygon", "coordinates": [ [ [ 5.223992868262719, 43.437249998571275 ], [ 5.224027636817252, 43.43814930157636 ], [ 5.222793511442167, 43.438174630692835 ], [ 5.222758762160506, 43.437275327275138 ], [ 5.223992868262719, 43.437249998571275 ] ] ] } },
{ "type": "Feature", "properties": { "ndvi_mean": 0.1096, "ndmi_mean": -0.161, "ndbi_mean": 0.161 }, "geometry": { "type": "Polygon", "coordinates": [ [ [ 5.225226973278153, 43.437224655812685 ], [ 5.225261761105505, 43.438123958404923 ], [ 5.224027636817252, 43.43814930157636 ], [ 5.223992868262719, 43.437249998571275 ], [ 5.225226973278153, 43.437224655812685 ] ] ] } },
{ "type": "Feature", "properties": { "ndvi_mean": 0.163, "ndmi_mean": -0.1699, "ndbi_mean": 0.1699 }, "geometry": { "type": "Polygon", "coordinates": [ [ [ 5.226461077206205, 43.437199298999367 ], [ 5.226495884306328, 43.438098601178517 ], [ 5.225261761105505, 43.438123958404923 ], [ 5.225226973278153, 43.437224655812685 ], [ 5.226461077206205, 43.437199298999367 ] ] ] } },
{ "type": "Feature", "properties": { "ndvi_mean": 0.0529, "ndmi_mean": -0.0912, "ndbi_mean": 0.0912 }, "geometry": { "type": "Polygon", "coordinates": [ [ [ 5.227695180046276, 43.437173928131344 ], [ 5.227730006419116, 43.438073229897171 ], [ 5.226495884306328, 43.438098601178517 ], [ 5.226461077206205, 43.437199298999367 ], [ 5.227695180046276, 43.437173928131344 ] ] ] } },
{ "type": "Feature", "properties": { "ndvi_mean": 0.0414, "ndmi_mean": -0.1105, "ndbi_mean": 0.1105 }, "geometry": { "type": "Polygon", "coordinates": [ [ [ 5.228929281797763, 43.437148543208643 ], [ 5.22896412744327, 43.438047844560934 ], [ 5.227730006419116, 43.438073229897171 ], [ 5.227695180046276, 43.437173928131344 ], [ 5.228929281797763, 43.437148543208643 ] ] ] } },
{ "type": "Feature", "properties": { "ndvi_mean": 0.1649, "ndmi_mean": -0.1643, "ndbi_mean": 0.1643 }, "geometry": { "type": "Polygon", "coordinates": [ [ [ 5.230163382460064, 43.437123144231272 ], [ 5.230198247378188, 43.4380224451698 ], [ 5.22896412744327, 43.438047844560934 ], [ 5.228929281797763, 43.437148543208643 ], [ 5.230163382460064, 43.437123144231272 ] ] ] } },
{ "type": "Feature", "properties": { "ndvi_mean": 0.3617, "ndmi_mean": -0.1072, "ndbi_mean": 0.1072 }, "geometry": { "type": "Polygon", "coordinates": [ [ [ 5.231397482032578, 43.437097731199252 ], [ 5.231432366223267, 43.437997031723775 ], [ 5.230198247378188, 43.4380224451698 ], [ 5.230163382460064, 43.437123144231272 ], [ 5.231397482032578, 43.437097731199252 ] ] ] } },
{ "type": "Feature", "properties": { "ndvi_mean": 0.2089, "ndmi_mean": -0.1481, "ndbi_mean": 0.1481 }, "geometry": { "type": "Polygon", "coordinates": [ [ [ 5.232631580514703, 43.437072304112604 ], [ 5.232666483977907, 43.437971604222909 ], [ 5.231432366223267, 43.437997031723775 ], [ 5.231397482032578, 43.437097731199252 ], [ 5.232631580514703, 43.437072304112604 ] ] ] } },
{ "type": "Feature", "properties": { "ndvi_mean": 0.1477, "ndmi_mean": -0.2476, "ndbi_mean": 0.2476 }, "geometry": { "type": "Polygon", "coordinates": [ [ [ 5.233865677905841, 43.437046862971364 ], [ 5.233900600641507, 43.437946162667195 ], [ 5.232666483977907, 43.437971604222909 ], [ 5.232631580514703, 43.437072304112604 ], [ 5.233865677905841, 43.437046862971364 ] ] ] } },
{ "type": "Feature", "properties": { "ndvi_mean": 0.1264, "ndmi_mean": -0.1027, "ndbi_mean": 0.1027 }, "geometry": { "type": "Polygon", "coordinates": [ [ [ 5.235099774205386, 43.437021407775511 ], [ 5.235134716213464, 43.437920707056662 ], [ 5.233900600641507, 43.437946162667195 ], [ 5.233865677905841, 43.437046862971364 ], [ 5.235099774205386, 43.437021407775511 ] ] ] } },
{ "type": "Feature", "properties": { "ndvi_mean": 0.5327, "ndmi_mean": -0.0357, "ndbi_mean": 0.0357 }, "geometry": { "type": "Polygon", "coordinates": [ [ [ 5.236333869412738, 43.436995938525108 ], [ 5.236368830693178, 43.437895237391352 ], [ 5.235134716213464, 43.437920707056662 ], [ 5.235099774205386, 43.437021407775511 ], [ 5.236333869412738, 43.436995938525108 ] ] ] } },
{ "type": "Feature", "properties": { "ndvi_mean": 0.5671, "ndmi_mean": -0.0442, "ndbi_mean": 0.0442 }, "geometry": { "type": "Polygon", "coordinates": [ [ [ 5.237567963527296, 43.436970455220141 ], [ 5.237602944080044, 43.437869753671265 ], [ 5.236368830693178, 43.437895237391352 ], [ 5.236333869412738, 43.436995938525108 ], [ 5.237567963527296, 43.436970455220141 ] ] ] } },
{ "type": "Feature", "properties": { "ndvi_mean": 0.1813, "ndmi_mean": -0.2214, "ndbi_mean": 0.2214 }, "geometry": { "type": "Polygon", "coordinates": [ [ [ 5.23880205654846, 43.436944957860653 ], [ 5.238837056373467, 43.437844255896394 ], [ 5.237602944080044, 43.437869753671265 ], [ 5.237567963527296, 43.436970455220141 ], [ 5.23880205654846, 43.436944957860653 ] ] ] } },
{ "type": "Feature", "properties": { "ndvi_mean": 0.1937, "ndmi_mean": -0.1304, "ndbi_mean": 0.1304 }, "geometry": { "type": "Polygon", "coordinates": [ [ [ 5.240036148475627, 43.436919446446659 ], [ 5.24007116757284, 43.437818744066796 ], [ 5.238837056373467, 43.437844255896394 ], [ 5.23880205654846, 43.436944957860653 ], [ 5.240036148475627, 43.436919446446659 ] ] ] } },
{ "type": "Feature", "properties": { "ndvi_mean": 0.1376, "ndmi_mean": -0.129, "ndbi_mean": 0.129 }, "geometry": { "type": "Polygon", "coordinates": [ [ [ 5.241270239308195, 43.436893920978171 ], [ 5.241305277677563, 43.437793218182485 ], [ 5.24007116757284, 43.437818744066796 ], [ 5.240036148475627, 43.436919446446659 ], [ 5.241270239308195, 43.436893920978171 ] ] ] } },
{ "type": "Feature", "properties": { "ndvi_mean": 0.45, "ndmi_mean": -0.0934, "ndbi_mean": 0.0934 }, "geometry": { "type": "Polygon", "coordinates": [ [ [ 5.242504329045563, 43.436868381455213 ], [ 5.242539386687036, 43.437767678243461 ], [ 5.241305277677563, 43.437793218182485 ], [ 5.241270239308195, 43.436893920978171 ], [ 5.242504329045563, 43.436868381455213 ] ] ] } },
{ "type": "Feature", "properties": { "ndvi_mean": 0.168, "ndmi_mean": -0.17, "ndbi_mean": 0.17 }, "geometry": { "type": "Polygon", "coordinates": [ [ [ 5.243738417687131, 43.436842827877804 ], [ 5.243773494600656, 43.43774212424978 ], [ 5.242539386687036, 43.437767678243461 ], [ 5.242504329045563, 43.436868381455213 ], [ 5.243738417687131, 43.436842827877804 ] ] ] } },
{ "type": "Feature", "properties": { "ndvi_mean": 0.1333, "ndmi_mean": -0.0712, "ndbi_mean": 0.0712 }, "geometry": { "type": "Polygon", "coordinates": [ [ [ 5.244972505232296, 43.436817260245959 ], [ 5.245007601417823, 43.43771655620143 ], [ 5.243773494600656, 43.43774212424978 ], [ 5.243738417687131, 43.436842827877804 ], [ 5.244972505232296, 43.436817260245959 ] ] ] } },
{ "type": "Feature", "properties": { "ndvi_mean": 0.2552, "ndmi_mean": -0.0775, "ndbi_mean": 0.0775 }, "geometry": { "type": "Polygon", "coordinates": [ [ [ 5.246206591680457, 43.436791678559707 ], [ 5.246241707137933, 43.43769097409843 ], [ 5.245007601417823, 43.43771655620143 ], [ 5.244972505232296, 43.436817260245959 ], [ 5.246206591680457, 43.436791678559707 ] ] ] } },
{ "type": "Feature", "properties": { "ndvi_mean": 0.1851, "ndmi_mean": -0.1556, "ndbi_mean": 0.1556 }, "geometry": { "type": "Polygon", "coordinates": [ [ [ 5.247440677031012, 43.436766082819055 ], [ 5.247475811760387, 43.43766537794081 ], [ 5.246241707137933, 43.43769097409843 ], [ 5.246206591680457, 43.436791678559707 ], [ 5.247440677031012, 43.436766082819055 ] ] ] } },
{ "type": "Feature", "properties": { "ndvi_mean": 0.1898, "ndmi_mean": -0.1702, "ndbi_mean": 0.1702 }, "geometry": { "type": "Polygon", "coordinates": [ [ [ 5.24867476128336, 43.436740473024052 ], [ 5.248709915284583, 43.437639767728577 ], [ 5.247475811760387, 43.43766537794081 ], [ 5.247440677031012, 43.436766082819055 ], [ 5.24867476128336, 43.436740473024052 ] ] ] } },
{ "type": "Feature", "properties": { "ndvi_mean": 0.3055, "ndmi_mean": -0.0963, "ndbi_mean": 0.0963 }, "geometry": { "type": "Polygon", "coordinates": [ [ [ 5.2499088444369, 43.436714849174678 ], [ 5.249944017709919, 43.437614143461779 ], [ 5.248709915284583, 43.437639767728577 ], [ 5.24867476128336, 43.436740473024052 ], [ 5.2499088444369, 43.436714849174678 ] ] ] } },
{ "type": "Feature", "properties": { "ndvi_mean": 0.243, "ndmi_mean": -0.1841, "ndbi_mean": 0.1841 }, "geometry": { "type": "Polygon", "coordinates": [ [ [ 5.251142926491031, 43.436689211270959 ], [ 5.251178119035794, 43.437588505140411 ], [ 5.249944017709919, 43.437614143461779 ], [ 5.2499088444369, 43.436714849174678 ], [ 5.251142926491031, 43.436689211270959 ] ] ] } },
{ "type": "Feature", "properties": { "ndvi_mean": 0.2174, "ndmi_mean": -0.1723, "ndbi_mean": 0.1723 }, "geometry": { "type": "Polygon", "coordinates": [ [ [ 5.252377007445152, 43.436663559312933 ], [ 5.252412219261607, 43.437562852764493 ], [ 5.251178119035794, 43.437588505140411 ], [ 5.251142926491031, 43.436689211270959 ], [ 5.252377007445152, 43.436663559312933 ] ] ] } },
{ "type": "Feature", "properties": { "ndvi_mean": 0.3901, "ndmi_mean": -0.1551, "ndbi_mean": 0.1551 }, "geometry": { "type": "Polygon", "coordinates": [ [ [ 5.253611087298659, 43.43663789330062 ], [ 5.253646318386755, 43.437537186334076 ], [ 5.252412219261607, 43.437562852764493 ], [ 5.252377007445152, 43.436663559312933 ], [ 5.253611087298659, 43.43663789330062 ] ] ] } },
{ "type": "Feature", "properties": { "ndvi_mean": 0.4724, "ndmi_mean": 0.0029, "ndbi_mean": -0.0029 }, "geometry": { "type": "Polygon", "coordinates": [ [ [ 5.254845166050953, 43.436612213234028 ], [ 5.254880416410639, 43.437511505849137 ], [ 5.253646318386755, 43.437537186334076 ], [ 5.253611087298659, 43.43663789330062 ], [ 5.254845166050953, 43.436612213234028 ] ] ] } },
{ "type": "Feature", "properties": { "ndvi_mean": 0.1886, "ndmi_mean": -0.2533, "ndbi_mean": 0.2533 }, "geometry": { "type": "Polygon", "coordinates": [ [ [ 5.215319470197743, 43.436527699042792 ], [ 5.215354102758539, 43.437427004347541 ], [ 5.21411998906571, 43.437452234667667 ], [ 5.21408537577754, 43.436552928951905 ], [ 5.215319470197743, 43.436527699042792 ] ] ] } },
{ "type": "Feature", "properties": { "ndvi_mean": 0.3611, "ndmi_mean": -0.2248, "ndbi_mean": 0.2248 }, "geometry": { "type": "Polygon", "coordinates": [ [ [ 5.216553563535427, 43.436502455079065 ], [ 5.216588215368799, 43.437401759972573 ], [ 5.215354102758539, 43.437427004347541 ], [ 5.215319470197743, 43.436527699042792 ], [ 5.216553563535427, 43.436502455079065 ] ] ] } },
{ "type": "Feature", "properties": { "ndvi_mean": 0.4978, "ndmi_mean": -0.2985, "ndbi_mean": 0.2985 }, "geometry": { "type": "Polygon", "coordinates": [ [ [ 5.217787655789992, 43.436477197060668 ], [ 5.217822326895887, 43.437376501542708 ], [ 5.216588215368799, 43.437401759972573 ], [ 5.216553563535427, 43.436502455079065 ], [ 5.217787655789992, 43.436477197060668 ] ] ] } },
{ "type": "Feature", "properties": { "ndvi_mean": 0.5036, "ndmi_mean": -0.323, "ndbi_mean": 0.323 }, "geometry": { "type": "Polygon", "coordinates": [ [ [ 5.219021746960835, 43.436451924987686 ], [ 5.219056437339203, 43.437351229058045 ], [ 5.217822326895887, 43.437376501542708 ], [ 5.217787655789992, 43.436477197060668 ], [ 5.219021746960835, 43.436451924987686 ] ] ] } },
{ "type": "Feature", "properties": { "ndvi_mean": 0.3948, "ndmi_mean": -0.317, "ndbi_mean": 0.317 }, "geometry": { "type": "Polygon", "coordinates": [ [ [ 5.220255837047356, 43.436426638860119 ], [ 5.220290546698147, 43.437325942518527 ], [ 5.219056437339203, 43.437351229058045 ], [ 5.219021746960835, 43.436451924987686 ], [ 5.220255837047356, 43.436426638860119 ] ] ] } },
{ "type": "Feature", "properties": { "ndvi_mean": 0.1317, "ndmi_mean": -0.2139, "ndbi_mean": 0.2139 }, "geometry": { "type": "Polygon", "coordinates": [ [ [ 5.221489926048952, 43.436401338677975 ], [ 5.221524654972114, 43.43730064192421 ], [ 5.220290546698147, 43.437325942518527 ], [ 5.220255837047356, 43.436426638860119 ], [ 5.221489926048952, 43.436401338677975 ] ] ] } },
{ "type": "Feature", "properties": { "ndvi_mean": 0.0967, "ndmi_mean": -0.1482, "ndbi_mean": 0.1482 }, "geometry": { "type": "Polygon", "coordinates": [ [ [ 5.222724013965023, 43.436376024441273 ], [ 5.222758762160506, 43.437275327275138 ], [ 5.221524654972114, 43.43730064192421 ], [ 5.221489926048952, 43.436401338677975 ], [ 5.222724013965023, 43.436376024441273 ] ] ] } },
{ "type": "Feature", "properties": { "ndvi_mean": 0.0921, "ndmi_mean": -0.1263, "ndbi_mean": 0.1263 }, "geometry": { "type": "Polygon", "coordinates": [ [ [ 5.223958100794966, 43.436350696150043 ], [ 5.223992868262719, 43.437249998571275 ], [ 5.222758762160506, 43.437275327275138 ], [ 5.222724013965023, 43.436376024441273 ], [ 5.223958100794966, 43.436350696150043 ] ] ] } },
{ "type": "Feature", "properties": { "ndvi_mean": 0.1626, "ndmi_mean": -0.142, "ndbi_mean": 0.142 }, "geometry": { "type": "Polygon", "coordinates": [ [ [ 5.22519218653818, 43.4363253538043 ], [ 5.225226973278153, 43.437224655812685 ], [ 5.223992868262719, 43.437249998571275 ], [ 5.223958100794966, 43.436350696150043 ], [ 5.22519218653818, 43.4363253538043 ] ] ] } },
{ "type": "Feature", "properties": { "ndvi_mean": 0.1624, "ndmi_mean": -0.1425, "ndbi_mean": 0.1425 }, "geometry": { "type": "Polygon", "coordinates": [ [ [ 5.226426271194065, 43.436299997404042 ], [ 5.226461077206205, 43.437199298999367 ], [ 5.225226973278153, 43.437224655812685 ], [ 5.22519218653818, 43.4363253538043 ], [ 5.226426271194065, 43.436299997404042 ] ] ] } },
{ "type": "Feature", "properties": { "ndvi_mean": -0.015, "ndmi_mean": -0.0672, "ndbi_mean": 0.0672 }, "geometry": { "type": "Polygon", "coordinates": [ [ [ 5.227660354762019, 43.436274626949341 ], [ 5.227695180046276, 43.437173928131344 ], [ 5.226461077206205, 43.437199298999367 ], [ 5.226426271194065, 43.436299997404042 ], [ 5.227660354762019, 43.436274626949341 ] ] ] } },
{ "type": "Feature", "properties": { "ndvi_mean": 0.0757, "ndmi_mean": -0.1525, "ndbi_mean": 0.1525 }, "geometry": { "type": "Polygon", "coordinates": [ [ [ 5.228894437241439, 43.436249242440169 ], [ 5.228929281797763, 43.437148543208643 ], [ 5.227695180046276, 43.437173928131344 ], [ 5.227660354762019, 43.436274626949341 ], [ 5.228894437241439, 43.436249242440169 ] ] ] } },
{ "type": "Feature", "properties": { "ndvi_mean": 0.2726, "ndmi_mean": -0.1329, "ndbi_mean": 0.1329 }, "geometry": { "type": "Polygon", "coordinates": [ [ [ 5.230128518631726, 43.436223843876554 ], [ 5.230163382460064, 43.437123144231272 ], [ 5.228929281797763, 43.437148543208643 ], [ 5.228894437241439, 43.436249242440169 ], [ 5.230128518631726, 43.436223843876554 ] ] ] } },
{ "type": "Feature", "properties": { "ndvi_mean": 0.1333, "ndmi_mean": -0.1332, "ndbi_mean": 0.1332 }, "geometry": { "type": "Polygon", "coordinates": [ [ [ 5.231362598932276, 43.436198431258525 ], [ 5.231397482032578, 43.437097731199252 ], [ 5.230163382460064, 43.437123144231272 ], [ 5.230128518631726, 43.436223843876554 ], [ 5.231362598932276, 43.436198431258525 ] ] ] } },
{ "type": "Feature", "properties": { "ndvi_mean": 0.3668, "ndmi_mean": -0.087, "ndbi_mean": 0.087 }, "geometry": { "type": "Polygon", "coordinates": [ [ [ 5.23259667814249, 43.436173004586088 ], [ 5.232631580514703, 43.437072304112604 ], [ 5.231397482032578, 43.437097731199252 ], [ 5.231362598932276, 43.436198431258525 ], [ 5.23259667814249, 43.436173004586088 ] ] ] } },
{ "type": "Feature", "properties": { "ndvi_mean": 0.2287, "ndmi_mean": -0.1138, "ndbi_mean": 0.1138 }, "geometry": { "type": "Polygon", "coordinates": [ [ [ 5.233830756261765, 43.436147563859294 ], [ 5.233865677905841, 43.437046862971364 ], [ 5.232631580514703, 43.437072304112604 ], [ 5.23259667814249, 43.436173004586088 ], [ 5.233830756261765, 43.436147563859294 ] ] ] } },
{ "type": "Feature", "properties": { "ndvi_mean": 0.2097, "ndmi_mean": -0.0863, "ndbi_mean": 0.0863 }, "geometry": { "type": "Polygon", "coordinates": [ [ [ 5.235064833289499, 43.436122109078141 ], [ 5.235099774205386, 43.437021407775511 ], [ 5.233865677905841, 43.437046862971364 ], [ 5.233830756261765, 43.436147563859294 ], [ 5.235064833289499, 43.436122109078141 ] ] ] } },
{ "type": "Feature", "properties": { "ndvi_mean": 0.4999, "ndmi_mean": -0.0488, "ndbi_mean": 0.0488 }, "geometry": { "type": "Polygon", "coordinates": [ [ [ 5.236298909225093, 43.436096640242617 ], [ 5.236333869412738, 43.436995938525108 ], [ 5.235099774205386, 43.437021407775511 ], [ 5.235064833289499, 43.436122109078141 ], [ 5.236298909225093, 43.436096640242617 ] ] ] } },
{ "type": "Feature", "properties": { "ndvi_mean": 0.7259, "ndmi_mean": 0.0474, "ndbi_mean": -0.0474 }, "geometry": { "type": "Polygon", "coordinates": [ [ [ 5.237532984067943, 43.436071157352806 ], [ 5.237567963527296, 43.436970455220141 ], [ 5.236333869412738, 43.436995938525108 ], [ 5.236298909225093, 43.436096640242617 ], [ 5.237532984067943, 43.436071157352806 ] ] ] } },
{ "type": "Feature", "properties": { "ndvi_mean": 0.1583, "ndmi_mean": -0.2622, "ndbi_mean": 0.2622 }, "geometry": { "type": "Polygon", "coordinates": [ [ [ 5.23876705781745, 43.436045660408674 ], [ 5.23880205654846, 43.436944957860653 ], [ 5.237567963527296, 43.436970455220141 ], [ 5.237532984067943, 43.436071157352806 ], [ 5.23876705781745, 43.436045660408674 ] ] ] } },
{ "type": "Feature", "properties": { "ndvi_mean": 0.2845, "ndmi_mean": -0.103, "ndbi_mean": 0.103 }, "geometry": { "type": "Polygon", "coordinates": [ [ [ 5.240001130473011, 43.436020149410275 ], [ 5.240036148475627, 43.436919446446659 ], [ 5.23880205654846, 43.436944957860653 ], [ 5.23876705781745, 43.436045660408674 ], [ 5.240001130473011, 43.436020149410275 ] ] ] } },
{ "type": "Feature", "properties": { "ndvi_mean": 0.1167, "ndmi_mean": -0.0851, "ndbi_mean": 0.0851 }, "geometry": { "type": "Polygon", "coordinates": [ [ [ 5.241235202034025, 43.435994624357605 ], [ 5.241270239308195, 43.436893920978171 ], [ 5.240036148475627, 43.436919446446659 ], [ 5.240001130473011, 43.436020149410275 ], [ 5.241235202034025, 43.435994624357605 ] ] ] } },
{ "type": "Feature", "properties": { "ndvi_mean": 0.3473, "ndmi_mean": -0.0518, "ndbi_mean": 0.0518 }, "geometry": { "type": "Polygon", "coordinates": [ [ [ 5.242469272499891, 43.435969085250697 ], [ 5.242504329045563, 43.436868381455213 ], [ 5.241270239308195, 43.436893920978171 ], [ 5.241235202034025, 43.435994624357605 ], [ 5.242469272499891, 43.435969085250697 ] ] ] } },
{ "type": "Feature", "properties": { "ndvi_mean": 0.2684, "ndmi_mean": -0.1332, "ndbi_mean": 0.1332 }, "geometry": { "type": "Polygon", "coordinates": [ [ [ 5.243703341870007, 43.43594353208956 ], [ 5.243738417687131, 43.436842827877804 ], [ 5.242504329045563, 43.436868381455213 ], [ 5.242469272499891, 43.435969085250697 ], [ 5.243703341870007, 43.43594353208956 ] ] ] } },
{ "type": "Feature", "properties": { "ndvi_mean": 0.1952, "ndmi_mean": -0.104, "ndbi_mean": 0.104 }, "geometry": { "type": "Polygon", "coordinates": [ [ [ 5.244937410143772, 43.435917964874243 ], [ 5.244972505232296, 43.436817260245959 ], [ 5.243738417687131, 43.436842827877804 ], [ 5.243703341870007, 43.43594353208956 ], [ 5.244937410143772, 43.435917964874243 ] ] ] } },
{ "type": "Feature", "properties": { "ndvi_mean": 0.2158, "ndmi_mean": -0.0597, "ndbi_mean": 0.0597 }, "geometry": { "type": "Polygon", "coordinates": [ [ [ 5.246171477320583, 43.435892383604717 ], [ 5.246206591680457, 43.436791678559707 ], [ 5.244972505232296, 43.436817260245959 ], [ 5.244937410143772, 43.435917964874243 ], [ 5.246171477320583, 43.435892383604717 ] ] ] } },
{ "type": "Feature", "properties": { "ndvi_mean": 0.1739, "ndmi_mean": -0.2181, "ndbi_mean": 0.2181 }, "geometry": { "type": "Polygon", "coordinates": [ [ [ 5.247405543399842, 43.435866788281025 ], [ 5.247440677031012, 43.436766082819055 ], [ 5.246206591680457, 43.436791678559707 ], [ 5.246171477320583, 43.435892383604717 ], [ 5.247405543399842, 43.435866788281025 ] ] ] } },
{ "type": "Feature", "properties": { "ndvi_mean": 0.1715, "ndmi_mean": -0.2363, "ndbi_mean": 0.2363 }, "geometry": { "type": "Polygon", "coordinates": [ [ [ 5.248639608380945, 43.435841178903203 ], [ 5.24867476128336, 43.436740473024052 ], [ 5.247440677031012, 43.436766082819055 ], [ 5.247405543399842, 43.435866788281025 ], [ 5.248639608380945, 43.435841178903203 ] ] ] } },
{ "type": "Feature", "properties": { "ndvi_mean": 0.2279, "ndmi_mean": -0.1786, "ndbi_mean": 0.1786 }, "geometry": { "type": "Polygon", "coordinates": [ [ [ 5.249873672263291, 43.435815555471251 ], [ 5.2499088444369, 43.436714849174678 ], [ 5.24867476128336, 43.436740473024052 ], [ 5.248639608380945, 43.435841178903203 ], [ 5.249873672263291, 43.435815555471251 ] ] ] } },
{ "type": "Feature", "properties": { "ndvi_mean": 0.1763, "ndmi_mean": -0.1276, "ndbi_mean": 0.1276 }, "geometry": { "type": "Polygon", "coordinates": [ [ [ 5.251107735046279, 43.435789917985197 ], [ 5.251142926491031, 43.436689211270959 ], [ 5.2499088444369, 43.436714849174678 ], [ 5.249873672263291, 43.435815555471251 ], [ 5.251107735046279, 43.435789917985197 ] ] ] } },
{ "type": "Feature", "properties": { "ndvi_mean": 0.2149, "ndmi_mean": -0.1111, "ndbi_mean": 0.1111 }, "geometry": { "type": "Polygon", "coordinates": [ [ [ 5.252341796729309, 43.435764266445055 ], [ 5.252377007445152, 43.436663559312933 ], [ 5.251142926491031, 43.436689211270959 ], [ 5.251107735046279, 43.435789917985197 ], [ 5.252341796729309, 43.435764266445055 ] ] ] } },
{ "type": "Feature", "properties": { "ndvi_mean": 0.3277, "ndmi_mean": -0.1074, "ndbi_mean": 0.1074 }, "geometry": { "type": "Polygon", "coordinates": [ [ [ 5.253575857311777, 43.435738600850847 ], [ 5.253611087298659, 43.43663789330062 ], [ 5.252377007445152, 43.436663559312933 ], [ 5.252341796729309, 43.435764266445055 ], [ 5.253575857311777, 43.435738600850847 ] ] ] } },
{ "type": "Feature", "properties": { "ndvi_mean": 0.5044, "ndmi_mean": -0.0363, "ndbi_mean": 0.0363 }, "geometry": { "type": "Polygon", "coordinates": [ [ [ 5.254809916793083, 43.435712921202601 ], [ 5.254845166050953, 43.436612213234028 ], [ 5.253611087298659, 43.43663789330062 ], [ 5.253575857311777, 43.435738600850847 ], [ 5.254809916793083, 43.435712921202601 ] ] ] } },
{ "type": "Feature", "properties": { "ndvi_mean": 0.3888, "ndmi_mean": -0.3091, "ndbi_mean": 0.3091 }, "geometry": { "type": "Polygon", "coordinates": [ [ [ 5.215284838719466, 43.435628394322187 ], [ 5.215319470197743, 43.436527699042792 ], [ 5.21408537577754, 43.436552928951905 ], [ 5.214050763571286, 43.435653623820272 ], [ 5.215284838719466, 43.435628394322187 ] ] ] } },
{ "type": "Feature", "properties": { "ndvi_mean": 0.1788, "ndmi_mean": -0.2569, "ndbi_mean": 0.2569 }, "geometry": { "type": "Polygon", "coordinates": [ [ [ 5.216518912785176, 43.435603150769687 ], [ 5.216553563535427, 43.436502455079065 ], [ 5.215319470197743, 43.436527699042792 ], [ 5.215284838719466, 43.435628394322187 ], [ 5.216518912785176, 43.435603150769687 ] ] ] } },
{ "type": "Feature", "properties": { "ndvi_mean": 0.4559, "ndmi_mean": -0.2511, "ndbi_mean": 0.2511 }, "geometry": { "type": "Polygon", "coordinates": [ [ [ 5.217752985767819, 43.435577893162773 ], [ 5.217787655789992, 43.436477197060668 ], [ 5.216553563535427, 43.436502455079065 ], [ 5.216518912785176, 43.435603150769687 ], [ 5.217752985767819, 43.435577893162773 ] ] ] } },
{ "type": "Feature", "properties": { "ndvi_mean": 0.4702, "ndmi_mean": -0.3309, "ndbi_mean": 0.3309 }, "geometry": { "type": "Polygon", "coordinates": [ [ [ 5.21898705766679, 43.435552621501493 ], [ 5.219021746960835, 43.436451924987686 ], [ 5.217787655789992, 43.436477197060668 ], [ 5.217752985767819, 43.435577893162773 ], [ 5.21898705766679, 43.435552621501493 ] ] ] } },
{ "type": "Feature", "properties": { "ndvi_mean": 0.4751, "ndmi_mean": -0.3394, "ndbi_mean": 0.3394 }, "geometry": { "type": "Polygon", "coordinates": [ [ [ 5.22022112848149, 43.435527335785842 ], [ 5.220255837047356, 43.436426638860119 ], [ 5.219021746960835, 43.436451924987686 ], [ 5.21898705766679, 43.435552621501493 ], [ 5.22022112848149, 43.435527335785842 ] ] ] } },
{ "type": "Feature", "properties": { "ndvi_mean": 0.3833, "ndmi_mean": -0.3045, "ndbi_mean": 0.3045 }, "geometry": { "type": "Polygon", "coordinates": [ [ [ 5.221455198211316, 43.435502036015833 ], [ 5.221489926048952, 43.436401338677975 ], [ 5.220255837047356, 43.436426638860119 ], [ 5.22022112848149, 43.435527335785842 ], [ 5.221455198211316, 43.435502036015833 ] ] ] } },
{ "type": "Feature", "properties": { "ndvi_mean": 0.1904, "ndmi_mean": -0.1792, "ndbi_mean": 0.1792 }, "geometry": { "type": "Polygon", "coordinates": [ [ [ 5.222689266855666, 43.435476722191524 ], [ 5.222724013965023, 43.436376024441273 ], [ 5.221489926048952, 43.436401338677975 ], [ 5.221455198211316, 43.435502036015833 ], [ 5.222689266855666, 43.435476722191524 ] ] ] } },
{ "type": "Feature", "properties": { "ndvi_mean": 0.078, "ndmi_mean": -0.116, "ndbi_mean": 0.116 }, "geometry": { "type": "Polygon", "coordinates": [ [ [ 5.223923334413942, 43.435451394312899 ], [ 5.223958100794966, 43.436350696150043 ], [ 5.222724013965023, 43.436376024441273 ], [ 5.222689266855666, 43.435476722191524 ], [ 5.223923334413942, 43.435451394312899 ] ] ] } },
{ "type": "Feature", "properties": { "ndvi_mean": 0.1234, "ndmi_mean": -0.1597, "ndbi_mean": 0.1597 }, "geometry": { "type": "Polygon", "coordinates": [ [ [ 5.225157400885539, 43.435426052379988 ], [ 5.22519218653818, 43.4363253538043 ], [ 5.223958100794966, 43.436350696150043 ], [ 5.223923334413942, 43.435451394312899 ], [ 5.225157400885539, 43.435426052379988 ] ] ] } },
{ "type": "Feature", "properties": { "ndvi_mean": 0.0465, "ndmi_mean": -0.1098, "ndbi_mean": 0.1098 }, "geometry": { "type": "Polygon", "coordinates": [ [ [ 5.226391466269857, 43.435400696392819 ], [ 5.226426271194065, 43.436299997404042 ], [ 5.22519218653818, 43.4363253538043 ], [ 5.225157400885539, 43.435426052379988 ], [ 5.226391466269857, 43.435400696392819 ] ] ] } },
{ "type": "Feature", "properties": { "ndvi_mean": 0.0164, "ndmi_mean": -0.0063, "ndbi_mean": 0.0063 }, "geometry": { "type": "Polygon", "coordinates": [ [ [ 5.227625530566296, 43.435375326351398 ], [ 5.227660354762019, 43.436274626949341 ], [ 5.226426271194065, 43.436299997404042 ], [ 5.226391466269857, 43.435400696392819 ], [ 5.227625530566296, 43.435375326351398 ] ] ] } },
{ "type": "Feature", "properties": { "ndvi_mean": 0.1765, "ndmi_mean": -0.0688, "ndbi_mean": 0.0688 }, "geometry": { "type": "Polygon", "coordinates": [ [ [ 5.228859593774251, 43.435349942255755 ], [ 5.228894437241439, 43.436249242440169 ], [ 5.227660354762019, 43.436274626949341 ], [ 5.227625530566296, 43.435375326351398 ], [ 5.228859593774251, 43.435349942255755 ] ] ] } },
{ "type": "Feature", "properties": { "ndvi_mean": 0.4177, "ndmi_mean": -0.0086, "ndbi_mean": 0.0086 }, "geometry": { "type": "Polygon", "coordinates": [ [ [ 5.230093655893124, 43.435324544105896 ], [ 5.230128518631726, 43.436223843876554 ], [ 5.228894437241439, 43.436249242440169 ], [ 5.228859593774251, 43.435349942255755 ], [ 5.230093655893124, 43.435324544105896 ] ] ] } },
{ "type": "Feature", "properties": { "ndvi_mean": 0.2862, "ndmi_mean": -0.1165, "ndbi_mean": 0.1165 }, "geometry": { "type": "Polygon", "coordinates": [ [ [ 5.231327716922312, 43.43529913190185 ], [ 5.231362598932276, 43.436198431258525 ], [ 5.230128518631726, 43.436223843876554 ], [ 5.230093655893124, 43.435324544105896 ], [ 5.231327716922312, 43.43529913190185 ] ] ] } },
{ "type": "Feature", "properties": { "ndvi_mean": 0.2406, "ndmi_mean": -0.0754, "ndbi_mean": 0.0754 }, "geometry": { "type": "Polygon", "coordinates": [ [ [ 5.232561776861215, 43.435273705643638 ], [ 5.23259667814249, 43.436173004586088 ], [ 5.231362598932276, 43.436198431258525 ], [ 5.231327716922312, 43.43529913190185 ], [ 5.232561776861215, 43.435273705643638 ] ] ] } },
{ "type": "Feature", "properties": { "ndvi_mean": 0.1554, "ndmi_mean": -0.0539, "ndbi_mean": 0.0539 }, "geometry": { "type": "Polygon", "coordinates": [ [ [ 5.23379583570923, 43.435248265331268 ], [ 5.233830756261765, 43.436147563859294 ], [ 5.23259667814249, 43.436173004586088 ], [ 5.232561776861215, 43.435273705643638 ], [ 5.23379583570923, 43.435248265331268 ] ] ] } },
{ "type": "Feature", "properties": { "ndvi_mean": 0.1891, "ndmi_mean": -0.1235, "ndbi_mean": 0.1235 }, "geometry": { "type": "Polygon", "coordinates": [ [ [ 5.235029893465755, 43.435222810964774 ], [ 5.235064833289499, 43.436122109078141 ], [ 5.233830756261765, 43.436147563859294 ], [ 5.23379583570923, 43.435248265331268 ], [ 5.235029893465755, 43.435222810964774 ] ] ] } },
{ "type": "Feature", "properties": { "ndvi_mean": 0.6759, "ndmi_mean": -0.0347, "ndbi_mean": 0.0347 }, "geometry": { "type": "Polygon", "coordinates": [ [ [ 5.236263950130191, 43.435197342544171 ], [ 5.236298909225093, 43.436096640242617 ], [ 5.235064833289499, 43.436122109078141 ], [ 5.235029893465755, 43.435222810964774 ], [ 5.236263950130191, 43.435197342544171 ] ] ] } },
{ "type": "Feature", "properties": { "ndvi_mean": 0.747, "ndmi_mean": 0.0363, "ndbi_mean": -0.0363 }, "geometry": { "type": "Polygon", "coordinates": [ [ [ 5.237498005701934, 43.435171860069481 ], [ 5.237532984067943, 43.436071157352806 ], [ 5.236298909225093, 43.436096640242617 ], [ 5.236263950130191, 43.435197342544171 ], [ 5.237498005701934, 43.435171860069481 ] ] ] } },
{ "type": "Feature", "properties": { "ndvi_mean": 0.1725, "ndmi_mean": -0.1962, "ndbi_mean": 0.1962 }, "geometry": { "type": "Polygon", "coordinates": [ [ [ 5.238732060180386, 43.435146363540724 ], [ 5.23876705781745, 43.436045660408674 ], [ 5.237532984067943, 43.436071157352806 ], [ 5.237498005701934, 43.435171860069481 ], [ 5.238732060180386, 43.435146363540724 ] ] ] } },
{ "type": "Feature", "properties": { "ndvi_mean": 0.3245, "ndmi_mean": -0.1376, "ndbi_mean": 0.1376 }, "geometry": { "type": "Polygon", "coordinates": [ [ [ 5.239966113564943, 43.435120852957887 ], [ 5.240001130473011, 43.436020149410275 ], [ 5.23876705781745, 43.436045660408674 ], [ 5.238732060180386, 43.435146363540724 ], [ 5.239966113564943, 43.435120852957887 ] ] ] } },
{ "type": "Feature", "properties": { "ndvi_mean": 0.1312, "ndmi_mean": -0.0818, "ndbi_mean": 0.0818 }, "geometry": { "type": "Polygon", "coordinates": [ [ [ 5.241200165855004, 43.435095328321033 ], [ 5.241235202034025, 43.435994624357605 ], [ 5.240001130473011, 43.436020149410275 ], [ 5.239966113564943, 43.435120852957887 ], [ 5.241200165855004, 43.435095328321033 ] ] ] } },
{ "type": "Feature", "properties": { "ndvi_mean": 0.2489, "ndmi_mean": -0.149, "ndbi_mean": 0.149 }, "geometry": { "type": "Polygon", "coordinates": [ [ [ 5.242434217049968, 43.43506978963017 ], [ 5.242469272499891, 43.435969085250697 ], [ 5.241235202034025, 43.435994624357605 ], [ 5.241200165855004, 43.435095328321033 ], [ 5.242434217049968, 43.43506978963017 ] ] ] } },
{ "type": "Feature", "properties": { "ndvi_mean": 0.169, "ndmi_mean": -0.2016, "ndbi_mean": 0.2016 }, "geometry": { "type": "Polygon", "coordinates": [ [ [ 5.243668267149236, 43.435044236885311 ], [ 5.243703341870007, 43.43594353208956 ], [ 5.242469272499891, 43.435969085250697 ], [ 5.242434217049968, 43.43506978963017 ], [ 5.243668267149236, 43.435044236885311 ] ] ] } },
{ "type": "Feature", "properties": { "ndvi_mean": 0.1643, "ndmi_mean": -0.154, "ndbi_mean": 0.154 }, "geometry": { "type": "Polygon", "coordinates": [ [ [ 5.244902316152201, 43.435018670086478 ], [ 5.244937410143772, 43.435917964874243 ], [ 5.243703341870007, 43.43594353208956 ], [ 5.243668267149236, 43.435044236885311 ], [ 5.244902316152201, 43.435018670086478 ] ] ] } },
{ "type": "Feature", "properties": { "ndvi_mean": 0.2817, "ndmi_mean": -0.1171, "ndbi_mean": 0.1171 }, "geometry": { "type": "Polygon", "coordinates": [ [ [ 5.246136364058266, 43.434993089233686 ], [ 5.246171477320583, 43.435892383604717 ], [ 5.244937410143772, 43.435917964874243 ], [ 5.244902316152201, 43.435018670086478 ], [ 5.246136364058266, 43.434993089233686 ] ] ] } },
{ "type": "Feature", "properties": { "ndvi_mean": 0.1662, "ndmi_mean": -0.193, "ndbi_mean": 0.193 }, "geometry": { "type": "Polygon", "coordinates": [ [ [ 5.247370410866828, 43.434967494326969 ], [ 5.247405543399842, 43.435866788281025 ], [ 5.246171477320583, 43.435892383604717 ], [ 5.246136364058266, 43.434993089233686 ], [ 5.247370410866828, 43.434967494326969 ] ] ] } },
{ "type": "Feature", "properties": { "ndvi_mean": 0.1012, "ndmi_mean": -0.5921, "ndbi_mean": 0.5921 }, "geometry": { "type": "Polygon", "coordinates": [ [ [ 5.248604456577287, 43.434941885366328 ], [ 5.248639608380945, 43.435841178903203 ], [ 5.247405543399842, 43.435866788281025 ], [ 5.247370410866828, 43.434967494326969 ], [ 5.248604456577287, 43.434941885366328 ] ] ] } },
{ "type": "Feature", "properties": { "ndvi_mean": 0.0666, "ndmi_mean": -0.1364, "ndbi_mean": 0.1364 }, "geometry": { "type": "Polygon", "coordinates": [ [ [ 5.24983850118904, 43.434916262351791 ], [ 5.249873672263291, 43.435815555471251 ], [ 5.248639608380945, 43.435841178903203 ], [ 5.248604456577287, 43.434941885366328 ], [ 5.24983850118904, 43.434916262351791 ] ] ] } },
{ "type": "Feature", "properties": { "ndvi_mean": 0.0639, "ndmi_mean": -0.1501, "ndbi_mean": 0.1501 }, "geometry": { "type": "Polygon", "coordinates": [ [ [ 5.251072544701488, 43.434890625283373 ], [ 5.251107735046279, 43.435789917985197 ], [ 5.249873672263291, 43.435815555471251 ], [ 5.24983850118904, 43.434916262351791 ], [ 5.251072544701488, 43.434890625283373 ] ] ] } },
{ "type": "Feature", "properties": { "ndvi_mean": 0.2569, "ndmi_mean": -0.0986, "ndbi_mean": 0.0986 }, "geometry": { "type": "Polygon", "coordinates": [ [ [ 5.252306587114027, 43.434864974161101 ], [ 5.252341796729309, 43.435764266445055 ], [ 5.251107735046279, 43.435789917985197 ], [ 5.251072544701488, 43.434890625283373 ], [ 5.252306587114027, 43.434864974161101 ] ] ] } },
{ "type": "Feature", "properties": { "ndvi_mean": 0.1166, "ndmi_mean": -0.1556, "ndbi_mean": 0.1556 }, "geometry": { "type": "Polygon", "coordinates": [ [ [ 5.253540628426057, 43.434839308984998 ], [ 5.253575857311777, 43.435738600850847 ], [ 5.252341796729309, 43.435764266445055 ], [ 5.252306587114027, 43.434864974161101 ], [ 5.253540628426057, 43.434839308984998 ] ] ] } },
{ "type": "Feature", "properties": { "ndvi_mean": 0.4544, "ndmi_mean": -0.0954, "ndbi_mean": 0.0954 }, "geometry": { "type": "Polygon", "coordinates": [ [ [ 5.254774668636976, 43.434813629755062 ], [ 5.254809916793083, 43.435712921202601 ], [ 5.253575857311777, 43.435738600850847 ], [ 5.253540628426057, 43.434839308984998 ], [ 5.254774668636976, 43.434813629755062 ] ] ] } },
{ "type": "Feature", "properties": { "ndvi_mean": 0.4396, "ndmi_mean": -0.3453, "ndbi_mean": 0.3453 }, "geometry": { "type": "Polygon", "coordinates": [ [ [ 5.215250208323656, 43.43472909018589 ], [ 5.215284838719466, 43.435628394322187 ], [ 5.214050763571286, 43.435653623820272 ], [ 5.2140161524469, 43.434754319272969 ], [ 5.215250208323656, 43.43472909018589 ] ] ] } },
{ "type": "Feature", "properties": { "ndvi_mean": 0.4035, "ndmi_mean": -0.3183, "ndbi_mean": 0.3183 }, "geometry": { "type": "Polygon", "coordinates": [ [ [ 5.216484263117995, 43.434703847044624 ], [ 5.216518912785176, 43.435603150769687 ], [ 5.215284838719466, 43.435628394322187 ], [ 5.215250208323656, 43.43472909018589 ], [ 5.216484263117995, 43.434703847044624 ] ] ] } },
{ "type": "Feature", "properties": { "ndvi_mean": 0.2128, "ndmi_mean": -0.2647, "ndbi_mean": 0.2647 }, "geometry": { "type": "Polygon", "coordinates": [ [ [ 5.217718316829315, 43.434678589849163 ], [ 5.217752985767819, 43.435577893162773 ], [ 5.216518912785176, 43.435603150769687 ], [ 5.216484263117995, 43.434703847044624 ], [ 5.217718316829315, 43.434678589849163 ] ] ] } },
{ "type": "Feature", "properties": { "ndvi_mean": 0.3894, "ndmi_mean": -0.2934, "ndbi_mean": 0.2934 }, "geometry": { "type": "Polygon", "coordinates": [ [ [ 5.218952369457017, 43.434653318599572 ], [ 5.21898705766679, 43.435552621501493 ], [ 5.217752985767819, 43.435577893162773 ], [ 5.217718316829315, 43.434678589849163 ], [ 5.218952369457017, 43.434653318599572 ] ] ] } },
{ "type": "Feature", "properties": { "ndvi_mean": 0.4636, "ndmi_mean": -0.3424, "ndbi_mean": 0.3424 }, "geometry": { "type": "Polygon", "coordinates": [ [ [ 5.220186421000497, 43.434628033295837 ], [ 5.22022112848149, 43.435527335785842 ], [ 5.21898705766679, 43.435552621501493 ], [ 5.218952369457017, 43.434653318599572 ], [ 5.220186421000497, 43.434628033295837 ] ] ] } },
{ "type": "Feature", "properties": { "ndvi_mean": 0.4847, "ndmi_mean": -0.324, "ndbi_mean": 0.324 }, "geometry": { "type": "Polygon", "coordinates": [ [ [ 5.221420471459154, 43.434602733938 ], [ 5.221455198211316, 43.435502036015833 ], [ 5.22022112848149, 43.435527335785842 ], [ 5.220186421000497, 43.434628033295837 ], [ 5.221420471459154, 43.434602733938 ] ] ] } },
{ "type": "Feature", "properties": { "ndvi_mean": 0.2632, "ndmi_mean": -0.2289, "ndbi_mean": 0.2289 }, "geometry": { "type": "Polygon", "coordinates": [ [ [ 5.222654520832386, 43.43457742052604 ], [ 5.222689266855666, 43.435476722191524 ], [ 5.221455198211316, 43.435502036015833 ], [ 5.221420471459154, 43.434602733938 ], [ 5.222654520832386, 43.43457742052604 ] ] ] } },
{ "type": "Feature", "properties": { "ndvi_mean": 0.1476, "ndmi_mean": -0.1496, "ndbi_mean": 0.1496 }, "geometry": { "type": "Polygon", "coordinates": [ [ [ 5.223888569119595, 43.434552093060041 ], [ 5.223923334413942, 43.435451394312899 ], [ 5.222689266855666, 43.435476722191524 ], [ 5.222654520832386, 43.43457742052604 ], [ 5.223888569119595, 43.434552093060041 ] ] ] } },
{ "type": "Feature", "properties": { "ndvi_mean": 0.0581, "ndmi_mean": -0.0925, "ndbi_mean": 0.0925 }, "geometry": { "type": "Polygon", "coordinates": [ [ [ 5.225122616320176, 43.434526751539963 ], [ 5.225157400885539, 43.435426052379988 ], [ 5.223923334413942, 43.435451394312899 ], [ 5.223888569119595, 43.434552093060041 ], [ 5.225122616320176, 43.434526751539963 ] ] ] } },
{ "type": "Feature", "properties": { "ndvi_mean": 0.0705, "ndmi_mean": -0.0179, "ndbi_mean": 0.0179 }, "geometry": { "type": "Polygon", "coordinates": [ [ [ 5.226356662433529, 43.434501395965846 ], [ 5.226391466269857, 43.435400696392819 ], [ 5.225157400885539, 43.435426052379988 ], [ 5.225122616320176, 43.434526751539963 ], [ 5.226356662433529, 43.434501395965846 ] ] ] } },
{ "type": "Feature", "properties": { "ndvi_mean": 0.0138, "ndmi_mean": 0.0226, "ndbi_mean": -0.0226 }, "geometry": { "type": "Polygon", "coordinates": [ [ [ 5.227590707459052, 43.434476026337705 ], [ 5.227625530566296, 43.435375326351398 ], [ 5.226391466269857, 43.435400696392819 ], [ 5.226356662433529, 43.434501395965846 ], [ 5.227590707459052, 43.434476026337705 ] ] ] } },
{ "type": "Feature", "properties": { "ndvi_mean": 0.0866, "ndmi_mean": -0.0939, "ndbi_mean": 0.0939 }, "geometry": { "type": "Polygon", "coordinates": [ [ [ 5.228824751396147, 43.434450642655591 ], [ 5.228859593774251, 43.435349942255755 ], [ 5.227625530566296, 43.435375326351398 ], [ 5.227590707459052, 43.434476026337705 ], [ 5.228824751396147, 43.434450642655591 ] ] ] } },
{ "type": "Feature", "properties": { "ndvi_mean": 0.0837, "ndmi_mean": -0.0622, "ndbi_mean": 0.0622 }, "geometry": { "type": "Polygon", "coordinates": [ [ [ 5.230058794244207, 43.434425244919467 ], [ 5.230093655893124, 43.435324544105896 ], [ 5.228859593774251, 43.435349942255755 ], [ 5.228824751396147, 43.434450642655591 ], [ 5.230058794244207, 43.434425244919467 ] ] ] } },
{ "type": "Feature", "properties": { "ndvi_mean": 0.0568, "ndmi_mean": -0.0888, "ndbi_mean": 0.0888 }, "geometry": { "type": "Polygon", "coordinates": [ [ [ 5.231292836002634, 43.434399833129412 ], [ 5.231327716922312, 43.43529913190185 ], [ 5.230093655893124, 43.435324544105896 ], [ 5.230058794244207, 43.434425244919467 ], [ 5.231292836002634, 43.434399833129412 ] ] ] } },
{ "type": "Feature", "properties": { "ndvi_mean": 0.0306, "ndmi_mean": -0.1174, "ndbi_mean": 0.1174 }, "geometry": { "type": "Polygon", "coordinates": [ [ [ 5.232526876670827, 43.434374407285397 ], [ 5.232561776861215, 43.435273705643638 ], [ 5.231327716922312, 43.43529913190185 ], [ 5.231292836002634, 43.434399833129412 ], [ 5.232526876670827, 43.434374407285397 ] ] ] } },
{ "type": "Feature", "properties": { "ndvi_mean": 0.1155, "ndmi_mean": -0.0795, "ndbi_mean": 0.0795 }, "geometry": { "type": "Polygon", "coordinates": [ [ [ 5.233760916248182, 43.434348967387471 ], [ 5.23379583570923, 43.435248265331268 ], [ 5.232561776861215, 43.435273705643638 ], [ 5.232526876670827, 43.434374407285397 ], [ 5.233760916248182, 43.434348967387471 ] ] ] } },
{ "type": "Feature", "properties": { "ndvi_mean": 0.3158, "ndmi_mean": -0.1322, "ndbi_mean": 0.1322 }, "geometry": { "type": "Polygon", "coordinates": [ [ [ 5.2349949547341, 43.43432351343565 ], [ 5.235029893465755, 43.435222810964774 ], [ 5.23379583570923, 43.435248265331268 ], [ 5.233760916248182, 43.434348967387471 ], [ 5.2349949547341, 43.43432351343565 ] ] ] } },
{ "type": "Feature", "properties": { "ndvi_mean": 0.5578, "ndmi_mean": -0.0696, "ndbi_mean": 0.0696 }, "geometry": { "type": "Polygon", "coordinates": [ [ [ 5.23622899212798, 43.434298045429934 ], [ 5.236263950130191, 43.435197342544171 ], [ 5.235029893465755, 43.435222810964774 ], [ 5.2349949547341, 43.43432351343565 ], [ 5.23622899212798, 43.434298045429934 ] ] ] } },
{ "type": "Feature", "properties": { "ndvi_mean": 0.666, "ndmi_mean": -0.0104, "ndbi_mean": 0.0104 }, "geometry": { "type": "Polygon", "coordinates": [ [ [ 5.237463028429219, 43.434272563370349 ], [ 5.237498005701934, 43.435171860069481 ], [ 5.236263950130191, 43.435197342544171 ], [ 5.23622899212798, 43.434298045429934 ], [ 5.237463028429219, 43.434272563370349 ] ] ] } },
{ "type": "Feature", "properties": { "ndvi_mean": 0.1408, "ndmi_mean": -0.1758, "ndbi_mean": 0.1758 }, "geometry": { "type": "Polygon", "coordinates": [ [ [ 5.238697063637216, 43.434247067256941 ], [ 5.238732060180386, 43.435146363540724 ], [ 5.237498005701934, 43.435171860069481 ], [ 5.237463028429219, 43.434272563370349 ], [ 5.238697063637216, 43.434247067256941 ] ] ] } },
{ "type": "Feature", "properties": { "ndvi_mean": 0.141, "ndmi_mean": -0.1925, "ndbi_mean": 0.1925 }, "geometry": { "type": "Polygon", "coordinates": [ [ [ 5.23993109775137, 43.434221557089678 ], [ 5.239966113564943, 43.435120852957887 ], [ 5.238732060180386, 43.435146363540724 ], [ 5.238697063637216, 43.434247067256941 ], [ 5.23993109775137, 43.434221557089678 ] ] ] } },
{ "type": "Feature", "properties": { "ndvi_mean": 0.155, "ndmi_mean": -0.1396, "ndbi_mean": 0.1396 }, "geometry": { "type": "Polygon", "coordinates": [ [ [ 5.241165130771081, 43.434196032868648 ], [ 5.241200165855004, 43.435095328321033 ], [ 5.239966113564943, 43.435120852957887 ], [ 5.23993109775137, 43.434221557089678 ], [ 5.241165130771081, 43.434196032868648 ] ] ] } },
{ "type": "Feature", "properties": { "ndvi_mean": 0.2226, "ndmi_mean": -0.122, "ndbi_mean": 0.122 }, "geometry": { "type": "Polygon", "coordinates": [ [ [ 5.242399162695745, 43.434170494593815 ], [ 5.242434217049968, 43.43506978963017 ], [ 5.241200165855004, 43.435095328321033 ], [ 5.241165130771081, 43.434196032868648 ], [ 5.242399162695745, 43.434170494593815 ] ] ] } },
{ "type": "Feature", "properties": { "ndvi_mean": 0.1182, "ndmi_mean": -0.0826, "ndbi_mean": 0.0826 }, "geometry": { "type": "Polygon", "coordinates": [ [ [ 5.243633193524762, 43.434144942265213 ], [ 5.243668267149236, 43.435044236885311 ], [ 5.242434217049968, 43.43506978963017 ], [ 5.242399162695745, 43.434170494593815 ], [ 5.243633193524762, 43.434144942265213 ] ] ] } },
{ "type": "Feature", "properties": { "ndvi_mean": 0.0893, "ndmi_mean": -0.1329, "ndbi_mean": 0.1329 }, "geometry": { "type": "Polygon", "coordinates": [ [ [ 5.24486722325753, 43.434119375882879 ], [ 5.244902316152201, 43.435018670086478 ], [ 5.243668267149236, 43.435044236885311 ], [ 5.243633193524762, 43.434144942265213 ], [ 5.24486722325753, 43.434119375882879 ] ] ] } },
{ "type": "Feature", "properties": { "ndvi_mean": 0.1208, "ndmi_mean": -0.1167, "ndbi_mean": 0.1167 }, "geometry": { "type": "Polygon", "coordinates": [ [ [ 5.24610125189345, 43.43409379544682 ], [ 5.246136364058266, 43.434993089233686 ], [ 5.244902316152201, 43.435018670086478 ], [ 5.24486722325753, 43.434119375882879 ], [ 5.24610125189345, 43.43409379544682 ] ] ] } },
{ "type": "Feature", "properties": { "ndvi_mean": 0.3006, "ndmi_mean": -0.1349, "ndbi_mean": 0.1349 }, "geometry": { "type": "Polygon", "coordinates": [ [ [ 5.247335279431918, 43.434068200957022 ], [ 5.247370410866828, 43.434967494326969 ], [ 5.246136364058266, 43.434993089233686 ], [ 5.24610125189345, 43.43409379544682 ], [ 5.247335279431918, 43.434068200957022 ] ] ] } },
{ "type": "Feature", "properties": { "ndvi_mean": 0.1114, "ndmi_mean": -0.1074, "ndbi_mean": 0.1074 }, "geometry": { "type": "Polygon", "coordinates": [ [ [ 5.248569305872334, 43.434042592413583 ], [ 5.248604456577287, 43.434941885366328 ], [ 5.247370410866828, 43.434967494326969 ], [ 5.247335279431918, 43.434068200957022 ], [ 5.248569305872334, 43.434042592413583 ] ] ] } },
{ "type": "Feature", "properties": { "ndvi_mean": 0.0451, "ndmi_mean": -0.1599, "ndbi_mean": 0.1599 }, "geometry": { "type": "Polygon", "coordinates": [ [ [ 5.249803331214095, 43.43401696981644 ], [ 5.24983850118904, 43.434916262351791 ], [ 5.248604456577287, 43.434941885366328 ], [ 5.248569305872334, 43.434042592413583 ], [ 5.249803331214095, 43.43401696981644 ] ] ] } },
{ "type": "Feature", "properties": { "ndvi_mean": 0.0761, "ndmi_mean": -0.1707, "ndbi_mean": 0.1707 }, "geometry": { "type": "Polygon", "coordinates": [ [ [ 5.251037355456602, 43.433991333165665 ], [ 5.251072544701488, 43.434890625283373 ], [ 5.24983850118904, 43.434916262351791 ], [ 5.249803331214095, 43.43401696981644 ], [ 5.251037355456602, 43.433991333165665 ] ] ] } },
{ "type": "Feature", "properties": { "ndvi_mean": 0.0848, "ndmi_mean": -0.2413, "ndbi_mean": 0.2413 }, "geometry": { "type": "Polygon", "coordinates": [ [ [ 5.252271378599254, 43.433965682461256 ], [ 5.252306587114027, 43.434864974161101 ], [ 5.251072544701488, 43.434890625283373 ], [ 5.251037355456602, 43.433991333165665 ], [ 5.252271378599254, 43.433965682461256 ] ] ] } },
{ "type": "Feature", "properties": { "ndvi_mean": 0.1257, "ndmi_mean": -0.1719, "ndbi_mean": 0.1719 }, "geometry": { "type": "Polygon", "coordinates": [ [ [ 5.253505400641446, 43.433940017703243 ], [ 5.253540628426057, 43.434839308984998 ], [ 5.252306587114027, 43.434864974161101 ], [ 5.252271378599254, 43.433965682461256 ], [ 5.253505400641446, 43.433940017703243 ] ] ] } },
{ "type": "Feature", "properties": { "ndvi_mean": 0.1957, "ndmi_mean": -0.1856, "ndbi_mean": 0.1856 }, "geometry": { "type": "Polygon", "coordinates": [ [ [ 5.254739421582581, 43.433914338891647 ], [ 5.254774668636976, 43.434813629755062 ], [ 5.253540628426057, 43.434839308984998 ], [ 5.253505400641446, 43.433940017703243 ], [ 5.254739421582581, 43.433914338891647 ] ] ] } },
{ "type": "Feature", "properties": { "ndvi_mean": 0.4948, "ndmi_mean": -0.3467, "ndbi_mean": 0.3467 }, "geometry": { "type": "Polygon", "coordinates": [ [ [ 5.215215579010263, 43.433829786634135 ], [ 5.215250208323656, 43.43472909018589 ], [ 5.2140161524469, 43.434754319272969 ], [ 5.213981542404328, 43.433855015310222 ], [ 5.215215579010263, 43.433829786634135 ] ] ] } },
{ "type": "Feature", "properties": { "ndvi_mean": 0.4784, "ndmi_mean": -0.3534, "ndbi_mean": 0.3534 }, "geometry": { "type": "Polygon", "coordinates": [ [ [ 5.216449614533832, 43.433804543904088 ], [ 5.216484263117995, 43.434703847044624 ], [ 5.215250208323656, 43.43472909018589 ], [ 5.215215579010263, 43.433829786634135 ], [ 5.216449614533832, 43.433804543904088 ] ] ] } },
{ "type": "Feature", "properties": { "ndvi_mean": 0.4149, "ndmi_mean": -0.3211, "ndbi_mean": 0.3211 }, "geometry": { "type": "Polygon", "coordinates": [ [ [ 5.217683648974432, 43.433779287120096 ], [ 5.217718316829315, 43.434678589849163 ], [ 5.216484263117995, 43.434703847044624 ], [ 5.216449614533832, 43.433804543904088 ], [ 5.217683648974432, 43.433779287120096 ] ] ] } },
{ "type": "Feature", "properties": { "ndvi_mean": 0.1871, "ndmi_mean": -0.2642, "ndbi_mean": 0.2642 }, "geometry": { "type": "Polygon", "coordinates": [ [ [ 5.218917682331464, 43.433754016282187 ], [ 5.218952369457017, 43.434653318599572 ], [ 5.217718316829315, 43.434678589849163 ], [ 5.217683648974432, 43.433779287120096 ], [ 5.218917682331464, 43.433754016282187 ] ] ] } },
{ "type": "Feature", "properties": { "ndvi_mean": 0.3699, "ndmi_mean": -0.2752, "ndbi_mean": 0.2752 }, "geometry": { "type": "Polygon", "coordinates": [ [ [ 5.220151714604326, 43.433728731390367 ], [ 5.220186421000497, 43.434628033295837 ], [ 5.218952369457017, 43.434653318599572 ], [ 5.218917682331464, 43.433754016282187 ], [ 5.220151714604326, 43.433728731390367 ] ] ] } },
{ "type": "Feature", "properties": { "ndvi_mean": 0.5034, "ndmi_mean": -0.321, "ndbi_mean": 0.321 }, "geometry": { "type": "Polygon", "coordinates": [ [ [ 5.221385745792415, 43.433703432444652 ], [ 5.221420471459154, 43.434602733938 ], [ 5.220186421000497, 43.434628033295837 ], [ 5.220151714604326, 43.433728731390367 ], [ 5.221385745792415, 43.433703432444652 ] ] ] } },
{ "type": "Feature", "properties": { "ndvi_mean": 0.4563, "ndmi_mean": -0.2383, "ndbi_mean": 0.2383 }, "geometry": { "type": "Polygon", "coordinates": [ [ [ 5.222619775895132, 43.433678119445069 ], [ 5.222654520832386, 43.43457742052604 ], [ 5.221420471459154, 43.434602733938 ], [ 5.221385745792415, 43.433703432444652 ], [ 5.222619775895132, 43.433678119445069 ] ] ] } },
{ "type": "Feature", "properties": { "ndvi_mean": 0.149, "ndmi_mean": -0.1857, "ndbi_mean": 0.1857 }, "geometry": { "type": "Polygon", "coordinates": [ [ [ 5.223853804911875, 43.433652792391662 ], [ 5.223888569119595, 43.434552093060041 ], [ 5.222654520832386, 43.43457742052604 ], [ 5.222619775895132, 43.433678119445069 ], [ 5.223853804911875, 43.433652792391662 ] ] ] } },
{ "type": "Feature", "properties": { "ndvi_mean": 0.1548, "ndmi_mean": -0.1478, "ndbi_mean": 0.1478 }, "geometry": { "type": "Polygon", "coordinates": [ [ [ 5.225087832842041, 43.433627451284401 ], [ 5.225122616320176, 43.434526751539963 ], [ 5.223888569119595, 43.434552093060041 ], [ 5.223853804911875, 43.433652792391662 ], [ 5.225087832842041, 43.433627451284401 ] ] ] } },
{ "type": "Feature", "properties": { "ndvi_mean": 0.1265, "ndmi_mean": -0.112, "ndbi_mean": 0.112 }, "geometry": { "type": "Polygon", "coordinates": [ [ [ 5.22632185968503, 43.433602096123352 ], [ 5.226356662433529, 43.434501395965846 ], [ 5.225122616320176, 43.434526751539963 ], [ 5.225087832842041, 43.433627451284401 ], [ 5.22632185968503, 43.433602096123352 ] ] ] } },
{ "type": "Feature", "properties": { "ndvi_mean": 0.094, "ndmi_mean": -0.0639, "ndbi_mean": 0.0639 }, "geometry": { "type": "Polygon", "coordinates": [ [ [ 5.227555885440242, 43.433576726908505 ], [ 5.227590707459052, 43.434476026337705 ], [ 5.226356662433529, 43.434501395965846 ], [ 5.22632185968503, 43.433602096123352 ], [ 5.227555885440242, 43.433576726908505 ] ] ] } },
{ "type": "Feature", "properties": { "ndvi_mean": 0.0817, "ndmi_mean": -0.1168, "ndbi_mean": 0.1168 }, "geometry": { "type": "Polygon", "coordinates": [ [ [ 5.228789910107073, 43.433551343639884 ], [ 5.228824751396147, 43.434450642655591 ], [ 5.227590707459052, 43.434476026337705 ], [ 5.227555885440242, 43.433576726908505 ], [ 5.228789910107073, 43.433551343639884 ] ] ] } },
{ "type": "Feature", "properties": { "ndvi_mean": 0.068, "ndmi_mean": -0.126, "ndbi_mean": 0.126 }, "geometry": { "type": "Polygon", "coordinates": [ [ [ 5.230023933684923, 43.433525946317523 ], [ 5.230058794244207, 43.434425244919467 ], [ 5.228824751396147, 43.434450642655591 ], [ 5.228789910107073, 43.433551343639884 ], [ 5.230023933684923, 43.433525946317523 ] ] ] } },
{ "type": "Feature", "properties": { "ndvi_mean": 0.1132, "ndmi_mean": -0.1129, "ndbi_mean": 0.1129 }, "geometry": { "type": "Polygon", "coordinates": [ [ [ 5.23125795617319, 43.433500534941409 ], [ 5.231292836002634, 43.434399833129412 ], [ 5.230058794244207, 43.434425244919467 ], [ 5.230023933684923, 43.433525946317523 ], [ 5.23125795617319, 43.433500534941409 ] ] ] } },
{ "type": "Feature", "properties": { "ndvi_mean": 0.1188, "ndmi_mean": -0.2875, "ndbi_mean": 0.2875 }, "geometry": { "type": "Polygon", "coordinates": [ [ [ 5.232491977571274, 43.433475109511605 ], [ 5.232526876670827, 43.434374407285397 ], [ 5.231292836002634, 43.434399833129412 ], [ 5.23125795617319, 43.433500534941409 ], [ 5.232491977571274, 43.433475109511605 ] ] ] } },
{ "type": "Feature", "properties": { "ndvi_mean": 0.081, "ndmi_mean": -0.4433, "ndbi_mean": 0.4433 }, "geometry": { "type": "Polygon", "coordinates": [ [ [ 5.233725997878572, 43.433449670028104 ], [ 5.233760916248182, 43.434348967387471 ], [ 5.232526876670827, 43.434374407285397 ], [ 5.232491977571274, 43.433475109511605 ], [ 5.233725997878572, 43.433449670028104 ] ] ] } },
{ "type": "Feature", "properties": { "ndvi_mean": 0.2986, "ndmi_mean": -0.2297, "ndbi_mean": 0.2297 }, "geometry": { "type": "Polygon", "coordinates": [ [ [ 5.234960017094485, 43.433424216490934 ], [ 5.2349949547341, 43.43432351343565 ], [ 5.233760916248182, 43.434348967387471 ], [ 5.233725997878572, 43.433449670028104 ], [ 5.234960017094485, 43.433424216490934 ] ] ] } },
{ "type": "Feature", "properties": { "ndvi_mean": 0.5804, "ndmi_mean": -0.1444, "ndbi_mean": 0.1444 }, "geometry": { "type": "Polygon", "coordinates": [ [ [ 5.236194035218409, 43.433398748900103 ], [ 5.23622899212798, 43.434298045429934 ], [ 5.2349949547341, 43.43432351343565 ], [ 5.234960017094485, 43.433424216490934 ], [ 5.236194035218409, 43.433398748900103 ] ] ] } },
{ "type": "Feature", "properties": { "ndvi_mean": 0.953, "ndmi_mean": 0.1643, "ndbi_mean": -0.1643 }, "geometry": { "type": "Polygon", "coordinates": [ [ [ 5.237428052249744, 43.433373267255632 ], [ 5.237463028429219, 43.434272563370349 ], [ 5.23622899212798, 43.434298045429934 ], [ 5.236194035218409, 43.433398748900103 ], [ 5.237428052249744, 43.433373267255632 ] ] ] } },
{ "type": "Feature", "properties": { "ndvi_mean": 0.4817, "ndmi_mean": -0.0157, "ndbi_mean": 0.0157 }, "geometry": { "type": "Polygon", "coordinates": [ [ [ 5.238662068187889, 43.433347771557557 ], [ 5.238697063637216, 43.434247067256941 ], [ 5.237463028429219, 43.434272563370349 ], [ 5.237428052249744, 43.433373267255632 ], [ 5.238662068187889, 43.433347771557557 ] ] ] } },
{ "type": "Feature", "properties": { "ndvi_mean": 0.3141, "ndmi_mean": -0.1455, "ndbi_mean": 0.1455 }, "geometry": { "type": "Polygon", "coordinates": [ [ [ 5.239896083032242, 43.433322261805898 ], [ 5.23993109775137, 43.434221557089678 ], [ 5.238697063637216, 43.434247067256941 ], [ 5.238662068187889, 43.433347771557557 ], [ 5.239896083032242, 43.433322261805898 ] ] ] } },
{ "type": "Feature", "properties": { "ndvi_mean": 0.1227, "ndmi_mean": -0.0922, "ndbi_mean": 0.0922 }, "geometry": { "type": "Polygon", "coordinates": [ [ [ 5.241130096782202, 43.433296738000649 ], [ 5.241165130771081, 43.434196032868648 ], [ 5.23993109775137, 43.434221557089678 ], [ 5.239896083032242, 43.433322261805898 ], [ 5.241130096782202, 43.433296738000649 ] ] ] } },
{ "type": "Feature", "properties": { "ndvi_mean": 0.0847, "ndmi_mean": -0.1168, "ndbi_mean": 0.1168 }, "geometry": { "type": "Polygon", "coordinates": [ [ [ 5.242364109437168, 43.433271200141846 ], [ 5.242399162695745, 43.434170494593815 ], [ 5.241165130771081, 43.434196032868648 ], [ 5.241130096782202, 43.433296738000649 ], [ 5.242364109437168, 43.433271200141846 ] ] ] } },
{ "type": "Feature", "properties": { "ndvi_mean": 0.4149, "ndmi_mean": -0.0819, "ndbi_mean": 0.0819 }, "geometry": { "type": "Polygon", "coordinates": [ [ [ 5.243598120996538, 43.433245648229502 ], [ 5.243633193524762, 43.434144942265213 ], [ 5.242399162695745, 43.434170494593815 ], [ 5.242364109437168, 43.433271200141846 ], [ 5.243598120996538, 43.433245648229502 ] ] ] } },
{ "type": "Feature", "properties": { "ndvi_mean": 0.2883, "ndmi_mean": -0.1312, "ndbi_mean": 0.1312 }, "geometry": { "type": "Polygon", "coordinates": [ [ [ 5.24483213145971, 43.433220082263638 ], [ 5.24486722325753, 43.434119375882879 ], [ 5.243633193524762, 43.434144942265213 ], [ 5.243598120996538, 43.433245648229502 ], [ 5.24483213145971, 43.433220082263638 ] ] ] } },
{ "type": "Feature", "properties": { "ndvi_mean": 0.3025, "ndmi_mean": -0.1571, "ndbi_mean": 0.1571 }, "geometry": { "type": "Polygon", "coordinates": [ [ [ 5.246066140826085, 43.433194502244305 ], [ 5.24610125189345, 43.43409379544682 ], [ 5.24486722325753, 43.434119375882879 ], [ 5.24483213145971, 43.433220082263638 ], [ 5.246066140826085, 43.433194502244305 ] ] ] } },
{ "type": "Feature", "properties": { "ndvi_mean": 0.2396, "ndmi_mean": -0.0678, "ndbi_mean": 0.0678 }, "geometry": { "type": "Polygon", "coordinates": [ [ [ 5.24730014909506, 43.43316890817146 ], [ 5.247335279431918, 43.434068200957022 ], [ 5.24610125189345, 43.43409379544682 ], [ 5.246066140826085, 43.433194502244305 ], [ 5.24730014909506, 43.43316890817146 ] ] ] } },
{ "type": "Feature", "properties": { "ndvi_mean": 0.1862, "ndmi_mean": -0.0322, "ndbi_mean": 0.0322 }, "geometry": { "type": "Polygon", "coordinates": [ [ [ 5.248534156266034, 43.433143300045174 ], [ 5.248569305872334, 43.434042592413583 ], [ 5.247335279431918, 43.434068200957022 ], [ 5.24730014909506, 43.43316890817146 ], [ 5.248534156266034, 43.433143300045174 ] ] ] } },
{ "type": "Feature", "properties": { "ndvi_mean": 0.0968, "ndmi_mean": -0.1159, "ndbi_mean": 0.1159 }, "geometry": { "type": "Polygon", "coordinates": [ [ [ 5.249768162338405, 43.433117677865454 ], [ 5.249803331214095, 43.43401696981644 ], [ 5.248569305872334, 43.434042592413583 ], [ 5.248534156266034, 43.433143300045174 ], [ 5.249768162338405, 43.433117677865454 ] ] ] } },
{ "type": "Feature", "properties": { "ndvi_mean": 0.1489, "ndmi_mean": -0.2346, "ndbi_mean": 0.2346 }, "geometry": { "type": "Polygon", "coordinates": [ [ [ 5.251002167311574, 43.433092041632307 ], [ 5.251037355456602, 43.433991333165665 ], [ 5.249803331214095, 43.43401696981644 ], [ 5.249768162338405, 43.433117677865454 ], [ 5.251002167311574, 43.433092041632307 ] ] ] } },
{ "type": "Feature", "properties": { "ndvi_mean": 0.068, "ndmi_mean": -0.1989, "ndbi_mean": 0.1989 }, "geometry": { "type": "Polygon", "coordinates": [ [ [ 5.252236171184938, 43.433066391345747 ], [ 5.252271378599254, 43.433965682461256 ], [ 5.251037355456602, 43.433991333165665 ], [ 5.251002167311574, 43.433092041632307 ], [ 5.252236171184938, 43.433066391345747 ] ] ] } },
{ "type": "Feature", "properties": { "ndvi_mean": 0.1246, "ndmi_mean": -0.1736, "ndbi_mean": 0.1736 }, "geometry": { "type": "Polygon", "coordinates": [ [ [ 5.253470173957896, 43.433040727005817 ], [ 5.253505400641446, 43.433940017703243 ], [ 5.252271378599254, 43.433965682461256 ], [ 5.252236171184938, 43.433066391345747 ], [ 5.253470173957896, 43.433040727005817 ] ] ] } },
{ "type": "Feature", "properties": { "ndvi_mean": 0.1479, "ndmi_mean": -0.1277, "ndbi_mean": 0.1277 }, "geometry": { "type": "Polygon", "coordinates": [ [ [ 5.254704175629845, 43.433015048612532 ], [ 5.254739421582581, 43.433914338891647 ], [ 5.253505400641446, 43.433940017703243 ], [ 5.253470173957896, 43.433040727005817 ], [ 5.254704175629845, 43.433015048612532 ] ] ] } },
{ "type": "Feature", "properties": { "ndvi_mean": 0.357, "ndmi_mean": -0.2619, "ndbi_mean": 0.2619 }, "geometry": { "type": "Polygon", "coordinates": [ [ [ 5.215180950779237, 43.432930483667157 ], [ 5.215215579010263, 43.433829786634135 ], [ 5.213981542404328, 43.433855015310222 ], [ 5.213946933443522, 43.432955711932244 ], [ 5.215180950779237, 43.432930483667157 ] ] ] } },
{ "type": "Feature", "properties": { "ndvi_mean": 0.4985, "ndmi_mean": -0.3277, "ndbi_mean": 0.3277 }, "geometry": { "type": "Polygon", "coordinates": [ [ [ 5.216414967032636, 43.43290524134833 ], [ 5.216449614533832, 43.433804543904088 ], [ 5.215215579010263, 43.433829786634135 ], [ 5.215180950779237, 43.432930483667157 ], [ 5.216414967032636, 43.43290524134833 ] ] ] } },
{ "type": "Feature", "properties": { "ndvi_mean": 0.442, "ndmi_mean": -0.3111, "ndbi_mean": 0.3111 }, "geometry": { "type": "Polygon", "coordinates": [ [ [ 5.217648982203118, 43.432879984975777 ], [ 5.217683648974432, 43.433779287120096 ], [ 5.216449614533832, 43.433804543904088 ], [ 5.216414967032636, 43.43290524134833 ], [ 5.217648982203118, 43.432879984975777 ] ] ] } },
{ "type": "Feature", "properties": { "ndvi_mean": 0.3591, "ndmi_mean": -0.3435, "ndbi_mean": 0.3435 }, "geometry": { "type": "Polygon", "coordinates": [ [ [ 5.218882996290082, 43.432854714549528 ], [ 5.218917682331464, 43.433754016282187 ], [ 5.217683648974432, 43.433779287120096 ], [ 5.217648982203118, 43.432879984975777 ], [ 5.218882996290082, 43.432854714549528 ] ] ] } },
{ "type": "Feature", "properties": { "ndvi_mean": 0.1896, "ndmi_mean": -0.2341, "ndbi_mean": 0.2341 }, "geometry": { "type": "Polygon", "coordinates": [ [ [ 5.220117009292927, 43.432829430069631 ], [ 5.220151714604326, 43.433728731390367 ], [ 5.218917682331464, 43.433754016282187 ], [ 5.218882996290082, 43.432854714549528 ], [ 5.220117009292927, 43.432829430069631 ] ] ] } },
{ "type": "Feature", "properties": { "ndvi_mean": 0.2482, "ndmi_mean": -0.2222, "ndbi_mean": 0.2222 }, "geometry": { "type": "Polygon", "coordinates": [ [ [ 5.221351021211051, 43.432804131536031 ], [ 5.221385745792415, 43.433703432444652 ], [ 5.220151714604326, 43.433728731390367 ], [ 5.220117009292927, 43.432829430069631 ], [ 5.221351021211051, 43.432804131536031 ] ] ] } },
{ "type": "Feature", "properties": { "ndvi_mean": 0.4015, "ndmi_mean": -0.2333, "ndbi_mean": 0.2333 }, "geometry": { "type": "Polygon", "coordinates": [ [ [ 5.222585032043852, 43.432778818948819 ], [ 5.222619775895132, 43.433678119445069 ], [ 5.221385745792415, 43.433703432444652 ], [ 5.221351021211051, 43.432804131536031 ], [ 5.222585032043852, 43.432778818948819 ] ] ] } },
{ "type": "Feature", "properties": { "ndvi_mean": 0.3074, "ndmi_mean": -0.1898, "ndbi_mean": 0.1898 }, "geometry": { "type": "Polygon", "coordinates": [ [ [ 5.22381904179073, 43.432753492308002 ], [ 5.223853804911875, 43.433652792391662 ], [ 5.222619775895132, 43.433678119445069 ], [ 5.222585032043852, 43.432778818948819 ], [ 5.22381904179073, 43.432753492308002 ] ] ] } },
{ "type": "Feature", "properties": { "ndvi_mean": 0.2427, "ndmi_mean": -0.1918, "ndbi_mean": 0.1918 }, "geometry": { "type": "Polygon", "coordinates": [ [ [ 5.225053050451083, 43.432728151613574 ], [ 5.225087832842041, 43.433627451284401 ], [ 5.223853804911875, 43.433652792391662 ], [ 5.22381904179073, 43.432753492308002 ], [ 5.225053050451083, 43.432728151613574 ] ] ] } },
{ "type": "Feature", "properties": { "ndvi_mean": 0.2458, "ndmi_mean": -0.2042, "ndbi_mean": 0.2042 }, "geometry": { "type": "Polygon", "coordinates": [ [ [ 5.22628705802431, 43.432702796865556 ], [ 5.22632185968503, 43.433602096123352 ], [ 5.225087832842041, 43.433627451284401 ], [ 5.225053050451083, 43.432728151613574 ], [ 5.22628705802431, 43.432702796865556 ] ] ] } },
{ "type": "Feature", "properties": { "ndvi_mean": 0.1778, "ndmi_mean": -0.1404, "ndbi_mean": 0.1404 }, "geometry": { "type": "Polygon", "coordinates": [ [ [ 5.22752106450981, 43.43267742806399 ], [ 5.227555885440242, 43.433576726908505 ], [ 5.22632185968503, 43.433602096123352 ], [ 5.22628705802431, 43.432702796865556 ], [ 5.22752106450981, 43.43267742806399 ] ] ] } },
{ "type": "Feature", "properties": { "ndvi_mean": 0.0778, "ndmi_mean": -0.1163, "ndbi_mean": 0.1163 }, "geometry": { "type": "Polygon", "coordinates": [ [ [ 5.228755069906981, 43.432652045208876 ], [ 5.228789910107073, 43.433551343639884 ], [ 5.227555885440242, 43.433576726908505 ], [ 5.22752106450981, 43.43267742806399 ], [ 5.228755069906981, 43.432652045208876 ] ] ] } },
{ "type": "Feature", "properties": { "ndvi_mean": 0.1712, "ndmi_mean": -0.069, "ndbi_mean": 0.069 }, "geometry": { "type": "Polygon", "coordinates": [ [ [ 5.229989074215222, 43.432626648300229 ], [ 5.230023933684923, 43.433525946317523 ], [ 5.228789910107073, 43.433551343639884 ], [ 5.228755069906981, 43.432652045208876 ], [ 5.229989074215222, 43.432626648300229 ] ] ] } },
{ "type": "Feature", "properties": { "ndvi_mean": 0.1269, "ndmi_mean": -0.0199, "ndbi_mean": 0.0199 }, "geometry": { "type": "Polygon", "coordinates": [ [ [ 5.231223077433931, 43.432601237338112 ], [ 5.23125795617319, 43.433500534941409 ], [ 5.230023933684923, 43.433525946317523 ], [ 5.229989074215222, 43.432626648300229 ], [ 5.231223077433931, 43.432601237338112 ] ] ] } },
{ "type": "Feature", "properties": { "ndvi_mean": 0.1024, "ndmi_mean": -0.0738, "ndbi_mean": 0.0738 }, "geometry": { "type": "Polygon", "coordinates": [ [ [ 5.232457079562508, 43.432575812322497 ], [ 5.232491977571274, 43.433475109511605 ], [ 5.23125795617319, 43.433500534941409 ], [ 5.231223077433931, 43.432601237338112 ], [ 5.232457079562508, 43.432575812322497 ] ] ] } },
{ "type": "Feature", "properties": { "ndvi_mean": 0.1048, "ndmi_mean": -0.2007, "ndbi_mean": 0.2007 }, "geometry": { "type": "Polygon", "coordinates": [ [ [ 5.23369108060035, 43.432550373253399 ], [ 5.233725997878572, 43.433449670028104 ], [ 5.232491977571274, 43.433475109511605 ], [ 5.232457079562508, 43.432575812322497 ], [ 5.23369108060035, 43.432550373253399 ] ] ] } },
{ "type": "Feature", "properties": { "ndvi_mean": 0.1876, "ndmi_mean": -0.2582, "ndbi_mean": 0.2582 }, "geometry": { "type": "Polygon", "coordinates": [ [ [ 5.234925080546858, 43.432524920130888 ], [ 5.234960017094485, 43.433424216490934 ], [ 5.233725997878572, 43.433449670028104 ], [ 5.23369108060035, 43.432550373253399 ], [ 5.234925080546858, 43.432524920130888 ] ] ] } },
{ "type": "Feature", "properties": { "ndvi_mean": 0.4932, "ndmi_mean": -0.0597, "ndbi_mean": 0.0597 }, "geometry": { "type": "Polygon", "coordinates": [ [ [ 5.236159079401428, 43.432499452954929 ], [ 5.236194035218409, 43.433398748900103 ], [ 5.234960017094485, 43.433424216490934 ], [ 5.234925080546858, 43.432524920130888 ], [ 5.236159079401428, 43.432499452954929 ] ] ] } },
{ "type": "Feature", "properties": { "ndvi_mean": 0.628, "ndmi_mean": 0.0679, "ndbi_mean": -0.0679 }, "geometry": { "type": "Polygon", "coordinates": [ [ [ 5.237393077163461, 43.432473971725578 ], [ 5.237428052249744, 43.433373267255632 ], [ 5.236194035218409, 43.433398748900103 ], [ 5.236159079401428, 43.432499452954929 ], [ 5.237393077163461, 43.432473971725578 ] ] ] } },
{ "type": "Feature", "properties": { "ndvi_mean": 0.4329, "ndmi_mean": -0.1074, "ndbi_mean": 0.1074 }, "geometry": { "type": "Polygon", "coordinates": [ [ [ 5.238627073832354, 43.432448476442843 ], [ 5.238662068187889, 43.433347771557557 ], [ 5.237428052249744, 43.433373267255632 ], [ 5.237393077163461, 43.432473971725578 ], [ 5.238627073832354, 43.432448476442843 ] ] ] } },
{ "type": "Feature", "properties": { "ndvi_mean": 0.1558, "ndmi_mean": -0.1291, "ndbi_mean": 0.1291 }, "geometry": { "type": "Polygon", "coordinates": [ [ [ 5.239861069407508, 43.432422967106703 ], [ 5.239896083032242, 43.433322261805898 ], [ 5.238662068187889, 43.433347771557557 ], [ 5.238627073832354, 43.432448476442843 ], [ 5.239861069407508, 43.432422967106703 ] ] ] } },
{ "type": "Feature", "properties": { "ndvi_mean": 0.1502, "ndmi_mean": -0.1375, "ndbi_mean": 0.1375 }, "geometry": { "type": "Polygon", "coordinates": [ [ [ 5.241095063888318, 43.43239744371725 ], [ 5.241130096782202, 43.433296738000649 ], [ 5.239896083032242, 43.433322261805898 ], [ 5.239861069407508, 43.432422967106703 ], [ 5.241095063888318, 43.43239744371725 ] ] ] } },
{ "type": "Feature", "properties": { "ndvi_mean": 0.1936, "ndmi_mean": -0.0929, "ndbi_mean": 0.0929 }, "geometry": { "type": "Polygon", "coordinates": [ [ [ 5.242329057274186, 43.432371906274476 ], [ 5.242364109437168, 43.433271200141846 ], [ 5.241130096782202, 43.433296738000649 ], [ 5.241095063888318, 43.43239744371725 ], [ 5.242329057274186, 43.432371906274476 ] ] ] } },
{ "type": "Feature", "properties": { "ndvi_mean": 0.2299, "ndmi_mean": -0.1073, "ndbi_mean": 0.1073 }, "geometry": { "type": "Polygon", "coordinates": [ [ [ 5.243563049564511, 43.432346354778389 ], [ 5.243598120996538, 43.433245648229502 ], [ 5.242364109437168, 43.433271200141846 ], [ 5.242329057274186, 43.432371906274476 ], [ 5.243563049564511, 43.432346354778389 ] ] ] } },
{ "type": "Feature", "properties": { "ndvi_mean": 0.1806, "ndmi_mean": -0.1478, "ndbi_mean": 0.1478 }, "geometry": { "type": "Polygon", "coordinates": [ [ [ 5.244797040758688, 43.432320789229024 ], [ 5.24483213145971, 43.433220082263638 ], [ 5.243598120996538, 43.433245648229502 ], [ 5.243563049564511, 43.432346354778389 ], [ 5.244797040758688, 43.432320789229024 ] ] ] } },
{ "type": "Feature", "properties": { "ndvi_mean": 0.2776, "ndmi_mean": -0.1219, "ndbi_mean": 0.1219 }, "geometry": { "type": "Polygon", "coordinates": [ [ [ 5.24603103085612, 43.432295209626368 ], [ 5.246066140826085, 43.433194502244305 ], [ 5.24483213145971, 43.433220082263638 ], [ 5.244797040758688, 43.432320789229024 ], [ 5.24603103085612, 43.432295209626368 ] ] ] } },
{ "type": "Feature", "properties": { "ndvi_mean": 0.258, "ndmi_mean": -0.0835, "ndbi_mean": 0.0835 }, "geometry": { "type": "Polygon", "coordinates": [ [ [ 5.247265019856202, 43.432269615970476 ], [ 5.24730014909506, 43.43316890817146 ], [ 5.246066140826085, 43.433194502244305 ], [ 5.24603103085612, 43.432295209626368 ], [ 5.247265019856202, 43.432269615970476 ] ] ] } },
{ "type": "Feature", "properties": { "ndvi_mean": 0.2109, "ndmi_mean": -0.1805, "ndbi_mean": 0.1805 }, "geometry": { "type": "Polygon", "coordinates": [ [ [ 5.248499007758336, 43.432244008261343 ], [ 5.248534156266034, 43.433143300045174 ], [ 5.24730014909506, 43.43316890817146 ], [ 5.247265019856202, 43.432269615970476 ], [ 5.248499007758336, 43.432244008261343 ] ] ] } },
{ "type": "Feature", "properties": { "ndvi_mean": 0.2043, "ndmi_mean": -0.189, "ndbi_mean": 0.189 }, "geometry": { "type": "Polygon", "coordinates": [ [ [ 5.249732994561919, 43.432218386499024 ], [ 5.249768162338405, 43.433117677865454 ], [ 5.248534156266034, 43.433143300045174 ], [ 5.248499007758336, 43.432244008261343 ], [ 5.249732994561919, 43.432218386499024 ] ] ] } },
{ "type": "Feature", "properties": { "ndvi_mean": 0.1485, "ndmi_mean": -0.3539, "ndbi_mean": 0.3539 }, "geometry": { "type": "Polygon", "coordinates": [ [ [ 5.25096698026635, 43.432192750683498 ], [ 5.251002167311574, 43.433092041632307 ], [ 5.249768162338405, 43.433117677865454 ], [ 5.249732994561919, 43.432218386499024 ], [ 5.25096698026635, 43.432192750683498 ] ] ] } },
{ "type": "Feature", "properties": { "ndvi_mean": 0.2916, "ndmi_mean": -0.1672, "ndbi_mean": 0.1672 }, "geometry": { "type": "Polygon", "coordinates": [ [ [ 5.252200964871029, 43.432167100814787 ], [ 5.252236171184938, 43.433066391345747 ], [ 5.251002167311574, 43.433092041632307 ], [ 5.25096698026635, 43.432192750683498 ], [ 5.252200964871029, 43.432167100814787 ] ] ] } },
{ "type": "Feature", "properties": { "ndvi_mean": 0.2625, "ndmi_mean": -0.2506, "ndbi_mean": 0.2506 }, "geometry": { "type": "Polygon", "coordinates": [ [ [ 5.253434948375352, 43.432141436892955 ], [ 5.253470173957896, 43.433040727005817 ], [ 5.252236171184938, 43.433066391345747 ], [ 5.252200964871029, 43.432167100814787 ], [ 5.253434948375352, 43.432141436892955 ] ] ] } },
{ "type": "Feature", "properties": { "ndvi_mean": 0.2319, "ndmi_mean": -0.2567, "ndbi_mean": 0.2567 }, "geometry": { "type": "Polygon", "coordinates": [ [ [ 5.25466893077872, 43.432115758917973 ], [ 5.254704175629845, 43.433015048612532 ], [ 5.253470173957896, 43.433040727005817 ], [ 5.253434948375352, 43.432141436892955 ], [ 5.25466893077872, 43.432115758917973 ] ] ] } },
{ "type": "Feature", "properties": { "ndvi_mean": 0.363, "ndmi_mean": -0.2753, "ndbi_mean": 0.2753 }, "geometry": { "type": "Polygon", "coordinates": [ [ [ 5.215146323630526, 43.432031181285105 ], [ 5.215180950779237, 43.432930483667157 ], [ 5.213946933443522, 43.432955711932244 ], [ 5.21391232556443, 43.43205640913925 ], [ 5.215146323630526, 43.432031181285105 ] ] ] } },
{ "type": "Feature", "properties": { "ndvi_mean": 0.3127, "ndmi_mean": -0.2608, "ndbi_mean": 0.2608 }, "geometry": { "type": "Polygon", "coordinates": [ [ [ 5.216380320614356, 43.432005939377511 ], [ 5.216414967032636, 43.43290524134833 ], [ 5.215180950779237, 43.432930483667157 ], [ 5.215146323630526, 43.432031181285105 ], [ 5.216380320614356, 43.432005939377511 ] ] ] } },
{ "type": "Feature", "properties": { "ndvi_mean": 0.495, "ndmi_mean": -0.297, "ndbi_mean": 0.297 }, "geometry": { "type": "Polygon", "coordinates": [ [ [ 5.217614316515322, 43.431980683416398 ], [ 5.217648982203118, 43.432879984975777 ], [ 5.216414967032636, 43.43290524134833 ], [ 5.216380320614356, 43.432005939377511 ], [ 5.217614316515322, 43.431980683416398 ] ] ] } },
{ "type": "Feature", "properties": { "ndvi_mean": 0.3629, "ndmi_mean": -0.2927, "ndbi_mean": 0.2927 }, "geometry": { "type": "Polygon", "coordinates": [ [ [ 5.218848311332819, 43.43195541340183 ], [ 5.218882996290082, 43.432854714549528 ], [ 5.217648982203118, 43.432879984975777 ], [ 5.217614316515322, 43.431980683416398 ], [ 5.218848311332819, 43.43195541340183 ] ] ] } },
{ "type": "Feature", "properties": { "ndvi_mean": 0.3165, "ndmi_mean": -0.3075, "ndbi_mean": 0.3075 }, "geometry": { "type": "Polygon", "coordinates": [ [ [ 5.220082305066249, 43.431930129333786 ], [ 5.220117009292927, 43.432829430069631 ], [ 5.218882996290082, 43.432854714549528 ], [ 5.218848311332819, 43.43195541340183 ], [ 5.220082305066249, 43.431930129333786 ] ] ] } },
{ "type": "Feature", "properties": { "ndvi_mean": 0.2287, "ndmi_mean": -0.2377, "ndbi_mean": 0.2377 }, "geometry": { "type": "Polygon", "coordinates": [ [ [ 5.221316297715008, 43.431904831212357 ], [ 5.221351021211051, 43.432804131536031 ], [ 5.220117009292927, 43.432829430069631 ], [ 5.220082305066249, 43.431930129333786 ], [ 5.221316297715008, 43.431904831212357 ] ] ] } },
{ "type": "Feature", "properties": { "ndvi_mean": 0.3282, "ndmi_mean": -0.2405, "ndbi_mean": 0.2405 }, "geometry": { "type": "Polygon", "coordinates": [ [ [ 5.222550289278495, 43.431879519037501 ], [ 5.222585032043852, 43.432778818948819 ], [ 5.221351021211051, 43.432804131536031 ], [ 5.221316297715008, 43.431904831212357 ], [ 5.222550289278495, 43.431879519037501 ] ] ] } },
{ "type": "Feature", "properties": { "ndvi_mean": 0.555, "ndmi_mean": -0.2991, "ndbi_mean": 0.2991 }, "geometry": { "type": "Polygon", "coordinates": [ [ [ 5.223784279756111, 43.431854192809247 ], [ 5.22381904179073, 43.432753492308002 ], [ 5.222585032043852, 43.432778818948819 ], [ 5.222550289278495, 43.431879519037501 ], [ 5.223784279756111, 43.431854192809247 ] ] ] } },
{ "type": "Feature", "properties": { "ndvi_mean": 0.2854, "ndmi_mean": -0.202, "ndbi_mean": 0.202 }, "geometry": { "type": "Polygon", "coordinates": [ [ [ 5.225018269147252, 43.43182885252763 ], [ 5.225053050451083, 43.432728151613574 ], [ 5.22381904179073, 43.432753492308002 ], [ 5.223784279756111, 43.431854192809247 ], [ 5.225018269147252, 43.43182885252763 ] ] ] } },
{ "type": "Feature", "properties": { "ndvi_mean": 0.1911, "ndmi_mean": -0.1756, "ndbi_mean": 0.1756 }, "geometry": { "type": "Polygon", "coordinates": [ [ [ 5.226252257451318, 43.431803498192664 ], [ 5.22628705802431, 43.432702796865556 ], [ 5.225053050451083, 43.432728151613574 ], [ 5.225018269147252, 43.43182885252763 ], [ 5.226252257451318, 43.431803498192664 ] ] ] } },
{ "type": "Feature", "properties": { "ndvi_mean": 0.4844, "ndmi_mean": -0.2203, "ndbi_mean": 0.2203 }, "geometry": { "type": "Polygon", "coordinates": [ [ [ 5.227486244667706, 43.431778129804357 ], [ 5.22752106450981, 43.43267742806399 ], [ 5.22628705802431, 43.432702796865556 ], [ 5.226252257451318, 43.431803498192664 ], [ 5.227486244667706, 43.431778129804357 ] ] ] } },
{ "type": "Feature", "properties": { "ndvi_mean": 0.2867, "ndmi_mean": -0.1201, "ndbi_mean": 0.1201 }, "geometry": { "type": "Polygon", "coordinates": [ [ [ 5.22872023079582, 43.431752747362744 ], [ 5.228755069906981, 43.432652045208876 ], [ 5.22752106450981, 43.43267742806399 ], [ 5.227486244667706, 43.431778129804357 ], [ 5.22872023079582, 43.431752747362744 ] ] ] } },
{ "type": "Feature", "properties": { "ndvi_mean": 0.0319, "ndmi_mean": -0.0986, "ndbi_mean": 0.0986 }, "geometry": { "type": "Polygon", "coordinates": [ [ [ 5.229954215835052, 43.431727350867845 ], [ 5.229989074215222, 43.432626648300229 ], [ 5.228755069906981, 43.432652045208876 ], [ 5.22872023079582, 43.431752747362744 ], [ 5.229954215835052, 43.431727350867845 ] ] ] } },
{ "type": "Feature", "properties": { "ndvi_mean": 0.0635, "ndmi_mean": -0.1988, "ndbi_mean": 0.1988 }, "geometry": { "type": "Polygon", "coordinates": [ [ [ 5.231188199784804, 43.431701940319662 ], [ 5.231223077433931, 43.432601237338112 ], [ 5.229989074215222, 43.432626648300229 ], [ 5.229954215835052, 43.431727350867845 ], [ 5.231188199784804, 43.431701940319662 ] ] ] } },
{ "type": "Feature", "properties": { "ndvi_mean": 0.1703, "ndmi_mean": -0.1326, "ndbi_mean": 0.1326 }, "geometry": { "type": "Polygon", "coordinates": [ [ [ 5.232422182644475, 43.431676515718209 ], [ 5.232457079562508, 43.432575812322497 ], [ 5.231223077433931, 43.432601237338112 ], [ 5.231188199784804, 43.431701940319662 ], [ 5.232422182644475, 43.431676515718209 ] ] ] } },
{ "type": "Feature", "properties": { "ndvi_mean": 0.1405, "ndmi_mean": -0.1458, "ndbi_mean": 0.1458 }, "geometry": { "type": "Polygon", "coordinates": [ [ [ 5.233656164413463, 43.431651077063549 ], [ 5.23369108060035, 43.432550373253399 ], [ 5.232457079562508, 43.432575812322497 ], [ 5.232422182644475, 43.431676515718209 ], [ 5.233656164413463, 43.431651077063549 ] ] ] } },
{ "type": "Feature", "properties": { "ndvi_mean": 0.1896, "ndmi_mean": -0.1665, "ndbi_mean": 0.1665 }, "geometry": { "type": "Polygon", "coordinates": [ [ [ 5.234890145091167, 43.431625624355668 ], [ 5.234925080546858, 43.432524920130888 ], [ 5.23369108060035, 43.432550373253399 ], [ 5.233656164413463, 43.431651077063549 ], [ 5.234890145091167, 43.431625624355668 ] ] ] } },
{ "type": "Feature", "properties": { "ndvi_mean": 0.5343, "ndmi_mean": -0.0383, "ndbi_mean": 0.0383 }, "geometry": { "type": "Polygon", "coordinates": [ [ [ 5.236124124676985, 43.43160015759458 ], [ 5.236159079401428, 43.432499452954929 ], [ 5.234925080546858, 43.432524920130888 ], [ 5.234890145091167, 43.431625624355668 ], [ 5.236124124676985, 43.43160015759458 ] ] ] } },
{ "type": "Feature", "properties": { "ndvi_mean": 0.273, "ndmi_mean": -0.1566, "ndbi_mean": 0.1566 }, "geometry": { "type": "Polygon", "coordinates": [ [ [ 5.237358103170316, 43.431574676780322 ], [ 5.237393077163461, 43.432473971725578 ], [ 5.236159079401428, 43.432499452954929 ], [ 5.236124124676985, 43.43160015759458 ], [ 5.237358103170316, 43.431574676780322 ] ] ] } },
{ "type": "Feature", "properties": { "ndvi_mean": 0.1816, "ndmi_mean": -0.1168, "ndbi_mean": 0.1168 }, "geometry": { "type": "Polygon", "coordinates": [ [ [ 5.238592080570559, 43.431549181912914 ], [ 5.238627073832354, 43.432448476442843 ], [ 5.237393077163461, 43.432473971725578 ], [ 5.237358103170316, 43.431574676780322 ], [ 5.238592080570559, 43.431549181912914 ] ] ] } },
{ "type": "Feature", "properties": { "ndvi_mean": 0.2271, "ndmi_mean": -0.1152, "ndbi_mean": 0.1152 }, "geometry": { "type": "Polygon", "coordinates": [ [ [ 5.239826056877114, 43.431523672992356 ], [ 5.239861069407508, 43.432422967106703 ], [ 5.238627073832354, 43.432448476442843 ], [ 5.238592080570559, 43.431549181912914 ], [ 5.239826056877114, 43.431523672992356 ] ] ] } },
{ "type": "Feature", "properties": { "ndvi_mean": 0.1199, "ndmi_mean": -0.0947, "ndbi_mean": 0.0947 }, "geometry": { "type": "Polygon", "coordinates": [ [ [ 5.241060032089377, 43.431498150018697 ], [ 5.241095063888318, 43.43239744371725 ], [ 5.239861069407508, 43.432422967106703 ], [ 5.239826056877114, 43.431523672992356 ], [ 5.241060032089377, 43.431498150018697 ] ] ] } },
{ "type": "Feature", "properties": { "ndvi_mean": 0.1389, "ndmi_mean": -0.1209, "ndbi_mean": 0.1209 }, "geometry": { "type": "Polygon", "coordinates": [ [ [ 5.242294006206749, 43.431472612991925 ], [ 5.242329057274186, 43.432371906274476 ], [ 5.241095063888318, 43.43239744371725 ], [ 5.241060032089377, 43.431498150018697 ], [ 5.242294006206749, 43.431472612991925 ] ] ] } },
{ "type": "Feature", "properties": { "ndvi_mean": 0.1612, "ndmi_mean": -0.1389, "ndbi_mean": 0.1389 }, "geometry": { "type": "Polygon", "coordinates": [ [ [ 5.243527979228628, 43.431447061912081 ], [ 5.243563049564511, 43.432346354778389 ], [ 5.242329057274186, 43.432371906274476 ], [ 5.242294006206749, 43.431472612991925 ], [ 5.243527979228628, 43.431447061912081 ] ] ] } },
{ "type": "Feature", "properties": { "ndvi_mean": 0.1471, "ndmi_mean": -0.1549, "ndbi_mean": 0.1549 }, "geometry": { "type": "Polygon", "coordinates": [ [ [ 5.244761951154413, 43.431421496779173 ], [ 5.244797040758688, 43.432320789229024 ], [ 5.243563049564511, 43.432346354778389 ], [ 5.243527979228628, 43.431447061912081 ], [ 5.244761951154413, 43.431421496779173 ] ] ] } },
{ "type": "Feature", "properties": { "ndvi_mean": 0.1555, "ndmi_mean": -0.1609, "ndbi_mean": 0.1609 }, "geometry": { "type": "Polygon", "coordinates": [ [ [ 5.245995921983502, 43.431395917593228 ], [ 5.24603103085612, 43.432295209626368 ], [ 5.244797040758688, 43.432320789229024 ], [ 5.244761951154413, 43.431421496779173 ], [ 5.245995921983502, 43.431395917593228 ] ] ] } },
{ "type": "Feature", "properties": { "ndvi_mean": 0.1214, "ndmi_mean": -0.0959, "ndbi_mean": 0.0959 }, "geometry": { "type": "Polygon", "coordinates": [ [ [ 5.247229891715294, 43.431370324354255 ], [ 5.247265019856202, 43.432269615970476 ], [ 5.24603103085612, 43.432295209626368 ], [ 5.245995921983502, 43.431395917593228 ], [ 5.247229891715294, 43.431370324354255 ] ] ] } },
{ "type": "Feature", "properties": { "ndvi_mean": 0.2153, "ndmi_mean": -0.1037, "ndbi_mean": 0.1037 }, "geometry": { "type": "Polygon", "coordinates": [ [ [ 5.248463860349189, 43.431344717062295 ], [ 5.248499007758336, 43.432244008261343 ], [ 5.247265019856202, 43.432269615970476 ], [ 5.247229891715294, 43.431370324354255 ], [ 5.248463860349189, 43.431344717062295 ] ] ] } },
{ "type": "Feature", "properties": { "ndvi_mean": 0.25, "ndmi_mean": -0.1266, "ndbi_mean": 0.1266 }, "geometry": { "type": "Polygon", "coordinates": [ [ [ 5.249697827884585, 43.431319095717342 ], [ 5.249732994561919, 43.432218386499024 ], [ 5.248499007758336, 43.432244008261343 ], [ 5.248463860349189, 43.431344717062295 ], [ 5.249697827884585, 43.431319095717342 ] ] ] } },
{ "type": "Feature", "properties": { "ndvi_mean": 0.1062, "ndmi_mean": -0.1296, "ndbi_mean": 0.1296 }, "geometry": { "type": "Polygon", "coordinates": [ [ [ 5.25093179432088, 43.431293460319431 ], [ 5.25096698026635, 43.432192750683498 ], [ 5.249732994561919, 43.432218386499024 ], [ 5.249697827884585, 43.431319095717342 ], [ 5.25093179432088, 43.431293460319431 ] ] ] } },
{ "type": "Feature", "properties": { "ndvi_mean": 0.1283, "ndmi_mean": -0.0875, "ndbi_mean": 0.0875 }, "geometry": { "type": "Polygon", "coordinates": [ [ [ 5.252165759657474, 43.431267810868583 ], [ 5.252200964871029, 43.432167100814787 ], [ 5.25096698026635, 43.432192750683498 ], [ 5.25093179432088, 43.431293460319431 ], [ 5.252165759657474, 43.431267810868583 ] ] ] } },
{ "type": "Feature", "properties": { "ndvi_mean": 0.2051, "ndmi_mean": -0.1728, "ndbi_mean": 0.1728 }, "geometry": { "type": "Polygon", "coordinates": [ [ [ 5.253399723893764, 43.431242147364799 ], [ 5.253434948375352, 43.432141436892955 ], [ 5.252200964871029, 43.432167100814787 ], [ 5.252165759657474, 43.431267810868583 ], [ 5.253399723893764, 43.431242147364799 ] ] ] } },
{ "type": "Feature", "properties": { "ndvi_mean": 0.0984, "ndmi_mean": -0.1437, "ndbi_mean": 0.1437 }, "geometry": { "type": "Polygon", "coordinates": [ [ [ 5.25463368702915, 43.431216469808128 ], [ 5.25466893077872, 43.432115758917973 ], [ 5.253434948375352, 43.432141436892955 ], [ 5.253399723893764, 43.431242147364799 ], [ 5.25463368702915, 43.431216469808128 ] ] ] } },
{ "type": "Feature", "properties": { "ndvi_mean": 0.4855, "ndmi_mean": -0.3285, "ndbi_mean": 0.3285 }, "geometry": { "type": "Polygon", "coordinates": [ [ [ 5.21511169756408, 43.431131879488277 ], [ 5.215146323630526, 43.432031181285105 ], [ 5.21391232556443, 43.43205640913925 ], [ 5.213877718767001, 43.43115710693143 ], [ 5.21511169756408, 43.431131879488277 ] ] ] } },
{ "type": "Feature", "properties": { "ndvi_mean": 0.41, "ndmi_mean": -0.2725, "ndbi_mean": 0.2725 }, "geometry": { "type": "Polygon", "coordinates": [ [ [ 5.216345675278944, 43.431106637991867 ], [ 5.216380320614356, 43.432005939377511 ], [ 5.215146323630526, 43.432031181285105 ], [ 5.21511169756408, 43.431131879488277 ], [ 5.216345675278944, 43.431106637991867 ] ] ] } },
{ "type": "Feature", "properties": { "ndvi_mean": 0.321, "ndmi_mean": -0.2522, "ndbi_mean": 0.2522 }, "geometry": { "type": "Polygon", "coordinates": [ [ [ 5.217579651910993, 43.431081382442187 ], [ 5.217614316515322, 43.431980683416398 ], [ 5.216380320614356, 43.432005939377511 ], [ 5.216345675278944, 43.431106637991867 ], [ 5.217579651910993, 43.431081382442187 ] ] ] } },
{ "type": "Feature", "properties": { "ndvi_mean": 0.5129, "ndmi_mean": -0.2907, "ndbi_mean": 0.2907 }, "geometry": { "type": "Polygon", "coordinates": [ [ [ 5.218813627459626, 43.431056112839286 ], [ 5.218848311332819, 43.43195541340183 ], [ 5.217614316515322, 43.431980683416398 ], [ 5.217579651910993, 43.431081382442187 ], [ 5.218813627459626, 43.431056112839286 ] ] ] } },
{ "type": "Feature", "properties": { "ndvi_mean": 0.375, "ndmi_mean": -0.3431, "ndbi_mean": 0.3431 }, "geometry": { "type": "Polygon", "coordinates": [ [ [ 5.220047601924241, 43.431030829183143 ], [ 5.220082305066249, 43.431930129333786 ], [ 5.218848311332819, 43.43195541340183 ], [ 5.218813627459626, 43.431056112839286 ], [ 5.220047601924241, 43.431030829183143 ] ] ] } },
{ "type": "Feature", "properties": { "ndvi_mean": 0.395, "ndmi_mean": -0.3419, "ndbi_mean": 0.3419 }, "geometry": { "type": "Polygon", "coordinates": [ [ [ 5.221281575304237, 43.431005531473808 ], [ 5.221316297715008, 43.431904831212357 ], [ 5.220082305066249, 43.431930129333786 ], [ 5.220047601924241, 43.431030829183143 ], [ 5.221281575304237, 43.431005531473808 ] ] ] } },
{ "type": "Feature", "properties": { "ndvi_mean": 0.2695, "ndmi_mean": -0.2355, "ndbi_mean": 0.2355 }, "geometry": { "type": "Polygon", "coordinates": [ [ [ 5.222515547599012, 43.430980219711287 ], [ 5.222550289278495, 43.431879519037501 ], [ 5.221316297715008, 43.431904831212357 ], [ 5.221281575304237, 43.431005531473808 ], [ 5.222515547599012, 43.430980219711287 ] ] ] } },
{ "type": "Feature", "properties": { "ndvi_mean": 0.3025, "ndmi_mean": -0.2194, "ndbi_mean": 0.2194 }, "geometry": { "type": "Polygon", "coordinates": [ [ [ 5.223749518807966, 43.430954893895631 ], [ 5.223784279756111, 43.431854192809247 ], [ 5.222550289278495, 43.431879519037501 ], [ 5.222515547599012, 43.430980219711287 ], [ 5.223749518807966, 43.430954893895631 ] ] ] } },
{ "type": "Feature", "properties": { "ndvi_mean": 0.4118, "ndmi_mean": -0.2286, "ndbi_mean": 0.2286 }, "geometry": { "type": "Polygon", "coordinates": [ [ [ 5.224983488930495, 43.430929554026825 ], [ 5.225018269147252, 43.43182885252763 ], [ 5.223784279756111, 43.431854192809247 ], [ 5.223749518807966, 43.430954893895631 ], [ 5.224983488930495, 43.430929554026825 ] ] ] } },
{ "type": "Feature", "properties": { "ndvi_mean": 0.3568, "ndmi_mean": -0.1724, "ndbi_mean": 0.1724 }, "geometry": { "type": "Polygon", "coordinates": [ [ [ 5.226217457966002, 43.430904200104862 ], [ 5.226252257451318, 43.431803498192664 ], [ 5.225018269147252, 43.43182885252763 ], [ 5.224983488930495, 43.430929554026825 ], [ 5.226217457966002, 43.430904200104862 ] ] ] } },
{ "type": "Feature", "properties": { "ndvi_mean": 0.3842, "ndmi_mean": -0.193, "ndbi_mean": 0.193 }, "geometry": { "type": "Polygon", "coordinates": [ [ [ 5.227451425913883, 43.430878832129842 ], [ 5.227486244667706, 43.431778129804357 ], [ 5.226252257451318, 43.431803498192664 ], [ 5.226217457966002, 43.430904200104862 ], [ 5.227451425913883, 43.430878832129842 ] ] ] } },
{ "type": "Feature", "properties": { "ndvi_mean": 0.4114, "ndmi_mean": -0.2021, "ndbi_mean": 0.2021 }, "geometry": { "type": "Polygon", "coordinates": [ [ [ 5.228685392773537, 43.430853450101708 ], [ 5.22872023079582, 43.431752747362744 ], [ 5.227486244667706, 43.431778129804357 ], [ 5.227451425913883, 43.430878832129842 ], [ 5.228685392773537, 43.430853450101708 ] ] ] } },
{ "type": "Feature", "properties": { "ndvi_mean": 0.0902, "ndmi_mean": -0.1336, "ndbi_mean": 0.1336 }, "geometry": { "type": "Polygon", "coordinates": [ [ [ 5.229919358544363, 43.430828054020523 ], [ 5.229954215835052, 43.431727350867845 ], [ 5.22872023079582, 43.431752747362744 ], [ 5.228685392773537, 43.430853450101708 ], [ 5.229919358544363, 43.430828054020523 ] ] ] } },
{ "type": "Feature", "properties": { "ndvi_mean": 0.0489, "ndmi_mean": -0.1563, "ndbi_mean": 0.1563 }, "geometry": { "type": "Polygon", "coordinates": [ [ [ 5.231153323225759, 43.430802643886302 ], [ 5.231188199784804, 43.431701940319662 ], [ 5.229954215835052, 43.431727350867845 ], [ 5.229919358544363, 43.430828054020523 ], [ 5.231153323225759, 43.430802643886302 ] ] ] } },
{ "type": "Feature", "properties": { "ndvi_mean": 0.1916, "ndmi_mean": -0.0945, "ndbi_mean": 0.0945 }, "geometry": { "type": "Polygon", "coordinates": [ [ [ 5.232387286817126, 43.430777219699046 ], [ 5.232422182644475, 43.431676515718209 ], [ 5.231188199784804, 43.431701940319662 ], [ 5.231153323225759, 43.430802643886302 ], [ 5.232387286817126, 43.430777219699046 ] ] ] } },
{ "type": "Feature", "properties": { "ndvi_mean": 0.2459, "ndmi_mean": -0.1862, "ndbi_mean": 0.1862 }, "geometry": { "type": "Polygon", "coordinates": [ [ [ 5.23362124931786, 43.430751781458774 ], [ 5.233656164413463, 43.431651077063549 ], [ 5.232422182644475, 43.431676515718209 ], [ 5.232387286817126, 43.430777219699046 ], [ 5.23362124931786, 43.430751781458774 ] ] ] } },
{ "type": "Feature", "properties": { "ndvi_mean": 0.3151, "ndmi_mean": -0.1659, "ndbi_mean": 0.1659 }, "geometry": { "type": "Polygon", "coordinates": [ [ [ 5.23485521072736, 43.430726329165537 ], [ 5.234890145091167, 43.431625624355668 ], [ 5.233656164413463, 43.431651077063549 ], [ 5.23362124931786, 43.430751781458774 ], [ 5.23485521072736, 43.430726329165537 ] ] ] } },
{ "type": "Feature", "properties": { "ndvi_mean": 0.3845, "ndmi_mean": -0.1483, "ndbi_mean": 0.1483 }, "geometry": { "type": "Polygon", "coordinates": [ [ [ 5.236089171045028, 43.430700862819315 ], [ 5.236124124676985, 43.43160015759458 ], [ 5.234890145091167, 43.431625624355668 ], [ 5.23485521072736, 43.430726329165537 ], [ 5.236089171045028, 43.430700862819315 ] ] ] } },
{ "type": "Feature", "properties": { "ndvi_mean": 0.217, "ndmi_mean": -0.1329, "ndbi_mean": 0.1329 }, "geometry": { "type": "Polygon", "coordinates": [ [ [ 5.237323130270259, 43.430675382420155 ], [ 5.237358103170316, 43.431574676780322 ], [ 5.236124124676985, 43.43160015759458 ], [ 5.236089171045028, 43.430700862819315 ], [ 5.237323130270259, 43.430675382420155 ] ] ] } },
{ "type": "Feature", "properties": { "ndvi_mean": 0.1744, "ndmi_mean": -0.1846, "ndbi_mean": 0.1846 }, "geometry": { "type": "Polygon", "coordinates": [ [ [ 5.238557088402453, 43.430649887968052 ], [ 5.238592080570559, 43.431549181912914 ], [ 5.237358103170316, 43.431574676780322 ], [ 5.237323130270259, 43.430675382420155 ], [ 5.238557088402453, 43.430649887968052 ] ] ] } },
{ "type": "Feature", "properties": { "ndvi_mean": 0.2633, "ndmi_mean": -0.1425, "ndbi_mean": 0.1425 }, "geometry": { "type": "Polygon", "coordinates": [ [ [ 5.239791045441011, 43.430624379463048 ], [ 5.239826056877114, 43.431523672992356 ], [ 5.238592080570559, 43.431549181912914 ], [ 5.238557088402453, 43.430649887968052 ], [ 5.239791045441011, 43.430624379463048 ] ] ] } },
{ "type": "Feature", "properties": { "ndvi_mean": 0.4048, "ndmi_mean": -0.1307, "ndbi_mean": 0.1307 }, "geometry": { "type": "Polygon", "coordinates": [ [ [ 5.241025001385329, 43.430598856905171 ], [ 5.241060032089377, 43.431498150018697 ], [ 5.239826056877114, 43.431523672992356 ], [ 5.239791045441011, 43.430624379463048 ], [ 5.241025001385329, 43.430598856905171 ] ] ] } },
{ "type": "Feature", "properties": { "ndvi_mean": 0.2136, "ndmi_mean": -0.1103, "ndbi_mean": 0.1103 }, "geometry": { "type": "Polygon", "coordinates": [ [ [ 5.242258956234806, 43.430573320294407 ], [ 5.242294006206749, 43.431472612991925 ], [ 5.241060032089377, 43.431498150018697 ], [ 5.241025001385329, 43.430598856905171 ], [ 5.242258956234806, 43.430573320294407 ] ] ] } },
{ "type": "Feature", "properties": { "ndvi_mean": 0.1454, "ndmi_mean": -0.1435, "ndbi_mean": 0.1435 }, "geometry": { "type": "Polygon", "coordinates": [ [ [ 5.243492909988841, 43.430547769630778 ], [ 5.243527979228628, 43.431447061912081 ], [ 5.242294006206749, 43.431472612991925 ], [ 5.242258956234806, 43.430573320294407 ], [ 5.243492909988841, 43.430547769630778 ] ] ] } },
{ "type": "Feature", "properties": { "ndvi_mean": 0.0983, "ndmi_mean": -0.1355, "ndbi_mean": 0.1355 }, "geometry": { "type": "Polygon", "coordinates": [ [ [ 5.244726862646833, 43.430522204914368 ], [ 5.244761951154413, 43.431421496779173 ], [ 5.243527979228628, 43.431447061912081 ], [ 5.243492909988841, 43.430547769630778 ], [ 5.244726862646833, 43.430522204914368 ] ] ] } },
{ "type": "Feature", "properties": { "ndvi_mean": 0.1873, "ndmi_mean": -0.0892, "ndbi_mean": 0.0892 }, "geometry": { "type": "Polygon", "coordinates": [ [ [ 5.245960814208182, 43.430496626145114 ], [ 5.245995921983502, 43.431395917593228 ], [ 5.244761951154413, 43.431421496779173 ], [ 5.244726862646833, 43.430522204914368 ], [ 5.245960814208182, 43.430496626145114 ] ] ] } },
{ "type": "Feature", "properties": { "ndvi_mean": 0.2989, "ndmi_mean": -0.1521, "ndbi_mean": 0.1521 }, "geometry": { "type": "Polygon", "coordinates": [ [ [ 5.247194764672286, 43.430471033323052 ], [ 5.247229891715294, 43.431370324354255 ], [ 5.245995921983502, 43.431395917593228 ], [ 5.245960814208182, 43.430496626145114 ], [ 5.247194764672286, 43.430471033323052 ] ] ] } },
{ "type": "Feature", "properties": { "ndvi_mean": 0.1933, "ndmi_mean": -0.1039, "ndbi_mean": 0.1039 }, "geometry": { "type": "Polygon", "coordinates": [ [ [ 5.248428714038543, 43.430445426448244 ], [ 5.248463860349189, 43.431344717062295 ], [ 5.247229891715294, 43.431370324354255 ], [ 5.247194764672286, 43.430471033323052 ], [ 5.248428714038543, 43.430445426448244 ] ] ] } },
{ "type": "Feature", "properties": { "ndvi_mean": 0.2219, "ndmi_mean": -0.0681, "ndbi_mean": 0.0681 }, "geometry": { "type": "Polygon", "coordinates": [ [ [ 5.249662662306351, 43.430419805520664 ], [ 5.249697827884585, 43.431319095717342 ], [ 5.248463860349189, 43.431344717062295 ], [ 5.248428714038543, 43.430445426448244 ], [ 5.249662662306351, 43.430419805520664 ] ] ] } },
{ "type": "Feature", "properties": { "ndvi_mean": 0.059, "ndmi_mean": -0.0718, "ndbi_mean": 0.0718 }, "geometry": { "type": "Polygon", "coordinates": [ [ [ 5.250896609475111, 43.430394170540374 ], [ 5.25093179432088, 43.431293460319431 ], [ 5.249697827884585, 43.431319095717342 ], [ 5.249662662306351, 43.430419805520664 ], [ 5.250896609475111, 43.430394170540374 ] ] ] } },
{ "type": "Feature", "properties": { "ndvi_mean": 0.0831, "ndmi_mean": -0.0746, "ndbi_mean": 0.0746 }, "geometry": { "type": "Polygon", "coordinates": [ [ [ 5.252130555544221, 43.430368521507347 ], [ 5.252165759657474, 43.431267810868583 ], [ 5.25093179432088, 43.431293460319431 ], [ 5.250896609475111, 43.430394170540374 ], [ 5.252130555544221, 43.430368521507347 ] ] ] } },
{ "type": "Feature", "properties": { "ndvi_mean": 0.1555, "ndmi_mean": -0.2462, "ndbi_mean": 0.2462 }, "geometry": { "type": "Polygon", "coordinates": [ [ [ 5.25336450051308, 43.430342858421646 ], [ 5.253399723893764, 43.431242147364799 ], [ 5.252165759657474, 43.431267810868583 ], [ 5.252130555544221, 43.430368521507347 ], [ 5.25336450051308, 43.430342858421646 ] ] ] } },
{ "type": "Feature", "properties": { "ndvi_mean": 0.1082, "ndmi_mean": -0.1463, "ndbi_mean": 0.1463 }, "geometry": { "type": "Polygon", "coordinates": [ [ [ 5.254598444381086, 43.430317181283257 ], [ 5.25463368702915, 43.431216469808128 ], [ 5.253399723893764, 43.431242147364799 ], [ 5.25336450051308, 43.430342858421646 ], [ 5.254598444381086, 43.430317181283257 ] ] ] } },
{ "type": "Feature", "properties": { "ndvi_mean": 0.4133, "ndmi_mean": -0.3137, "ndbi_mean": 0.3137 }, "geometry": { "type": "Polygon", "coordinates": [ [ [ 5.215077072579847, 43.430232578276808 ], [ 5.21511169756408, 43.431131879488277 ], [ 5.213877718767001, 43.43115710693143 ], [ 5.213843113051185, 43.430257805308983 ], [ 5.215077072579847, 43.430232578276808 ] ] ] } },
{ "type": "Feature", "properties": { "ndvi_mean": 0.5173, "ndmi_mean": -0.3233, "ndbi_mean": 0.3233 }, "geometry": { "type": "Polygon", "coordinates": [ [ [ 5.216311031026347, 43.430207337191575 ], [ 5.216345675278944, 43.431106637991867 ], [ 5.21511169756408, 43.431131879488277 ], [ 5.215077072579847, 43.430232578276808 ], [ 5.216311031026347, 43.430207337191575 ] ] ] } },
{ "type": "Feature", "properties": { "ndvi_mean": 0.426, "ndmi_mean": -0.2571, "ndbi_mean": 0.2571 }, "geometry": { "type": "Polygon", "coordinates": [ [ [ 5.217544988390081, 43.430182082053335 ], [ 5.217579651910993, 43.431081382442187 ], [ 5.216345675278944, 43.431106637991867 ], [ 5.216311031026347, 43.430207337191575 ], [ 5.217544988390081, 43.430182082053335 ] ] ] } },
{ "type": "Feature", "properties": { "ndvi_mean": 0.342, "ndmi_mean": -0.2279, "ndbi_mean": 0.2279 }, "geometry": { "type": "Polygon", "coordinates": [ [ [ 5.218778944670451, 43.43015681286208 ], [ 5.218813627459626, 43.431056112839286 ], [ 5.217579651910993, 43.431081382442187 ], [ 5.217544988390081, 43.430182082053335 ], [ 5.218778944670451, 43.43015681286208 ] ] ] } },
{ "type": "Feature", "properties": { "ndvi_mean": 0.4744, "ndmi_mean": -0.2933, "ndbi_mean": 0.2933 }, "geometry": { "type": "Polygon", "coordinates": [ [ [ 5.220012899866853, 43.430131529617832 ], [ 5.220047601924241, 43.431030829183143 ], [ 5.218813627459626, 43.431056112839286 ], [ 5.218778944670451, 43.43015681286208 ], [ 5.220012899866853, 43.430131529617832 ] ] ] } },
{ "type": "Feature", "properties": { "ndvi_mean": 0.4209, "ndmi_mean": -0.3088, "ndbi_mean": 0.3088 }, "geometry": { "type": "Polygon", "coordinates": [ [ [ 5.221246853978685, 43.430106232320604 ], [ 5.221281575304237, 43.431005531473808 ], [ 5.220047601924241, 43.431030829183143 ], [ 5.220012899866853, 43.430131529617832 ], [ 5.221246853978685, 43.430106232320604 ] ] ] } },
{ "type": "Feature", "properties": { "ndvi_mean": 0.4777, "ndmi_mean": -0.3212, "ndbi_mean": 0.3212 }, "geometry": { "type": "Polygon", "coordinates": [ [ [ 5.22248080700535, 43.43008092097044 ], [ 5.222515547599012, 43.430980219711287 ], [ 5.221281575304237, 43.431005531473808 ], [ 5.221246853978685, 43.430106232320604 ], [ 5.22248080700535, 43.43008092097044 ] ] ] } },
{ "type": "Feature", "properties": { "ndvi_mean": 0.3025, "ndmi_mean": -0.2348, "ndbi_mean": 0.2348 }, "geometry": { "type": "Polygon", "coordinates": [ [ [ 5.223714758946243, 43.430055595567339 ], [ 5.223749518807966, 43.430954893895631 ], [ 5.222515547599012, 43.430980219711287 ], [ 5.22248080700535, 43.43008092097044 ], [ 5.223714758946243, 43.430055595567339 ] ] ] } },
{ "type": "Feature", "properties": { "ndvi_mean": 0.1202, "ndmi_mean": -0.1664, "ndbi_mean": 0.1664 }, "geometry": { "type": "Polygon", "coordinates": [ [ [ 5.224948709800763, 43.430030256111316 ], [ 5.224983488930495, 43.430929554026825 ], [ 5.223749518807966, 43.430954893895631 ], [ 5.223714758946243, 43.430055595567339 ], [ 5.224948709800763, 43.430030256111316 ] ] ] } },
{ "type": "Feature", "properties": { "ndvi_mean": 0.5949, "ndmi_mean": -0.2552, "ndbi_mean": 0.2552 }, "geometry": { "type": "Polygon", "coordinates": [ [ [ 5.226182659568312, 43.430004902602413 ], [ 5.226217457966002, 43.430904200104862 ], [ 5.224983488930495, 43.430929554026825 ], [ 5.224948709800763, 43.430030256111316 ], [ 5.226182659568312, 43.430004902602413 ] ] ] } },
{ "type": "Feature", "properties": { "ndvi_mean": 0.5371, "ndmi_mean": -0.1639, "ndbi_mean": 0.1639 }, "geometry": { "type": "Polygon", "coordinates": [ [ [ 5.227416608248284, 43.429979535040623 ], [ 5.227451425913883, 43.430878832129842 ], [ 5.226217457966002, 43.430904200104862 ], [ 5.226182659568312, 43.430004902602413 ], [ 5.227416608248284, 43.429979535040623 ] ] ] } },
{ "type": "Feature", "properties": { "ndvi_mean": 0.326, "ndmi_mean": -0.1903, "ndbi_mean": 0.1903 }, "geometry": { "type": "Polygon", "coordinates": [ [ [ 5.228650555840082, 43.429954153425996 ], [ 5.228685392773537, 43.430853450101708 ], [ 5.227451425913883, 43.430878832129842 ], [ 5.227416608248284, 43.429979535040623 ], [ 5.228650555840082, 43.429954153425996 ] ] ] } },
{ "type": "Feature", "properties": { "ndvi_mean": 0.3311, "ndmi_mean": -0.1972, "ndbi_mean": 0.1972 }, "geometry": { "type": "Polygon", "coordinates": [ [ [ 5.229884502343102, 43.429928757758503 ], [ 5.229919358544363, 43.430828054020523 ], [ 5.228685392773537, 43.430853450101708 ], [ 5.228650555840082, 43.429954153425996 ], [ 5.229884502343102, 43.429928757758503 ] ] ] } },
{ "type": "Feature", "properties": { "ndvi_mean": 0.0732, "ndmi_mean": -0.0887, "ndbi_mean": 0.0887 }, "geometry": { "type": "Polygon", "coordinates": [ [ [ 5.231118447756745, 43.429903348038223 ], [ 5.231153323225759, 43.430802643886302 ], [ 5.229919358544363, 43.430828054020523 ], [ 5.229884502343102, 43.429928757758503 ], [ 5.231118447756745, 43.429903348038223 ] ] ] } },
{ "type": "Feature", "properties": { "ndvi_mean": 0.2076, "ndmi_mean": -0.1183, "ndbi_mean": 0.1183 }, "geometry": { "type": "Polygon", "coordinates": [ [ [ 5.232352392080408, 43.429877924265135 ], [ 5.232387286817126, 43.430777219699046 ], [ 5.231153323225759, 43.430802643886302 ], [ 5.231118447756745, 43.429903348038223 ], [ 5.232352392080408, 43.429877924265135 ] ] ] } },
{ "type": "Feature", "properties": { "ndvi_mean": 0.4639, "ndmi_mean": -0.0974, "ndbi_mean": 0.0974 }, "geometry": { "type": "Polygon", "coordinates": [ [ [ 5.23358633531349, 43.429852486439273 ], [ 5.23362124931786, 43.430751781458774 ], [ 5.232387286817126, 43.430777219699046 ], [ 5.232352392080408, 43.429877924265135 ], [ 5.23358633531349, 43.429852486439273 ] ] ] } },
{ "type": "Feature", "properties": { "ndvi_mean": 0.2161, "ndmi_mean": -0.1452, "ndbi_mean": 0.1452 }, "geometry": { "type": "Polygon", "coordinates": [ [ [ 5.234820277455389, 43.429827034560645 ], [ 5.23485521072736, 43.430726329165537 ], [ 5.23362124931786, 43.430751781458774 ], [ 5.23358633531349, 43.429852486439273 ], [ 5.234820277455389, 43.429827034560645 ] ] ] } },
{ "type": "Feature", "properties": { "ndvi_mean": 0.3332, "ndmi_mean": -0.1155, "ndbi_mean": 0.1155 }, "geometry": { "type": "Polygon", "coordinates": [ [ [ 5.236054218505506, 43.429801568629294 ], [ 5.236089171045028, 43.430700862819315 ], [ 5.23485521072736, 43.430726329165537 ], [ 5.234820277455389, 43.429827034560645 ], [ 5.236054218505506, 43.429801568629294 ] ] ] } },
{ "type": "Feature", "properties": { "ndvi_mean": 0.2966, "ndmi_mean": -0.08, "ndbi_mean": 0.08 }, "geometry": { "type": "Polygon", "coordinates": [ [ [ 5.237288158463239, 43.429776088645205 ], [ 5.237323130270259, 43.430675382420155 ], [ 5.236089171045028, 43.430700862819315 ], [ 5.236054218505506, 43.429801568629294 ], [ 5.237288158463239, 43.429776088645205 ] ] ] } },
{ "type": "Feature", "properties": { "ndvi_mean": 0.203, "ndmi_mean": -0.1675, "ndbi_mean": 0.1675 }, "geometry": { "type": "Polygon", "coordinates": [ [ [ 5.238522097327986, 43.429750594608429 ], [ 5.238557088402453, 43.430649887968052 ], [ 5.237323130270259, 43.430675382420155 ], [ 5.237288158463239, 43.429776088645205 ], [ 5.238522097327986, 43.429750594608429 ] ] ] } },
{ "type": "Feature", "properties": { "ndvi_mean": 0.206, "ndmi_mean": -0.147, "ndbi_mean": 0.147 }, "geometry": { "type": "Polygon", "coordinates": [ [ [ 5.239756035099147, 43.429725086518971 ], [ 5.239791045441011, 43.430624379463048 ], [ 5.238557088402453, 43.430649887968052 ], [ 5.238522097327986, 43.429750594608429 ], [ 5.239756035099147, 43.429725086518971 ] ] ] } },
{ "type": "Feature", "properties": { "ndvi_mean": 0.1741, "ndmi_mean": -0.1034, "ndbi_mean": 0.1034 }, "geometry": { "type": "Polygon", "coordinates": [ [ [ 5.24098997177612, 43.429699564376847 ], [ 5.241025001385329, 43.430598856905171 ], [ 5.239791045441011, 43.430624379463048 ], [ 5.239756035099147, 43.429725086518971 ], [ 5.24098997177612, 43.429699564376847 ] ] ] } },
{ "type": "Feature", "properties": { "ndvi_mean": 0.2741, "ndmi_mean": -0.1655, "ndbi_mean": 0.1655 }, "geometry": { "type": "Polygon", "coordinates": [ [ [ 5.242223907358303, 43.429674028182085 ], [ 5.242258956234806, 43.430573320294407 ], [ 5.241025001385329, 43.430598856905171 ], [ 5.24098997177612, 43.429699564376847 ], [ 5.242223907358303, 43.429674028182085 ] ] ] } },
{ "type": "Feature", "properties": { "ndvi_mean": 0.1351, "ndmi_mean": -0.1264, "ndbi_mean": 0.1264 }, "geometry": { "type": "Polygon", "coordinates": [ [ [ 5.243457841845096, 43.429648477934705 ], [ 5.243492909988841, 43.430547769630778 ], [ 5.242258956234806, 43.430573320294407 ], [ 5.242223907358303, 43.429674028182085 ], [ 5.243457841845096, 43.429648477934705 ] ] ] } },
{ "type": "Feature", "properties": { "ndvi_mean": 0.1159, "ndmi_mean": -0.1309, "ndbi_mean": 0.1309 }, "geometry": { "type": "Polygon", "coordinates": [ [ [ 5.244691775235898, 43.429622913634731 ], [ 5.244726862646833, 43.430522204914368 ], [ 5.243492909988841, 43.430547769630778 ], [ 5.243457841845096, 43.429648477934705 ], [ 5.244691775235898, 43.429622913634731 ] ] ] } },
{ "type": "Feature", "properties": { "ndvi_mean": 0.0344, "ndmi_mean": -0.2117, "ndbi_mean": 0.2117 }, "geometry": { "type": "Polygon", "coordinates": [ [ [ 5.245925707530107, 43.429597335282153 ], [ 5.245960814208182, 43.430496626145114 ], [ 5.244726862646833, 43.430522204914368 ], [ 5.244691775235898, 43.429622913634731 ], [ 5.245925707530107, 43.429597335282153 ] ] ] } },
{ "type": "Feature", "properties": { "ndvi_mean": 0.3675, "ndmi_mean": -0.1023, "ndbi_mean": 0.1023 }, "geometry": { "type": "Polygon", "coordinates": [ [ [ 5.247159638727122, 43.42957174287703 ], [ 5.247194764672286, 43.430471033323052 ], [ 5.245960814208182, 43.430496626145114 ], [ 5.245925707530107, 43.429597335282153 ], [ 5.247159638727122, 43.42957174287703 ] ] ] } },
{ "type": "Feature", "properties": { "ndvi_mean": 0.1307, "ndmi_mean": -0.1425, "ndbi_mean": 0.1425 }, "geometry": { "type": "Polygon", "coordinates": [ [ [ 5.248393568826342, 43.42954613641934 ], [ 5.248428714038543, 43.430445426448244 ], [ 5.247194764672286, 43.430471033323052 ], [ 5.247159638727122, 43.42957174287703 ], [ 5.248393568826342, 43.42954613641934 ] ] ] } },
{ "type": "Feature", "properties": { "ndvi_mean": 0.252, "ndmi_mean": -0.0651, "ndbi_mean": 0.0651 }, "geometry": { "type": "Polygon", "coordinates": [ [ [ 5.249627497827166, 43.429520515909161 ], [ 5.249662662306351, 43.430419805520664 ], [ 5.248428714038543, 43.430445426448244 ], [ 5.248393568826342, 43.42954613641934 ], [ 5.249627497827166, 43.429520515909161 ] ] ] } },
{ "type": "Feature", "properties": { "ndvi_mean": 0.0672, "ndmi_mean": -0.0839, "ndbi_mean": 0.0839 }, "geometry": { "type": "Polygon", "coordinates": [ [ [ 5.250861425728992, 43.429494881346457 ], [ 5.250896609475111, 43.430394170540374 ], [ 5.249662662306351, 43.430419805520664 ], [ 5.249627497827166, 43.429520515909161 ], [ 5.250861425728992, 43.429494881346457 ] ] ] } },
{ "type": "Feature", "properties": { "ndvi_mean": 0.1159, "ndmi_mean": -0.0678, "ndbi_mean": 0.0678 }, "geometry": { "type": "Polygon", "coordinates": [ [ [ 5.25209535253122, 43.429469232731272 ], [ 5.252130555544221, 43.430368521507347 ], [ 5.250896609475111, 43.430394170540374 ], [ 5.250861425728992, 43.429494881346457 ], [ 5.25209535253122, 43.429469232731272 ] ] ] } },
{ "type": "Feature", "properties": { "ndvi_mean": 0.1499, "ndmi_mean": -0.1238, "ndbi_mean": 0.1238 }, "geometry": { "type": "Polygon", "coordinates": [ [ [ 5.253329278233249, 43.429443570063611 ], [ 5.25336450051308, 43.430342858421646 ], [ 5.252130555544221, 43.430368521507347 ], [ 5.25209535253122, 43.429469232731272 ], [ 5.253329278233249, 43.429443570063611 ] ] ] } },
{ "type": "Feature", "properties": { "ndvi_mean": 0.1824, "ndmi_mean": -0.1795, "ndbi_mean": 0.1795 }, "geometry": { "type": "Polygon", "coordinates": [ [ [ 5.254563202834476, 43.42941789334354 ], [ 5.254598444381086, 43.430317181283257 ], [ 5.25336450051308, 43.430342858421646 ], [ 5.253329278233249, 43.429443570063611 ], [ 5.254563202834476, 43.42941789334354 ] ] ] } }
]
}
