{"type": "FeatureCollection", "name": "grille_100m_indices", "crs": {"type": "name", "properties": {"name": "urn:ogc:def:crs:OGC:1.3:CRS84"}}, "features": [{"type": "Feature", "properties": {"ndvi_mean": -0.013385064899921417, "ndmi_mean": -0.06934580206871033, "ndbi_mean": 0.06934580206871033}, "geometry": {"type": "Polygon", "coordinates": [[[2.2842256118627606, 48.87478196294946], [2.2842132533019868, 48.87568123176468], [2.2855765821541025, 48.87568937600191], [2.285588917178618, 48.87479010705271], [2.2842256118627606, 48.87478196294946]]]}}, {"type": "Feature", "properties": {"ndvi_mean": 0.03969954699277878, "ndmi_mean": -0.07068180292844772, "ndbi_mean": 0.07068180292844772}, "geometry": {"type": "Polygon", "coordinates": [[[2.285588917178618, 48.87479010705271], [2.2855765821541025, 48.87568937600191], [2.2869399114321673, 48.87569750471271], [2.2869522229204025, 48.8747982356298], [2.285588917178618, 48.87479010705271]]]}}, {"type": "Feature", "properties": {"ndvi_mean": 0.1538883000612259, "ndmi_mean": 0.011417240835726261, "ndbi_mean": -0.011417240835726261}, "geometry": {"type": "Polygon", "coordinates": [[[2.2869522229204025, 48.8747982356298], [2.2869399114321673, 48.87569750471271], [2.288303241135368, 48.875705617897125], [2.2883155290873014, 48.87480634868075], [2.2869522229204025, 48.8747982356298]]]}}, {"type": "Feature", "properties": {"ndvi_mean": 0.26528459787368774, "ndmi_mean": 0.055948495864868164, "ndbi_mean": -0.055948495864868164}, "geometry": {"type": "Polygon", "coordinates": [[[2.2883155290873014, 48.87480634868075], [2.288303241135368, 48.875705617897125], [2.289666571262893, 48.875713715555094], [2.289678835678502, 48.874814446205505], [2.2883155290873014, 48.87480634868075]]]}}, {"type": "Feature", "properties": {"ndvi_mean": 0.31573206186294556, "ndmi_mean": 0.08762328326702118, "ndbi_mean": -0.08762328326702118}, "geometry": {"type": "Polygon", "coordinates": [[[2.289678835678502, 48.874814446205505], [2.289666571262893, 48.875713715555094], [2.291029901813929, 48.87572179768663], [2.2910421426931915, 48.87482252820409], [2.289678835678502, 48.874814446205505]]]}}, {"type": "Feature", "properties": {"ndvi_mean": 0.30693814158439636, "ndmi_mean": 0.09988759458065033, "ndbi_mean": -0.09988759458065033}, "geometry": {"type": "Polygon", "coordinates": [[[2.2910421426931915, 48.87482252820409], [2.291029901813929, 48.87572179768663], [2.2923932327876635, 48.875729864291735], [2.2924054501305573, 48.874830594676496], [2.2910421426931915, 48.87482252820409]]]}}, {"type": "Feature", "properties": {"ndvi_mean": 0.08967120200395584, "ndmi_mean": -0.04500431567430496, "ndbi_mean": 0.04500431567430496}, "geometry": {"type": "Polygon", "coordinates": [[[2.2924054501305573, 48.874830594676496], [2.2923932327876635, 48.875729864291735], [2.2937565641832833, 48.875737915370394], [2.2937687579897874, 48.87483864562272], [2.2924054501305573, 48.874830594676496]]]}}, {"type": "Feature", "properties": {"ndvi_mean": 0.3529052138328552, "ndmi_mean": 0.09522775560617447, "ndbi_mean": -0.09522775560617447}, "geometry": {"type": "Polygon", "coordinates": [[[2.2937687579897874, 48.87483864562272], [2.2937565641832833, 48.875737915370394], [2.2951198959999766, 48.87574595092259], [2.295132066270069, 48.87484668104273], [2.2937687579897874, 48.87483864562272]]]}}, {"type": "Feature", "properties": {"ndvi_mean": 0.26120322942733765, "ndmi_mean": 0.021226603537797928, "ndbi_mean": -0.021226603537797928}, "geometry": {"type": "Polygon", "coordinates": [[[2.295132066270069, 48.87484668104273], [2.2951198959999766, 48.87574595092259], [2.2964832282369305, 48.87575397094834], [2.296495374970589, 48.87485470093653], [2.295132066270069, 48.87484668104273]]]}}, {"type": "Feature", "properties": {"ndvi_mean": 0.12177716940641403, "ndmi_mean": -0.00015668669948354363, "ndbi_mean": 0.00015668669948354363}, "geometry": {"type": "Polygon", "coordinates": [[[2.296495374970589, 48.87485470093653], [2.2964832282369305, 48.87575397094834], [2.297846560893332, 48.87576197544763], [2.2978586840905355, 48.874862705304146], [2.296495374970589, 48.87485470093653]]]}}, {"type": "Feature", "properties": {"ndvi_mean": 0.28287798166275024, "ndmi_mean": -0.012726292945444584, "ndbi_mean": 0.012726292945444584}, "geometry": {"type": "Polygon", "coordinates": [[[2.2978586840905355, 48.874862705304146], [2.297846560893332, 48.87576197544763], [2.299209893968369, 48.875769964420435], [2.2992219936290956, 48.87487069414554], [2.2978586840905355, 48.874862705304146]]]}}, {"type": "Feature", "properties": {"ndvi_mean": 0.05064531788229942, "ndmi_mean": -0.04918115213513374, "ndbi_mean": 0.04918115213513374}, "geometry": {"type": "Polygon", "coordinates": [[[2.2992219936290956, 48.87487069414554], [2.299209893968369, 48.875769964420435], [2.300573227461229, 48.87577793786675], [2.3005853035854567, 48.874878667460685], [2.2992219936290956, 48.87487069414554]]]}}, {"type": "Feature", "properties": {"ndvi_mean": 0.06476301699876785, "ndmi_mean": -0.05139312520623207, "ndbi_mean": 0.05139312520623207}, "geometry": {"type": "Polygon", "coordinates": [[[2.3005853035854567, 48.874878667460685], [2.300573227461229, 48.87577793786675], [2.301936561371099, 48.875785895786585], [2.3019486139588063, 48.87488662524963], [2.3005853035854567, 48.874878667460685]]]}}, {"type": "Feature", "properties": {"ndvi_mean": 0.4904411733150482, "ndmi_mean": 0.1652340292930603, "ndbi_mean": -0.1652340292930603}, "geometry": {"type": "Polygon", "coordinates": [[[2.3019486139588063, 48.87488662524963], [2.301936561371099, 48.875785895786585], [2.3032998956971658, 48.87579383817993], [2.3033119247483316, 48.87489456751233], [2.3019486139588063, 48.87488662524963]]]}}, {"type": "Feature", "properties": {"ndvi_mean": 0.06499126553535461, "ndmi_mean": -0.02247459627687931, "ndbi_mean": 0.02247459627687931}, "geometry": {"type": "Polygon", "coordinates": [[[2.3033119247483316, 48.87489456751233], [2.3032998956971658, 48.87579383817993], [2.304663230438618, 48.87580176504678], [2.3046752359532205, 48.874902494248765], [2.3033119247483316, 48.87489456751233]]]}}, {"type": "Feature", "properties": {"ndvi_mean": 0.19114305078983307, "ndmi_mean": 0.03026905655860901, "ndbi_mean": -0.03026905655860901}, "geometry": {"type": "Polygon", "coordinates": [[[2.3046752359532205, 48.874902494248765], [2.304663230438618, 48.87580176504678], [2.306026565594642, 48.87580967638712], [2.3060385475726597, 48.87491040545898], [2.3046752359532205, 48.874902494248765]]]}}, {"type": "Feature", "properties": {"ndvi_mean": 0.21270516514778137, "ndmi_mean": 0.051468994468450546, "ndbi_mean": -0.051468994468450546}, "geometry": {"type": "Polygon", "coordinates": [[[2.3060385475726597, 48.87491040545898], [2.306026565594642, 48.87580967638712], [2.3073899011644254, 48.87581757220094], [2.307401859605837, 48.874918301142905], [2.3060385475726597, 48.87491040545898]]]}}, {"type": "Feature", "properties": {"ndvi_mean": 0.22556117177009583, "ndmi_mean": 0.041525714099407196, "ndbi_mean": -0.041525714099407196}, "geometry": {"type": "Polygon", "coordinates": [[[2.307401859605837, 48.874918301142905], [2.3073899011644254, 48.87581757220094], [2.3087532371471564, 48.87582545248824], [2.30876517205194, 48.874926181300566], [2.307401859605837, 48.874918301142905]]]}}, {"type": "Feature", "properties": {"ndvi_mean": 0.13341158628463745, "ndmi_mean": -0.07251627743244171, "ndbi_mean": 0.07251627743244171}, "geometry": {"type": "Polygon", "coordinates": [[[2.30876517205194, 48.874926181300566], [2.3087532371471564, 48.87582545248824], [2.3101165735420213, 48.87583331724904], [2.3101284849101558, 48.87493404593198], [2.30876517205194, 48.874926181300566]]]}}, {"type": "Feature", "properties": {"ndvi_mean": 0.51889967918396, "ndmi_mean": 0.07386500388383865, "ndbi_mean": -0.07386500388383865}, "geometry": {"type": "Polygon", "coordinates": [[[2.3101284849101558, 48.87493404593198], [2.3101165735420213, 48.87583331724904], [2.3114799103482073, 48.87584116648326], [2.3114917981796723, 48.87494189503709], [2.3101284849101558, 48.87493404593198]]]}}, {"type": "Feature", "properties": {"ndvi_mean": 0.40853556990623474, "ndmi_mean": 0.02742876298725605, "ndbi_mean": -0.02742876298725605}, "geometry": {"type": "Polygon", "coordinates": [[[2.3114917981796723, 48.87494189503709], [2.3114799103482073, 48.87584116648326], [2.312843247564903, 48.875849000190975], [2.312855111859676, 48.874949728615945], [2.3114917981796723, 48.87494189503709]]]}}, {"type": "Feature", "properties": {"ndvi_mean": 0.32480210065841675, "ndmi_mean": -0.015249432995915413, "ndbi_mean": 0.015249432995915413}, "geometry": {"type": "Polygon", "coordinates": [[[2.312855111859676, 48.874949728615945], [2.312843247564903, 48.875849000190975], [2.3142065851912945, 48.87585681837213], [2.314218425949355, 48.87495754666849], [2.312855111859676, 48.874949728615945]]]}}, {"type": "Feature", "properties": {"ndvi_mean": 0.3374871015548706, "ndmi_mean": 0.05640607699751854, "ndbi_mean": -0.05640607699751854}, "geometry": {"type": "Polygon", "coordinates": [[[2.314218425949355, 48.87495754666849], [2.3142065851912945, 48.87585681837213], [2.31556992322657, 48.87586462102672], [2.315581740447896, 48.87496534919474], [2.314218425949355, 48.87495754666849]]]}}, {"type": "Feature", "properties": {"ndvi_mean": 0.3178752362728119, "ndmi_mean": 0.10110784322023392, "ndbi_mean": -0.10110784322023392}, "geometry": {"type": "Polygon", "coordinates": [[[2.315581740447896, 48.87496534919474], [2.31556992322657, 48.87586462102672], [2.3169332616699165, 48.87587240815477], [2.316945055354488, 48.87497313619467], [2.315581740447896, 48.87496534919474]]]}}, {"type": "Feature", "properties": {"ndvi_mean": 0.36856916546821594, "ndmi_mean": 0.09895863384008408, "ndbi_mean": -0.09895863384008408}, "geometry": {"type": "Polygon", "coordinates": [[[2.316945055354488, 48.87497313619467], [2.3169332616699165, 48.87587240815477], [2.318296600520521, 48.87588017975624], [2.3183083706683165, 48.874980907668295], [2.316945055354488, 48.87497313619467]]]}}, {"type": "Feature", "properties": {"ndvi_mean": 0.1644183099269867, "ndmi_mean": 0.06098536029458046, "ndbi_mean": -0.06098536029458046}, "geometry": {"type": "Polygon", "coordinates": [[[2.3183083706683165, 48.874980907668295], [2.318296600520521, 48.87588017975624], [2.319659939777572, 48.87588793583115], [2.31967168638857, 48.87498866361562], [2.3183083706683165, 48.874980907668295]]]}}, {"type": "Feature", "properties": {"ndvi_mean": 0.15392185747623444, "ndmi_mean": 0.020973654463887215, "ndbi_mean": -0.020973654463887215}, "geometry": {"type": "Polygon", "coordinates": [[[2.31967168638857, 48.87498866361562], [2.319659939777572, 48.87588793583115], [2.3210232794402557, 48.87589567637947], [2.3210350025144355, 48.874996404036594], [2.31967168638857, 48.87498866361562]]]}}, {"type": "Feature", "properties": {"ndvi_mean": 0.0427599735558033, "ndmi_mean": -0.07344371825456619, "ndbi_mean": 0.07344371825456619}, "geometry": {"type": "Polygon", "coordinates": [[[2.3210350025144355, 48.874996404036594], [2.3210232794402557, 48.87589567637947], [2.322386619507759, 48.8759034014012], [2.3223983190451003, 48.875004128931266], [2.3210350025144355, 48.874996404036594]]]}}, {"type": "Feature", "properties": {"ndvi_mean": 0.011294652707874775, "ndmi_mean": -0.12235900014638901, "ndbi_mean": 0.12235900014638901}, "geometry": {"type": "Polygon", "coordinates": [[[2.3223983190451003, 48.875004128931266], [2.322386619507759, 48.8759034014012], [2.3237499599792715, 48.87591111089633], [2.3237616359797517, 48.87501183829958], [2.3223983190451003, 48.875004128931266]]]}}, {"type": "Feature", "properties": {"ndvi_mean": -0.0004517662455327809, "ndmi_mean": -0.11202466487884521, "ndbi_mean": 0.11202466487884521}, "geometry": {"type": "Polygon", "coordinates": [[[2.3237616359797517, 48.87501183829958], [2.3237499599792715, 48.87591111089633], [2.3251133008539786, 48.87591880486488], [2.3251249533175784, 48.87501953214156], [2.3237616359797517, 48.87501183829958]]]}}, {"type": "Feature", "properties": {"ndvi_mean": -0.027724286541342735, "ndmi_mean": -0.01154509000480175, "ndbi_mean": 0.01154509000480175}, "geometry": {"type": "Polygon", "coordinates": [[[2.3251249533175784, 48.87501953214156], [2.3251133008539786, 48.87591880486488], [2.326476642131068, 48.875926483306806], [2.326488271057766, 48.87502721045717], [2.3251249533175784, 48.87501953214156]]]}}, {"type": "Feature", "properties": {"ndvi_mean": 0.04231589660048485, "ndmi_mean": -0.05643604323267937, "ndbi_mean": 0.05643604323267937}, "geometry": {"type": "Polygon", "coordinates": [[[2.326488271057766, 48.87502721045717], [2.326476642131068, 48.875926483306806], [2.327839983809727, 48.87593414622213], [2.3278515891995024, 48.87503487324644], [2.326488271057766, 48.87502721045717]]]}}, {"type": "Feature", "properties": {"ndvi_mean": 0.030460137873888016, "ndmi_mean": -0.056646764278411865, "ndbi_mean": 0.056646764278411865}, "geometry": {"type": "Polygon", "coordinates": [[[2.3278515891995024, 48.87503487324644], [2.327839983809727, 48.87593414622213], [2.329203325889144, 48.87594179361083], [2.3292149077419757, 48.87504252050934], [2.3278515891995024, 48.87503487324644]]]}}, {"type": "Feature", "properties": {"ndvi_mean": 0.08986233919858932, "ndmi_mean": -0.04715742543339729, "ndbi_mean": 0.04715742543339729}, "geometry": {"type": "Polygon", "coordinates": [[[2.3292149077419757, 48.87504252050934], [2.329203325889144, 48.87594179361083], [2.3305666683685047, 48.875949425472896], [2.330578226684372, 48.875050152245855], [2.3292149077419757, 48.87504252050934]]]}}, {"type": "Feature", "properties": {"ndvi_mean": 0.0030658480245620012, "ndmi_mean": -0.1561036854982376, "ndbi_mean": 0.1561036854982376}, "geometry": {"type": "Polygon", "coordinates": [[[2.330578226684372, 48.875050152245855], [2.3305666683685047, 48.875949425472896], [2.3319300112469974, 48.87595704180834], [2.3319415460258806, 48.875057768456024], [2.330578226684372, 48.875050152245855]]]}}, {"type": "Feature", "properties": {"ndvi_mean": -0.003650558413937688, "ndmi_mean": -0.1663784235715866, "ndbi_mean": 0.1663784235715866}, "geometry": {"type": "Polygon", "coordinates": [[[2.3319415460258806, 48.875057768456024], [2.3319300112469974, 48.87595704180834], [2.3332933545238093, 48.87596464261715], [2.333304865765687, 48.875065369139776], [2.3319415460258806, 48.875057768456024]]]}}, {"type": "Feature", "properties": {"ndvi_mean": 0.009370085783302784, "ndmi_mean": -0.15683311223983765, "ndbi_mean": 0.15683311223983765}, "geometry": {"type": "Polygon", "coordinates": [[[2.333304865765687, 48.875065369139776], [2.3332933545238093, 48.87596464261715], [2.3346566981981276, 48.875972227899304], [2.3346681859029794, 48.87507295429715], [2.333304865765687, 48.875065369139776]]]}}, {"type": "Feature", "properties": {"ndvi_mean": 0.04652314633131027, "ndmi_mean": -0.16250652074813843, "ndbi_mean": 0.16250652074813843}, "geometry": {"type": "Polygon", "coordinates": [[[2.3346681859029794, 48.87507295429715], [2.3346566981981276, 48.875972227899304], [2.33602004226914, 48.875979797654814], [2.3360315064369455, 48.87508052392815], [2.3346681859029794, 48.87507295429715]]]}}, {"type": "Feature", "properties": {"ndvi_mean": 0.15585991740226746, "ndmi_mean": -0.019593147560954094, "ndbi_mean": 0.019593147560954094}, "geometry": {"type": "Polygon", "coordinates": [[[2.284237969996796, 48.873882693400006], [2.2842256118627606, 48.87478196294946], [2.285588917178618, 48.87479010705271], [2.2856012517772073, 48.87389083736928], [2.284237969996796, 48.873882693400006]]]}}, {"type": "Feature", "properties": {"ndvi_mean": 0.10825368762016296, "ndmi_mean": -0.08474138379096985, "ndbi_mean": 0.08474138379096985}, "geometry": {"type": "Polygon", "coordinates": [[[2.2856012517772073, 48.87389083736928], [2.285588917178618, 48.87479010705271], [2.2869522229204025, 48.8747982356298], [2.286964533983524, 48.873898965812664], [2.2856012517772073, 48.87389083736928]]]}}, {"type": "Feature", "properties": {"ndvi_mean": 0.12321921437978745, "ndmi_mean": -0.01227988675236702, "ndbi_mean": 0.01227988675236702}, "geometry": {"type": "Polygon", "coordinates": [[[2.286964533983524, 48.873898965812664], [2.2869522229204025, 48.8747982356298], [2.2883155290873014, 48.87480634868075], [2.288327816614933, 48.87390707873014], [2.286964533983524, 48.873898965812664]]]}}, {"type": "Feature", "properties": {"ndvi_mean": 0.11724189668893814, "ndmi_mean": 0.0036884930450469255, "ndbi_mean": -0.0036884930450469255}, "geometry": {"type": "Polygon", "coordinates": [[[2.288327816614933, 48.87390707873014], [2.2883155290873014, 48.87480634868075], [2.289678835678502, 48.874814446205505], [2.2896910996706215, 48.8739151761217], [2.288327816614933, 48.87390707873014]]]}}, {"type": "Feature", "properties": {"ndvi_mean": 0.10696762800216675, "ndmi_mean": -0.03872765600681305, "ndbi_mean": 0.03872765600681305}, "geometry": {"type": "Polygon", "coordinates": [[[2.2896910996706215, 48.8739151761217], [2.289678835678502, 48.874814446205505], [2.2910421426931915, 48.87482252820409], [2.291054383149777, 48.873923257987336], [2.2896910996706215, 48.8739151761217]]]}}, {"type": "Feature", "properties": {"ndvi_mean": 0.21131806075572968, "ndmi_mean": 0.05561438575387001, "ndbi_mean": -0.05561438575387001}, "geometry": {"type": "Polygon", "coordinates": [[[2.291054383149777, 48.873923257987336], [2.2910421426931915, 48.87482252820409], [2.2924054501305573, 48.874830594676496], [2.2924176670515877, 48.873931324327046], [2.291054383149777, 48.873923257987336]]]}}, {"type": "Feature", "properties": {"ndvi_mean": 0.21937553584575653, "ndmi_mean": 0.037081390619277954, "ndbi_mean": -0.037081390619277954}, "geometry": {"type": "Polygon", "coordinates": [[[2.2924176670515877, 48.873931324327046], [2.2924054501305573, 48.874830594676496], [2.2937687579897874, 48.87483864562272], [2.2937809513752403, 48.873939375140814], [2.2924176670515877, 48.873931324327046]]]}}, {"type": "Feature", "properties": {"ndvi_mean": 0.19248512387275696, "ndmi_mean": -0.001650094403885305, "ndbi_mean": 0.001650094403885305}, "geometry": {"type": "Polygon", "coordinates": [[[2.2937809513752403, 48.873939375140814], [2.2937687579897874, 48.87483864562272], [2.295132066270069, 48.87484668104273], [2.295144236119923, 48.87394741042867], [2.2937809513752403, 48.873939375140814]]]}}, {"type": "Feature", "properties": {"ndvi_mean": 0.23510822653770447, "ndmi_mean": 0.052475303411483765, "ndbi_mean": -0.052475303411483765}, "geometry": {"type": "Polygon", "coordinates": [[[2.295144236119923, 48.87394741042867], [2.295132066270069, 48.87484668104273], [2.296495374970589, 48.87485470093653], [2.296507521284822, 48.87395543019055], [2.295144236119923, 48.87394741042867]]]}}, {"type": "Feature", "properties": {"ndvi_mean": 0.3808344900608063, "ndmi_mean": 0.11736933887004852, "ndbi_mean": -0.11736933887004852}, "geometry": {"type": "Polygon", "coordinates": [[[2.296507521284822, 48.87395543019055], [2.296495374970589, 48.87485470093653], [2.2978586840905355, 48.874862705304146], [2.2978708068691254, 48.873963434426486], [2.296507521284822, 48.87395543019055]]]}}, {"type": "Feature", "properties": {"ndvi_mean": 0.21326635777950287, "ndmi_mean": -0.02888663113117218, "ndbi_mean": 0.02888663113117218}, "geometry": {"type": "Polygon", "coordinates": [[[2.2978708068691254, 48.873963434426486], [2.2978586840905355, 48.874862705304146], [2.2992219936290956, 48.87487069414554], [2.299234092872021, 48.87397142313645], [2.2978708068691254, 48.873963434426486]]]}}, {"type": "Feature", "properties": {"ndvi_mean": 0.2365644872188568, "ndmi_mean": 0.050095781683921814, "ndbi_mean": -0.050095781683921814}, "geometry": {"type": "Polygon", "coordinates": [[[2.299234092872021, 48.87397142313645], [2.2992219936290956, 48.87487069414554], [2.3005853035854567, 48.874878667460685], [2.300597379292696, 48.87397939632044], [2.299234092872021, 48.87397142313645]]]}}, {"type": "Feature", "properties": {"ndvi_mean": 0.2907707691192627, "ndmi_mean": 0.10466712713241577, "ndbi_mean": -0.10466712713241577}, "geometry": {"type": "Polygon", "coordinates": [[[2.300597379292696, 48.87397939632044], [2.3005853035854567, 48.874878667460685], [2.3019486139588063, 48.87488662524963], [2.3019606661303382, 48.87398735397847], [2.300597379292696, 48.87397939632044]]]}}, {"type": "Feature", "properties": {"ndvi_mean": 0.306296706199646, "ndmi_mean": 0.04734395444393158, "ndbi_mean": -0.04734395444393158}, "geometry": {"type": "Polygon", "coordinates": [[[2.3019606661303382, 48.87398735397847], [2.3019486139588063, 48.87488662524963], [2.3033119247483316, 48.87489456751233], [2.303323953384134, 48.873995296110515], [2.3019606661303382, 48.87398735397847]]]}}, {"type": "Feature", "properties": {"ndvi_mean": 0.20747110247612, "ndmi_mean": 0.013337626121938229, "ndbi_mean": -0.013337626121938229}, "geometry": {"type": "Polygon", "coordinates": [[[2.303323953384134, 48.873995296110515], [2.3033119247483316, 48.87489456751233], [2.3046752359532205, 48.874902494248765], [2.3046872410532724, 48.87400322271656], [2.303323953384134, 48.873995296110515]]]}}, {"type": "Feature", "properties": {"ndvi_mean": 0.13389568030834198, "ndmi_mean": 0.0012263430980965495, "ndbi_mean": -0.0012263430980965495}, "geometry": {"type": "Polygon", "coordinates": [[[2.3046872410532724, 48.87400322271656], [2.3046752359532205, 48.874902494248765], [2.3060385475726597, 48.87491040545898], [2.3060505291369395, 48.87401113379662], [2.3046872410532724, 48.87400322271656]]]}}, {"type": "Feature", "properties": {"ndvi_mean": 0.13418829441070557, "ndmi_mean": -0.08849311619997025, "ndbi_mean": 0.08849311619997025}, "geometry": {"type": "Polygon", "coordinates": [[[2.3060505291369395, 48.87401113379662], [2.3060385475726597, 48.87491040545898], [2.307401859605837, 48.874918301142905], [2.3074138176343233, 48.87401902935068], [2.3060505291369395, 48.87401113379662]]]}}, {"type": "Feature", "properties": {"ndvi_mean": 0.0540013313293457, "ndmi_mean": -0.10747367888689041, "ndbi_mean": 0.10747367888689041}, "geometry": {"type": "Polygon", "coordinates": [[[2.3074138176343233, 48.87401902935068], [2.307401859605837, 48.874918301142905], [2.30876517205194, 48.874926181300566], [2.3087771065446114, 48.87402690937871], [2.3074138176343233, 48.87401902935068]]]}}, {"type": "Feature", "properties": {"ndvi_mean": 0.09335010498762131, "ndmi_mean": -0.0663205087184906, "ndbi_mean": 0.0663205087184906}, "geometry": {"type": "Polygon", "coordinates": [[[2.3087771065446114, 48.87402690937871], [2.30876517205194, 48.874926181300566], [2.3101284849101558, 48.87493404593198], [2.3101403958669904, 48.87403477388076], [2.3087771065446114, 48.87402690937871]]]}}, {"type": "Feature", "properties": {"ndvi_mean": 0.12023407965898514, "ndmi_mean": -0.03464983403682709, "ndbi_mean": 0.03464983403682709}, "geometry": {"type": "Polygon", "coordinates": [[[2.3101403958669904, 48.87403477388076], [2.3101284849101558, 48.87493404593198], [2.3114917981796723, 48.87494189503709], [2.3115036856006497, 48.87404262285675], [2.3101403958669904, 48.87403477388076]]]}}, {"type": "Feature", "properties": {"ndvi_mean": 0.07326284050941467, "ndmi_mean": -0.06806878000497818, "ndbi_mean": 0.06806878000497818}, "geometry": {"type": "Polygon", "coordinates": [[[2.3115036856006497, 48.87404262285675], [2.3114917981796723, 48.87494189503709], [2.312855111859676, 48.874949728615945], [2.3128669757447744, 48.87405045630673], [2.3115036856006497, 48.87404262285675]]]}}, {"type": "Feature", "properties": {"ndvi_mean": 0.06388363242149353, "ndmi_mean": -0.09032447636127472, "ndbi_mean": 0.09032447636127472}, "geometry": {"type": "Polygon", "coordinates": [[[2.3128669757447744, 48.87405045630673], [2.312855111859676, 48.874949728615945], [2.314218425949355, 48.87495754666849], [2.314230266298553, 48.87405827423066], [2.3128669757447744, 48.87405045630673]]]}}, {"type": "Feature", "properties": {"ndvi_mean": 0.19815696775913239, "ndmi_mean": -0.004518707282841206, "ndbi_mean": 0.004518707282841206}, "geometry": {"type": "Polygon", "coordinates": [[[2.314230266298553, 48.87405827423066], [2.314218425949355, 48.87495754666849], [2.315581740447896, 48.87496534919474], [2.3155935572611734, 48.87406607662856], [2.314230266298553, 48.87405827423066]]]}}, {"type": "Feature", "properties": {"ndvi_mean": 0.06442957371473312, "ndmi_mean": -0.0554620660841465, "ndbi_mean": 0.0554620660841465}, "geometry": {"type": "Polygon", "coordinates": [[[2.3155935572611734, 48.87406607662856], [2.315581740447896, 48.87496534919474], [2.316945055354488, 48.87497313619467], [2.316956848631822, 48.874073863500406], [2.3155935572611734, 48.87406607662856]]]}}, {"type": "Feature", "properties": {"ndvi_mean": 0.07794216275215149, "ndmi_mean": -0.06522312760353088, "ndbi_mean": 0.06522312760353088}, "geometry": {"type": "Polygon", "coordinates": [[[2.316956848631822, 48.874073863500406], [2.316945055354488, 48.87497313619467], [2.3183083706683165, 48.874980907668295], [2.3183201404096874, 48.87408163484619], [2.316956848631822, 48.874073863500406]]]}}, {"type": "Feature", "properties": {"ndvi_mean": 0.15405119955539703, "ndmi_mean": -0.016452671959996223, "ndbi_mean": 0.016452671959996223}, "geometry": {"type": "Polygon", "coordinates": [[[2.3183201404096874, 48.87408163484619], [2.3183083706683165, 48.874980907668295], [2.31967168638857, 48.87498866361562], [2.319683432593956, 48.87408939066592], [2.3183201404096874, 48.87408163484619]]]}}, {"type": "Feature", "properties": {"ndvi_mean": 0.22663620114326477, "ndmi_mean": 0.049651890993118286, "ndbi_mean": -0.049651890993118286}, "geometry": {"type": "Polygon", "coordinates": [[[2.319683432593956, 48.87408939066592], [2.31967168638857, 48.87498866361562], [2.3210350025144355, 48.874996404036594], [2.321046725183816, 48.874097130959576], [2.319683432593956, 48.87408939066592]]]}}, {"type": "Feature", "properties": {"ndvi_mean": 0.15979734063148499, "ndmi_mean": -0.010208104737102985, "ndbi_mean": 0.010208104737102985}, "geometry": {"type": "Polygon", "coordinates": [[[2.321046725183816, 48.874097130959576], [2.3210350025144355, 48.874996404036594], [2.3223983190451003, 48.875004128931266], [2.3224100181784544, 48.87410485572716], [2.321046725183816, 48.874097130959576]]]}}, {"type": "Feature", "properties": {"ndvi_mean": 0.15831656754016876, "ndmi_mean": 0.013813166879117489, "ndbi_mean": -0.013813166879117489}, "geometry": {"type": "Polygon", "coordinates": [[[2.3224100181784544, 48.87410485572716], [2.3223983190451003, 48.875004128931266], [2.3237616359797517, 48.87501183829958], [2.323773311577059, 48.87411256496866], [2.3224100181784544, 48.87410485572716]]]}}, {"type": "Feature", "properties": {"ndvi_mean": 0.0867697149515152, "ndmi_mean": -0.052792537957429886, "ndbi_mean": 0.052792537957429886}, "geometry": {"type": "Polygon", "coordinates": [[[2.323773311577059, 48.87411256496866], [2.3237616359797517, 48.87501183829958], [2.3251249533175784, 48.87501953214156], [2.325136605378816, 48.87412025868406], [2.323773311577059, 48.87411256496866]]]}}, {"type": "Feature", "properties": {"ndvi_mean": 0.0008532454958185554, "ndmi_mean": -0.05780453607439995, "ndbi_mean": 0.05780453607439995}, "geometry": {"type": "Polygon", "coordinates": [[[2.325136605378816, 48.87412025868406], [2.3251249533175784, 48.87501953214156], [2.326488271057766, 48.87502721045717], [2.326499899582915, 48.87412793687338], [2.325136605378816, 48.87412025868406]]]}}, {"type": "Feature", "properties": {"ndvi_mean": 0.027310336008667946, "ndmi_mean": -0.052140478044748306, "ndbi_mean": 0.052140478044748306}, "geometry": {"type": "Polygon", "coordinates": [[[2.326499899582915, 48.87412793687338], [2.326488271057766, 48.87502721045717], [2.3278515891995024, 48.87503487324644], [2.3278631941885415, 48.87413559953658], [2.326499899582915, 48.87412793687338]]]}}, {"type": "Feature", "properties": {"ndvi_mean": 0.022148337215185165, "ndmi_mean": -0.09201879799365997, "ndbi_mean": 0.09201879799365997}, "geometry": {"type": "Polygon", "coordinates": [[[2.3278631941885415, 48.87413559953658], [2.3278515891995024, 48.87503487324644], [2.3292149077419757, 48.87504252050934], [2.329226489194884, 48.87414324667368], [2.3278631941885415, 48.87413559953658]]]}}, {"type": "Feature", "properties": {"ndvi_mean": 0.03492262586951256, "ndmi_mean": -0.10126891732215881, "ndbi_mean": 0.10126891732215881}, "geometry": {"type": "Polygon", "coordinates": [[[2.329226489194884, 48.87414324667368], [2.3292149077419757, 48.87504252050934], [2.330578226684372, 48.875050152245855], [2.330589784601129, 48.874150878284674], [2.329226489194884, 48.87414324667368]]]}}, {"type": "Feature", "properties": {"ndvi_mean": 0.013378692790865898, "ndmi_mean": -0.12560760974884033, "ndbi_mean": 0.12560760974884033}, "geometry": {"type": "Polygon", "coordinates": [[[2.330589784601129, 48.874150878284674], [2.330578226684372, 48.875050152245855], [2.3319415460258806, 48.875057768456024], [2.331953080406465, 48.874158494369546], [2.330589784601129, 48.874150878284674]]]}}, {"type": "Feature", "properties": {"ndvi_mean": 0.0005237209261395037, "ndmi_mean": -0.09220845997333527, "ndbi_mean": 0.09220845997333527}, "geometry": {"type": "Polygon", "coordinates": [[[2.331953080406465, 48.874158494369546], [2.3319415460258806, 48.875057768456024], [2.333304865765687, 48.875065369139776], [2.3333163766100786, 48.87416609492828], [2.331953080406465, 48.874158494369546]]]}}, {"type": "Feature", "properties": {"ndvi_mean": 0.03191792964935303, "ndmi_mean": -0.08048839867115021, "ndbi_mean": 0.08048839867115021}, "geometry": {"type": "Polygon", "coordinates": [[[2.3333163766100786, 48.87416609492828], [2.333304865765687, 48.875065369139776], [2.3346681859029794, 48.87507295429715], [2.3346796732111583, 48.87417367996087], [2.3333163766100786, 48.87416609492828]]]}}, {"type": "Feature", "properties": {"ndvi_mean": 0.06459496170282364, "ndmi_mean": -0.15504132211208344, "ndbi_mean": 0.15504132211208344}, "geometry": {"type": "Polygon", "coordinates": [[[2.3346796732111583, 48.87417367996087], [2.3346681859029794, 48.87507295429715], [2.3360315064369455, 48.87508052392815], [2.33604297020889, 48.87418124946734], [2.3346796732111583, 48.87417367996087]]]}}, {"type": "Feature", "properties": {"ndvi_mean": 0.37798023223876953, "ndmi_mean": 0.08285651355981827, "ndbi_mean": -0.08285651355981827}, "geometry": {"type": "Polygon", "coordinates": [[[2.284250327704113, 48.87298342311655], [2.284237969996796, 48.873882693400006], [2.2856012517772073, 48.87389083736928], [2.2856135859498914, 48.87299156695185], [2.284250327704113, 48.87298342311655]]]}}, {"type": "Feature", "properties": {"ndvi_mean": 0.3122745454311371, "ndmi_mean": 0.07066165655851364, "ndbi_mean": -0.07066165655851364}, "geometry": {"type": "Polygon", "coordinates": [[[2.2856135859498914, 48.87299156695185], [2.2856012517772073, 48.87389083736928], [2.286964533983524, 48.873898965812664], [2.286976844621553, 48.87299969526152], [2.2856135859498914, 48.87299156695185]]]}}, {"type": "Feature", "properties": {"ndvi_mean": 0.32202088832855225, "ndmi_mean": 0.09266052395105362, "ndbi_mean": -0.09266052395105362}, "geometry": {"type": "Polygon", "coordinates": [[[2.286976844621553, 48.87299969526152], [2.286964533983524, 48.873898965812664], [2.288327816614933, 48.87390707873014], [2.2883401037182844, 48.873007808045536], [2.286976844621553, 48.87299969526152]]]}}, {"type": "Feature", "properties": {"ndvi_mean": 0.35823190212249756, "ndmi_mean": 0.07420016080141068, "ndbi_mean": -0.07420016080141068}, "geometry": {"type": "Polygon", "coordinates": [[[2.2883401037182844, 48.873007808045536], [2.288327816614933, 48.87390707873014], [2.2896910996706215, 48.8739151761217], [2.289703363239274, 48.87301590530389], [2.2883401037182844, 48.873007808045536]]]}}, {"type": "Feature", "properties": {"ndvi_mean": 0.36308348178863525, "ndmi_mean": 0.06608858704566956, "ndbi_mean": -0.06608858704566956}, "geometry": {"type": "Polygon", "coordinates": [[[2.289703363239274, 48.87301590530389], [2.2896910996706215, 48.8739151761217], [2.291054383149777, 48.873923257987336], [2.291066623183709, 48.87302398703659], [2.289703363239274, 48.87301590530389]]]}}, {"type": "Feature", "properties": {"ndvi_mean": 0.2817612886428833, "ndmi_mean": 0.06028790399432182, "ndbi_mean": -0.06028790399432182}, "geometry": {"type": "Polygon", "coordinates": [[[2.291066623183709, 48.87302398703659], [2.291054383149777, 48.873923257987336], [2.2924176670515877, 48.873931324327046], [2.292429883550776, 48.87303205324362], [2.291066623183709, 48.87302398703659]]]}}, {"type": "Feature", "properties": {"ndvi_mean": 0.3005882799625397, "ndmi_mean": 0.061723046004772186, "ndbi_mean": -0.061723046004772186}, "geometry": {"type": "Polygon", "coordinates": [[[2.292429883550776, 48.87303205324362], [2.2924176670515877, 48.873931324327046], [2.2937809513752403, 48.873939375140814], [2.293793144339664, 48.87304010392495], [2.292429883550776, 48.87303205324362]]]}}, {"type": "Feature", "properties": {"ndvi_mean": 0.16473418474197388, "ndmi_mean": -0.020610598847270012, "ndbi_mean": 0.020610598847270012}, "geometry": {"type": "Polygon", "coordinates": [[[2.293793144339664, 48.87304010392495], [2.2937809513752403, 48.873939375140814], [2.295144236119923, 48.87394741042867], [2.2951564055495592, 48.873048139080616], [2.293793144339664, 48.87304010392495]]]}}, {"type": "Feature", "properties": {"ndvi_mean": 0.12226644158363342, "ndmi_mean": -0.02638349123299122, "ndbi_mean": 0.02638349123299122}, "geometry": {"type": "Polygon", "coordinates": [[[2.2951564055495592, 48.873048139080616], [2.295144236119923, 48.87394741042867], [2.296507521284822, 48.87395543019055], [2.29651966717965, 48.873056158710575], [2.2951564055495592, 48.873048139080616]]]}}, {"type": "Feature", "properties": {"ndvi_mean": 0.17711277306079865, "ndmi_mean": 0.03407634422183037, "ndbi_mean": -0.03407634422183037}, "geometry": {"type": "Polygon", "coordinates": [[[2.29651966717965, 48.873056158710575], [2.296507521284822, 48.87395543019055], [2.2978708068691254, 48.873963434426486], [2.2978829292291234, 48.873064162814835], [2.29651966717965, 48.873056158710575]]]}}, {"type": "Feature", "properties": {"ndvi_mean": 0.08404895663261414, "ndmi_mean": -0.04748300090432167, "ndbi_mean": 0.04748300090432167}, "geometry": {"type": "Polygon", "coordinates": [[[2.2978829292291234, 48.873064162814835], [2.2978708068691254, 48.873963434426486], [2.299234092872021, 48.87397142313645], [2.299246191697167, 48.873072151393394], [2.2978829292291234, 48.873064162814835]]]}}, {"type": "Feature", "properties": {"ndvi_mean": 0.07318457216024399, "ndmi_mean": -0.030653120949864388, "ndbi_mean": 0.030653120949864388}, "geometry": {"type": "Polygon", "coordinates": [[[2.299246191697167, 48.873072151393394], [2.299234092872021, 48.87397142313645], [2.300597379292696, 48.87397939632044], [2.3006094545829687, 48.87308012444623], [2.299246191697167, 48.873072151393394]]]}}, {"type": "Feature", "properties": {"ndvi_mean": 0.2161487340927124, "ndmi_mean": 0.036517009139060974, "ndbi_mean": -0.036517009139060974}, "geometry": {"type": "Polygon", "coordinates": [[[2.3006094545829687, 48.87308012444623], [2.300597379292696, 48.87397939632044], [2.3019606661303382, 48.87398735397847], [2.3019727178857154, 48.873088081973364], [2.3006094545829687, 48.87308012444623]]]}}, {"type": "Feature", "properties": {"ndvi_mean": 0.1013462170958519, "ndmi_mean": -0.06380929052829742, "ndbi_mean": 0.06380929052829742}, "geometry": {"type": "Polygon", "coordinates": [[[2.3019727178857154, 48.873088081973364], [2.3019606661303382, 48.87398735397847], [2.303323953384134, 48.873995296110515], [2.303335981604595, 48.87309602397476], [2.3019727178857154, 48.873088081973364]]]}}, {"type": "Feature", "properties": {"ndvi_mean": 0.1457076519727707, "ndmi_mean": -0.015877997502684593, "ndbi_mean": 0.015877997502684593}, "geometry": {"type": "Polygon", "coordinates": [[[2.303335981604595, 48.87309602397476], [2.303323953384134, 48.873995296110515], [2.3046872410532724, 48.87400322271656], [2.304699245738795, 48.87310395045041], [2.303335981604595, 48.87309602397476]]]}}, {"type": "Feature", "properties": {"ndvi_mean": 0.13844847679138184, "ndmi_mean": -0.01949336938560009, "ndbi_mean": 0.01949336938560009}, "geometry": {"type": "Polygon", "coordinates": [[[2.304699245738795, 48.87310395045041], [2.3046872410532724, 48.87400322271656], [2.3060505291369395, 48.87401113379662], [2.3060625102875028, 48.87311186140033], [2.304699245738795, 48.87310395045041]]]}}, {"type": "Feature", "properties": {"ndvi_mean": 0.13672605156898499, "ndmi_mean": -0.03993965685367584, "ndbi_mean": 0.03993965685367584}, "geometry": {"type": "Polygon", "coordinates": [[[2.3060625102875028, 48.87311186140033], [2.3060505291369395, 48.87401113379662], [2.3074138176343233, 48.87401902935068], [2.3074257752499054, 48.8731197568245], [2.3060625102875028, 48.87311186140033]]]}}, {"type": "Feature", "properties": {"ndvi_mean": 0.23565645515918732, "ndmi_mean": 0.05914783850312233, "ndbi_mean": -0.05914783850312233}, "geometry": {"type": "Polygon", "coordinates": [[[2.3074257752499054, 48.8731197568245], [2.3074138176343233, 48.87401902935068], [2.3087771065446114, 48.87402690937871], [2.308789040625191, 48.87312763672291], [2.3074257752499054, 48.8731197568245]]]}}, {"type": "Feature", "properties": {"ndvi_mean": 0.041593506932258606, "ndmi_mean": -0.07538392394781113, "ndbi_mean": 0.07538392394781113}, "geometry": {"type": "Polygon", "coordinates": [[[2.308789040625191, 48.87312763672291], [2.3087771065446114, 48.87402690937871], [2.3101403958669904, 48.87403477388076], [2.3101523064125464, 48.87313550109557], [2.308789040625191, 48.87312763672291]]]}}, {"type": "Feature", "properties": {"ndvi_mean": 0.15253613889217377, "ndmi_mean": -0.004824789706617594, "ndbi_mean": 0.004824789706617594}, "geometry": {"type": "Polygon", "coordinates": [[[2.3101523064125464, 48.87313550109557], [2.3101403958669904, 48.87403477388076], [2.3115036856006497, 48.87404262285675], [2.31151557261116, 48.87314334994246], [2.3101523064125464, 48.87313550109557]]]}}, {"type": "Feature", "properties": {"ndvi_mean": 0.11016760766506195, "ndmi_mean": -0.06743898242712021, "ndbi_mean": 0.06743898242712021}, "geometry": {"type": "Polygon", "coordinates": [[[2.31151557261116, 48.87314334994246], [2.3115036856006497, 48.87404262285675], [2.3128669757447744, 48.87405045630673], [2.3128788392202186, 48.87315118326358], [2.31151557261116, 48.87314334994246]]]}}, {"type": "Feature", "properties": {"ndvi_mean": 0.06010380759835243, "ndmi_mean": -0.09169626235961914, "ndbi_mean": 0.09169626235961914}, "geometry": {"type": "Polygon", "coordinates": [[[2.3128788392202186, 48.87315118326358], [2.3128669757447744, 48.87405045630673], [2.314230266298553, 48.87405827423066], [2.31424210623891, 48.87315900105891], [2.3128788392202186, 48.87315118326358]]]}}, {"type": "Feature", "properties": {"ndvi_mean": 0.1100238785147667, "ndmi_mean": -0.056422747671604156, "ndbi_mean": 0.056422747671604156}, "geometry": {"type": "Polygon", "coordinates": [[[2.31424210623891, 48.87315900105891], [2.314230266298553, 48.87405827423066], [2.3155935572611734, 48.87406607662856], [2.3156053736664215, 48.87316680332845], [2.31424210623891, 48.87315900105891]]]}}, {"type": "Feature", "properties": {"ndvi_mean": 0.0943242534995079, "ndmi_mean": -0.05079417675733566, "ndbi_mean": 0.05079417675733566}, "geometry": {"type": "Polygon", "coordinates": [[[2.3156053736664215, 48.87316680332845], [2.3155935572611734, 48.87406607662856], [2.316956848631822, 48.874073863500406], [2.3169686415019406, 48.8731745900722], [2.3156053736664215, 48.87316680332845]]]}}, {"type": "Feature", "properties": {"ndvi_mean": 0.0722932517528534, "ndmi_mean": -0.03949905186891556, "ndbi_mean": 0.03949905186891556}, "geometry": {"type": "Polygon", "coordinates": [[[2.3169686415019406, 48.8731745900722], [2.316956848631822, 48.874073863500406], [2.3183201404096874, 48.87408163484619], [2.3183319097446544, 48.87318236129015], [2.3169686415019406, 48.8731745900722]]]}}, {"type": "Feature", "properties": {"ndvi_mean": 0.05949873477220535, "ndmi_mean": -0.07559565454721451, "ndbi_mean": 0.07559565454721451}, "geometry": {"type": "Polygon", "coordinates": [[[2.3183319097446544, 48.87318236129015], [2.3183201404096874, 48.87408163484619], [2.319683432593956, 48.87408939066592], [2.319695178393751, 48.873190116982286], [2.3183319097446544, 48.87318236129015]]]}}, {"type": "Feature", "properties": {"ndvi_mean": 0.1841813623905182, "ndmi_mean": 0.005890775937587023, "ndbi_mean": -0.005890775937587023}, "geometry": {"type": "Polygon", "coordinates": [[[2.319695178393751, 48.873190116982286], [2.319683432593956, 48.87408939066592], [2.321046725183816, 48.874097130959576], [2.3210584474484177, 48.87319785714862], [2.319695178393751, 48.873190116982286]]]}}, {"type": "Feature", "properties": {"ndvi_mean": 0.03134221211075783, "ndmi_mean": -0.053055085241794586, "ndbi_mean": 0.053055085241794586}, "geometry": {"type": "Polygon", "coordinates": [[[2.3210584474484177, 48.87319785714862], [2.321046725183816, 48.874097130959576], [2.3224100181784544, 48.87410485572716], [2.3224217169078423, 48.87320558178912], [2.3210584474484177, 48.87319785714862]]]}}, {"type": "Feature", "properties": {"ndvi_mean": 0.3760104477405548, "ndmi_mean": 0.09642832726240158, "ndbi_mean": -0.09642832726240158}, "geometry": {"type": "Polygon", "coordinates": [[[2.3224217169078423, 48.87320558178912], [2.3224100181784544, 48.87410485572716], [2.323773311577059, 48.87411256496866], [2.3237849867712117, 48.873213290903806], [2.3224217169078423, 48.87320558178912]]]}}, {"type": "Feature", "properties": {"ndvi_mean": 0.1209886372089386, "ndmi_mean": -0.03220880776643753, "ndbi_mean": 0.03220880776643753}, "geometry": {"type": "Polygon", "coordinates": [[[2.3237849867712117, 48.873213290903806], [2.323773311577059, 48.87411256496866], [2.325136605378816, 48.87412025868406], [2.3251482570377138, 48.873220984492654], [2.3237849867712117, 48.873213290903806]]]}}, {"type": "Feature", "properties": {"ndvi_mean": 0.15013302862644196, "ndmi_mean": -0.009654027409851551, "ndbi_mean": 0.009654027409851551}, "geometry": {"type": "Polygon", "coordinates": [[[2.3251482570377138, 48.873220984492654], [2.325136605378816, 48.87412025868406], [2.326499899582915, 48.87412793687338], [2.326511527706536, 48.87322866255566], [2.3251482570377138, 48.873220984492654]]]}}, {"type": "Feature", "properties": {"ndvi_mean": 0.2259192019701004, "ndmi_mean": 0.05136377364397049, "ndbi_mean": -0.05136377364397049}, "geometry": {"type": "Polygon", "coordinates": [[[2.326511527706536, 48.87322866255566], [2.326499899582915, 48.87412793687338], [2.3278631941885415, 48.87413559953658], [2.3278747987768647, 48.873236325092826], [2.326511527706536, 48.87322866255566]]]}}, {"type": "Feature", "properties": {"ndvi_mean": 0.096573106944561, "ndmi_mean": -0.03785320371389389, "ndbi_mean": 0.03785320371389389}, "geometry": {"type": "Polygon", "coordinates": [[[2.3278747987768647, 48.873236325092826], [2.3278631941885415, 48.87413559953658], [2.329226489194884, 48.87414324667368], [2.3292380702478885, 48.87324397210413], [2.3278747987768647, 48.873236325092826]]]}}, {"type": "Feature", "properties": {"ndvi_mean": 0.15200895071029663, "ndmi_mean": -0.053801342844963074, "ndbi_mean": 0.053801342844963074}, "geometry": {"type": "Polygon", "coordinates": [[[2.3292380702478885, 48.87324397210413], [2.329226489194884, 48.87414324667368], [2.330589784601129, 48.874150878284674], [2.330601342118795, 48.87325160358957], [2.3292380702478885, 48.87324397210413]]]}}, {"type": "Feature", "properties": {"ndvi_mean": 0.1072930246591568, "ndmi_mean": -0.0734601765871048, "ndbi_mean": 0.0734601765871048}, "geometry": {"type": "Polygon", "coordinates": [[[2.330601342118795, 48.87325160358957], [2.330589784601129, 48.874150878284674], [2.331953080406465, 48.874158494369546], [2.3319646143887716, 48.87325921954915], [2.330601342118795, 48.87325160358957]]]}}, {"type": "Feature", "properties": {"ndvi_mean": 0.04025602340698242, "ndmi_mean": -0.07387625426054001, "ndbi_mean": 0.07387625426054001}, "geometry": {"type": "Polygon", "coordinates": [[[2.3319646143887716, 48.87325921954915], [2.331953080406465, 48.874158494369546], [2.3333163766100786, 48.87416609492828], [2.3333278870570053, 48.87326681998285], [2.3319646143887716, 48.87325921954915]]]}}, {"type": "Feature", "properties": {"ndvi_mean": 0.04434005916118622, "ndmi_mean": -0.07751423865556717, "ndbi_mean": 0.07751423865556717}, "geometry": {"type": "Polygon", "coordinates": [[[2.3333278870570053, 48.87326681998285], [2.3333163766100786, 48.87416609492828], [2.3346796732111583, 48.87417367996087], [2.3346911601226834, 48.87327440489068], [2.3333278870570053, 48.87326681998285]]]}}, {"type": "Feature", "properties": {"ndvi_mean": 0.05930205062031746, "ndmi_mean": -0.09609062969684601, "ndbi_mean": 0.09609062969684601}, "geometry": {"type": "Polygon", "coordinates": [[[2.3346911601226834, 48.87327440489068], [2.3346796732111583, 48.87417367996087], [2.33604297020889, 48.87418124946734], [2.3360544335849944, 48.873281974272615], [2.3346911601226834, 48.87327440489068]]]}}, {"type": "Feature", "properties": {"ndvi_mean": 0.251059353351593, "ndmi_mean": 0.009626957587897778, "ndbi_mean": -0.009626957587897778}, "geometry": {"type": "Polygon", "coordinates": [[[2.2842626849847347, 48.87208415209932], [2.284250327704113, 48.87298342311655], [2.2856135859498914, 48.87299156695185], [2.2856259196966926, 48.87209229580067], [2.2842626849847347, 48.87208415209932]]]}}, {"type": "Feature", "properties": {"ndvi_mean": 0.3453868627548218, "ndmi_mean": 0.029620368033647537, "ndbi_mean": -0.029620368033647537}, "geometry": {"type": "Polygon", "coordinates": [[[2.2856259196966926, 48.87209229580067], [2.2856135859498914, 48.87299156695185], [2.286976844621553, 48.87299969526152], [2.2869891548345116, 48.87210042397663], [2.2856259196966926, 48.87209229580067]]]}}, {"type": "Feature", "properties": {"ndvi_mean": 0.36373236775398254, "ndmi_mean": 0.10133030265569687, "ndbi_mean": -0.10133030265569687}, "geometry": {"type": "Polygon", "coordinates": [[[2.2869891548345116, 48.87210042397663], [2.286976844621553, 48.87299969526152], [2.2883401037182844, 48.873007808045536], [2.2883523903973786, 48.872108536627195], [2.2869891548345116, 48.87210042397663]]]}}, {"type": "Feature", "properties": {"ndvi_mean": 0.3899705410003662, "ndmi_mean": 0.10047125071287155, "ndbi_mean": -0.10047125071287155}, "geometry": {"type": "Polygon", "coordinates": [[[2.2883523903973786, 48.872108536627195], [2.2883401037182844, 48.873007808045536], [2.289703363239274, 48.87301590530389], [2.2897156263844813, 48.87211663375234], [2.2883523903973786, 48.872108536627195]]]}}, {"type": "Feature", "properties": {"ndvi_mean": 0.3294515907764435, "ndmi_mean": -0.040850792080163956, "ndbi_mean": 0.040850792080163956}, "geometry": {"type": "Polygon", "coordinates": [[[2.2897156263844813, 48.87211663375234], [2.289703363239274, 48.87301590530389], [2.291066623183709, 48.87302398703659], [2.291078862795007, 48.87212471535209], [2.2897156263844813, 48.87211663375234]]]}}, {"type": "Feature", "properties": {"ndvi_mean": 0.18112033605575562, "ndmi_mean": 0.03792068734765053, "ndbi_mean": -0.03792068734765053}, "geometry": {"type": "Polygon", "coordinates": [[[2.291078862795007, 48.87212471535209], [2.291066623183709, 48.87302398703659], [2.292429883550776, 48.87303205324362], [2.2924420996281443, 48.87213278142643], [2.291078862795007, 48.87212471535209]]]}}, {"type": "Feature", "properties": {"ndvi_mean": 0.1783350706100464, "ndmi_mean": 0.0035191006027162075, "ndbi_mean": -0.0035191006027162075}, "geometry": {"type": "Polygon", "coordinates": [[[2.2924420996281443, 48.87213278142643], [2.292429883550776, 48.87303205324362], [2.293793144339664, 48.87304010392495], [2.293805336883079, 48.872140831975344], [2.2924420996281443, 48.87213278142643]]]}}, {"type": "Feature", "properties": {"ndvi_mean": 0.39075928926467896, "ndmi_mean": 0.13828180730342865, "ndbi_mean": -0.13828180730342865}, "geometry": {"type": "Polygon", "coordinates": [[[2.293805336883079, 48.872140831975344], [2.293793144339664, 48.87304010392495], [2.2951564055495592, 48.873048139080616], [2.2951685745590007, 48.872148866998806], [2.293805336883079, 48.872140831975344]]]}}, {"type": "Feature", "properties": {"ndvi_mean": 0.3399122953414917, "ndmi_mean": 0.10300688445568085, "ndbi_mean": -0.10300688445568085}, "geometry": {"type": "Polygon", "coordinates": [[[2.2951685745590007, 48.872148866998806], [2.2951564055495592, 48.873048139080616], [2.29651966717965, 48.873056158710575], [2.2965318126550955, 48.872156886496846], [2.2951685745590007, 48.872148866998806]]]}}, {"type": "Feature", "properties": {"ndvi_mean": 0.17277640104293823, "ndmi_mean": 0.02133835293352604, "ndbi_mean": -0.02133835293352604}, "geometry": {"type": "Polygon", "coordinates": [[[2.2965318126550955, 48.872156886496846], [2.29651966717965, 48.873056158710575], [2.2978829292291234, 48.873064162814835], [2.2978950511705514, 48.87216489046944], [2.2965318126550955, 48.872156886496846]]]}}, {"type": "Feature", "properties": {"ndvi_mean": 0.27505141496658325, "ndmi_mean": 0.05416951701045036, "ndbi_mean": -0.05416951701045036}, "geometry": {"type": "Polygon", "coordinates": [[[2.2978950511705514, 48.87216489046944], [2.2978829292291234, 48.873064162814835], [2.299246191697167, 48.873072151393394], [2.2992582901045555, 48.87217287891659], [2.2978950511705514, 48.87216489046944]]]}}, {"type": "Feature", "properties": {"ndvi_mean": 0.15046563744544983, "ndmi_mean": 0.010130985639989376, "ndbi_mean": -0.010130985639989376}, "geometry": {"type": "Polygon", "coordinates": [[[2.2992582901045555, 48.87217287891659], [2.299246191697167, 48.873072151393394], [2.3006094545829687, 48.87308012444623], [2.300621529456296, 48.87218085183827], [2.2992582901045555, 48.87217287891659]]]}}, {"type": "Feature", "properties": {"ndvi_mean": 0.1300983875989914, "ndmi_mean": -0.03433810919523239, "ndbi_mean": 0.03433810919523239}, "geometry": {"type": "Polygon", "coordinates": [[[2.300621529456296, 48.87218085183827], [2.3006094545829687, 48.87308012444623], [2.3019727178857154, 48.873088081973364], [2.30198476922496, 48.87218880923449], [2.300621529456296, 48.87218085183827]]]}}, {"type": "Feature", "properties": {"ndvi_mean": 0.12834130227565765, "ndmi_mean": -0.054591283202171326, "ndbi_mean": 0.054591283202171326}, "geometry": {"type": "Polygon", "coordinates": [[[2.30198476922496, 48.87218880923449], [2.3019727178857154, 48.873088081973364], [2.303335981604595, 48.87309602397476], [2.303348009409736, 48.87219675110524], [2.30198476922496, 48.87218880923449]]]}}, {"type": "Feature", "properties": {"ndvi_mean": 0.18682017922401428, "ndmi_mean": -0.048647891730070114, "ndbi_mean": 0.048647891730070114}, "geometry": {"type": "Polygon", "coordinates": [[[2.303348009409736, 48.87219675110524], [2.303335981604595, 48.87309602397476], [2.304699245738795, 48.87310395045041], [2.30471125000981, 48.87220467745052], [2.303348009409736, 48.87219675110524]]]}}, {"type": "Feature", "properties": {"ndvi_mean": 0.2298472374677658, "ndmi_mean": -0.020696554332971573, "ndbi_mean": 0.020696554332971573}, "geometry": {"type": "Polygon", "coordinates": [[[2.30471125000981, 48.87220467745052], [2.304699245738795, 48.87310395045041], [2.3060625102875028, 48.87311186140033], [2.3060744910243702, 48.8722125882703], [2.30471125000981, 48.87220467745052]]]}}, {"type": "Feature", "properties": {"ndvi_mean": 0.34898144006729126, "ndmi_mean": 0.06366202235221863, "ndbi_mean": -0.06366202235221863}, "geometry": {"type": "Polygon", "coordinates": [[[2.3060744910243702, 48.8722125882703], [2.3060625102875028, 48.87311186140033], [2.3074257752499054, 48.8731197568245], [2.307437732452604, 48.87222048356459], [2.3060744910243702, 48.8722125882703]]]}}, {"type": "Feature", "properties": {"ndvi_mean": 0.04009860381484032, "ndmi_mean": -0.06080666929483414, "ndbi_mean": 0.06080666929483414}, "geometry": {"type": "Polygon", "coordinates": [[[2.307437732452604, 48.87222048356459], [2.3074257752499054, 48.8731197568245], [2.308789040625191, 48.87312763672291], [2.3088009742937, 48.872228363333384], [2.307437732452604, 48.87222048356459]]]}}, {"type": "Feature", "properties": {"ndvi_mean": 0.09533663839101791, "ndmi_mean": -0.03904948756098747, "ndbi_mean": 0.03904948756098747}, "geometry": {"type": "Polygon", "coordinates": [[[2.3088009742937, 48.872228363333384], [2.308789040625191, 48.87312763672291], [2.3101523064125464, 48.87313550109557], [2.3101642165468443, 48.872236227576664], [2.3088009742937, 48.872228363333384]]]}}, {"type": "Feature", "properties": {"ndvi_mean": 0.08840713649988174, "ndmi_mean": -0.07707841694355011, "ndbi_mean": 0.07707841694355011}, "geometry": {"type": "Polygon", "coordinates": [[[2.3101642165468443, 48.872236227576664], [2.3101523064125464, 48.87313550109557], [2.31151557261116, 48.87314334994246], [2.3115274592112254, 48.87224407629444], [2.3101642165468443, 48.872236227576664]]]}}, {"type": "Feature", "properties": {"ndvi_mean": 0.03566771745681763, "ndmi_mean": -0.06412341445684433, "ndbi_mean": 0.06412341445684433}, "geometry": {"type": "Polygon", "coordinates": [[[2.3115274592112254, 48.87224407629444], [2.31151557261116, 48.87314334994246], [2.3128788392202186, 48.87315118326358], [2.31289070228603, 48.8722519094867], [2.3115274592112254, 48.87224407629444]]]}}, {"type": "Feature", "properties": {"ndvi_mean": 0.13903428614139557, "ndmi_mean": -0.025400402024388313, "ndbi_mean": 0.025400402024388313}, "geometry": {"type": "Polygon", "coordinates": [[[2.31289070228603, 48.8722519094867], [2.3128788392202186, 48.87315118326358], [2.31424210623891, 48.87315900105891], [2.3142539457704463, 48.87225972715343], [2.31289070228603, 48.8722519094867]]]}}, {"type": "Feature", "properties": {"ndvi_mean": 0.08750235289335251, "ndmi_mean": -0.05621400475502014, "ndbi_mean": 0.05621400475502014}, "geometry": {"type": "Polygon", "coordinates": [[[2.3142539457704463, 48.87225972715343], [2.31424210623891, 48.87315900105891], [2.3156053736664215, 48.87316680332845], [2.3156171896636613, 48.872267529294625], [2.3142539457704463, 48.87225972715343]]]}}, {"type": "Feature", "properties": {"ndvi_mean": 0.08051393181085587, "ndmi_mean": -0.0413549579679966, "ndbi_mean": 0.0413549579679966}, "geometry": {"type": "Polygon", "coordinates": [[[2.3156171896636613, 48.872267529294625], [2.3156053736664215, 48.87316680332845], [2.3169686415019406, 48.8731745900722], [2.316980433964863, 48.87227531591029], [2.3156171896636613, 48.872267529294625]]]}}, {"type": "Feature", "properties": {"ndvi_mean": 0.10483726859092712, "ndmi_mean": -0.017827041447162628, "ndbi_mean": 0.017827041447162628}, "geometry": {"type": "Polygon", "coordinates": [[[2.316980433964863, 48.87227531591029], [2.3169686415019406, 48.8731745900722], [2.3183319097446544, 48.87318236129015], [2.318343678673239, 48.872283087000405], [2.316980433964863, 48.87227531591029]]]}}, {"type": "Feature", "properties": {"ndvi_mean": 0.03518106788396835, "ndmi_mean": -0.053343869745731354, "ndbi_mean": 0.053343869745731354}, "geometry": {"type": "Polygon", "coordinates": [[[2.318343678673239, 48.872283087000405], [2.3183319097446544, 48.87318236129015], [2.319695178393751, 48.873190116982286], [2.319706923787976, 48.87229084256496], [2.318343678673239, 48.872283087000405]]]}}, {"type": "Feature", "properties": {"ndvi_mean": 0.23465342819690704, "ndmi_mean": -0.031903985887765884, "ndbi_mean": 0.031903985887765884}, "geometry": {"type": "Polygon", "coordinates": [[[2.319706923787976, 48.87229084256496], [2.319695178393751, 48.873190116982286], [2.3210584474484177, 48.87319785714862], [2.3210701693082627, 48.872298582603975], [2.319706923787976, 48.87229084256496]]]}}, {"type": "Feature", "properties": {"ndvi_mean": 0.1528516262769699, "ndmi_mean": -0.006423799321055412, "ndbi_mean": 0.006423799321055412}, "geometry": {"type": "Polygon", "coordinates": [[[2.3210701693082627, 48.872298582603975], [2.3210584474484177, 48.87319785714862], [2.3224217169078423, 48.87320558178912], [2.3224334152332857, 48.872306307117405], [2.3210701693082627, 48.872298582603975]]]}}, {"type": "Feature", "properties": {"ndvi_mean": 0.015378674492239952, "ndmi_mean": -0.04784558340907097, "ndbi_mean": 0.04784558340907097}, "geometry": {"type": "Polygon", "coordinates": [[[2.3224334152332857, 48.872306307117405], [2.3224217169078423, 48.87320558178912], [2.3237849867712117, 48.873213290903806], [2.3237966615622327, 48.872314016105264], [2.3224334152332857, 48.872306307117405]]]}}, {"type": "Feature", "properties": {"ndvi_mean": 0.021016571670770645, "ndmi_mean": -0.07250743359327316, "ndbi_mean": 0.07250743359327316}, "geometry": {"type": "Polygon", "coordinates": [[[2.3237966615622327, 48.872314016105264], [2.3237849867712117, 48.873213290903806], [2.3251482570377138, 48.873220984492654], [2.325159908294291, 48.87232170956755], [2.3237966615622327, 48.872314016105264]]]}}, {"type": "Feature", "properties": {"ndvi_mean": 0.0828377902507782, "ndmi_mean": -0.039617542177438736, "ndbi_mean": 0.039617542177438736}, "geometry": {"type": "Polygon", "coordinates": [[[2.325159908294291, 48.87232170956755], [2.3251482570377138, 48.873220984492654], [2.326511527706536, 48.87322866255566], [2.3265231554286485, 48.87232938750426], [2.325159908294291, 48.87232170956755]]]}}, {"type": "Feature", "properties": {"ndvi_mean": 0.04995163902640343, "ndmi_mean": -0.04875358194112778, "ndbi_mean": 0.04875358194112778}, "geometry": {"type": "Polygon", "coordinates": [[[2.3265231554286485, 48.87232938750426], [2.326511527706536, 48.87322866255566], [2.3278747987768647, 48.873236325092826], [2.327886402964493, 48.87233704991536], [2.3265231554286485, 48.87232938750426]]]}}, {"type": "Feature", "properties": {"ndvi_mean": 0.00805724784731865, "ndmi_mean": -0.07688186317682266, "ndbi_mean": 0.07688186317682266}, "geometry": {"type": "Polygon", "coordinates": [[[2.327886402964493, 48.87233704991536], [2.3278747987768647, 48.873236325092826], [2.3292380702478885, 48.87324397210413], [2.3292496509010117, 48.872344696800866], [2.327886402964493, 48.87233704991536]]]}}, {"type": "Feature", "properties": {"ndvi_mean": 0.03000280074775219, "ndmi_mean": -0.06220651790499687, "ndbi_mean": 0.06220651790499687}, "geometry": {"type": "Polygon", "coordinates": [[[2.3292496509010117, 48.872344696800866], [2.3292380702478885, 48.87324397210413], [2.330601342118795, 48.87325160358957], [2.330612899237392, 48.87235232816079], [2.3292496509010117, 48.872344696800866]]]}}, {"type": "Feature", "properties": {"ndvi_mean": 0.13633279502391815, "ndmi_mean": -0.013075167313218117, "ndbi_mean": 0.013075167313218117}, "geometry": {"type": "Polygon", "coordinates": [[[2.330612899237392, 48.87235232816079], [2.330601342118795, 48.87325160358957], [2.3319646143887716, 48.87325921954915], [2.3319761479728207, 48.872359943995086], [2.330612899237392, 48.87235232816079]]]}}, {"type": "Feature", "properties": {"ndvi_mean": 0.10748656094074249, "ndmi_mean": -0.004931329283863306, "ndbi_mean": 0.004931329283863306}, "geometry": {"type": "Polygon", "coordinates": [[[2.3319761479728207, 48.872359943995086], [2.3319646143887716, 48.87325921954915], [2.3333278870570053, 48.87326681998285], [2.333339397106487, 48.87236754430375], [2.3319761479728207, 48.872359943995086]]]}}, {"type": "Feature", "properties": {"ndvi_mean": 0.10197912156581879, "ndmi_mean": -0.032493267208337784, "ndbi_mean": 0.032493267208337784}, "geometry": {"type": "Polygon", "coordinates": [[[2.333339397106487, 48.87236754430375], [2.3333278870570053, 48.87326681998285], [2.3346911601226834, 48.87327440489068], [2.3347026466375773, 48.87237512908681], [2.333339397106487, 48.87236754430375]]]}}, {"type": "Feature", "properties": {"ndvi_mean": 0.15873990952968597, "ndmi_mean": -0.0007069470011629164, "ndbi_mean": 0.0007069470011629164}, "geometry": {"type": "Polygon", "coordinates": [[[2.3347026466375773, 48.87237512908681], [2.3346911601226834, 48.87327440489068], [2.3360544335849944, 48.873281974272615], [2.3360658965652794, 48.87238269834423], [2.3347026466375773, 48.87237512908681]]]}}, {"type": "Feature", "properties": {"ndvi_mean": 0.22752460837364197, "ndmi_mean": 0.06031598895788193, "ndbi_mean": -0.06031598895788193}, "geometry": {"type": "Polygon", "coordinates": [[[2.284275041838684, 48.87118488034856], [2.2842626849847347, 48.87208415209932], [2.2856259196966926, 48.87209229580067], [2.2856382530176336, 48.87119302391592], [2.284275041838684, 48.87118488034856]]]}}, {"type": "Feature", "properties": {"ndvi_mean": 0.26829037070274353, "ndmi_mean": 0.038419514894485474, "ndbi_mean": -0.038419514894485474}, "geometry": {"type": "Polygon", "coordinates": [[[2.2856382530176336, 48.87119302391592], [2.2856259196966926, 48.87209229580067], [2.2869891548345116, 48.87210042397663], [2.287001464622422, 48.8712011519582], [2.2856382530176336, 48.87119302391592]]]}}, {"type": "Feature", "properties": {"ndvi_mean": 0.18576228618621826, "ndmi_mean": 0.005226644687354565, "ndbi_mean": -0.005226644687354565}, "geometry": {"type": "Polygon", "coordinates": [[[2.287001464622422, 48.8712011519582], [2.2869891548345116, 48.87210042397663], [2.2883523903973786, 48.872108536627195], [2.2883646766522365, 48.871209264475304], [2.287001464622422, 48.8712011519582]]]}}, {"type": "Feature", "properties": {"ndvi_mean": 0.2969302237033844, "ndmi_mean": 0.06732651591300964, "ndbi_mean": -0.06732651591300964}, "geometry": {"type": "Polygon", "coordinates": [[[2.2883646766522365, 48.871209264475304], [2.2883523903973786, 48.872108536627195], [2.2897156263844813, 48.87211663375234], [2.289727889106265, 48.87121736146726], [2.2883646766522365, 48.871209264475304]]]}}, {"type": "Feature", "properties": {"ndvi_mean": 0.20211197435855865, "ndmi_mean": -0.12192783504724503, "ndbi_mean": 0.12192783504724503}, "geometry": {"type": "Polygon", "coordinates": [[[2.289727889106265, 48.87121736146726], [2.2897156263844813, 48.87211663375234], [2.291078862795007, 48.87212471535209], [2.2910911019836946, 48.87122544293408], [2.289727889106265, 48.87121736146726]]]}}, {"type": "Feature", "properties": {"ndvi_mean": 0.024052204564213753, "ndmi_mean": -0.07818245142698288, "ndbi_mean": 0.07818245142698288}, "geometry": {"type": "Polygon", "coordinates": [[[2.2910911019836946, 48.87122544293408], [2.291078862795007, 48.87212471535209], [2.2924420996281443, 48.87213278142643], [2.2924543152837136, 48.87123350887571], [2.2910911019836946, 48.87122544293408]]]}}, {"type": "Feature", "properties": {"ndvi_mean": 0.16029033064842224, "ndmi_mean": -0.00019858316227328032, "ndbi_mean": 0.00019858316227328032}, "geometry": {"type": "Polygon", "coordinates": [[[2.2924543152837136, 48.87123350887571], [2.2924420996281443, 48.87213278142643], [2.293805336883079, 48.872140831975344], [2.293817529005509, 48.8712415592922], [2.2924543152837136, 48.87123350887571]]]}}, {"type": "Feature", "properties": {"ndvi_mean": 0.24278007447719574, "ndmi_mean": -0.0016186886932700872, "ndbi_mean": 0.0016186886932700872}, "geometry": {"type": "Polygon", "coordinates": [[[2.293817529005509, 48.8712415592922], [2.293805336883079, 48.872140831975344], [2.2951685745590007, 48.872148866998806], [2.2951807431482685, 48.871249594183496], [2.293817529005509, 48.8712415592922]]]}}, {"type": "Feature", "properties": {"ndvi_mean": 0.2660715878009796, "ndmi_mean": 0.04434087127447128, "ndbi_mean": -0.04434087127447128}, "geometry": {"type": "Polygon", "coordinates": [[[2.2951807431482685, 48.871249594183496], [2.2951685745590007, 48.872148866998806], [2.2965318126550955, 48.872156886496846], [2.29654395771118, 48.8712576135496], [2.2951807431482685, 48.871249594183496]]]}}, {"type": "Feature", "properties": {"ndvi_mean": 0.1836654543876648, "ndmi_mean": 0.022433944046497345, "ndbi_mean": -0.022433944046497345}, "geometry": {"type": "Polygon", "coordinates": [[[2.29654395771118, 48.8712576135496], [2.2965318126550955, 48.872156886496846], [2.2978950511705514, 48.87216489046944], [2.29790717269343, 48.871265617390556], [2.29654395771118, 48.8712576135496]]]}}, {"type": "Feature", "properties": {"ndvi_mean": 0.08613754063844681, "ndmi_mean": -0.04534722492098808, "ndbi_mean": 0.04534722492098808}, "geometry": {"type": "Polygon", "coordinates": [[[2.29790717269343, 48.871265617390556], [2.2978950511705514, 48.87216489046944], [2.2992582901045555, 48.87217287891659], [2.2992703880942074, 48.87127360570628], [2.29790717269343, 48.871265617390556]]]}}, {"type": "Feature", "properties": {"ndvi_mean": 0.11751344054937363, "ndmi_mean": 0.022926758974790573, "ndbi_mean": -0.022926758974790573}, "geometry": {"type": "Polygon", "coordinates": [[[2.2992703880942074, 48.87127360570628], [2.2992582901045555, 48.87217287891659], [2.300621529456296, 48.87218085183827], [2.3006336039126998, 48.871281578496806], [2.2992703880942074, 48.87127360570628]]]}}, {"type": "Feature", "properties": {"ndvi_mean": 0.28469809889793396, "ndmi_mean": 0.07824196666479111, "ndbi_mean": -0.07824196666479111}, "geometry": {"type": "Polygon", "coordinates": [[[2.3006336039126998, 48.871281578496806], [2.300621529456296, 48.87218085183827], [2.30198476922496, 48.87218880923449], [2.301996820148094, 48.871289535762116], [2.3006336039126998, 48.871281578496806]]]}}, {"type": "Feature", "properties": {"ndvi_mean": 0.2132849097251892, "ndmi_mean": 0.01132840383797884, "ndbi_mean": -0.01132840383797884}, "geometry": {"type": "Polygon", "coordinates": [[[2.301996820148094, 48.871289535762116], [2.30198476922496, 48.87218880923449], [2.303348009409736, 48.87219675110524], [2.3033600367995772, 48.871297477502246], [2.301996820148094, 48.871289535762116]]]}}, {"type": "Feature", "properties": {"ndvi_mean": 0.10158859938383102, "ndmi_mean": -0.060315608978271484, "ndbi_mean": 0.060315608978271484}, "geometry": {"type": "Polygon", "coordinates": [[[2.3033600367995772, 48.871297477502246], [2.303348009409736, 48.87219675110524], [2.30471125000981, 48.87220467745052], [2.3047232538663383, 48.871305403717116], [2.3033600367995772, 48.871297477502246]]]}}, {"type": "Feature", "properties": {"ndvi_mean": 0.10686394572257996, "ndmi_mean": -0.0846439078450203, "ndbi_mean": 0.0846439078450203}, "geometry": {"type": "Polygon", "coordinates": [[[2.3047232538663383, 48.871305403717116], [2.30471125000981, 48.87220467745052], [2.3060744910243702, 48.8722125882703], [2.306086471347564, 48.87131331440676], [2.3047232538663383, 48.871305403717116]]]}}, {"type": "Feature", "properties": {"ndvi_mean": 0.053231433033943176, "ndmi_mean": -0.134515643119812, "ndbi_mean": 0.134515643119812}, "geometry": {"type": "Polygon", "coordinates": [[[2.306086471347564, 48.87131331440676], [2.3060744910243702, 48.8722125882703], [2.307437732452604, 48.87222048356459], [2.3074496892424423, 48.871321209571185], [2.306086471347564, 48.87131331440676]]]}}, {"type": "Feature", "properties": {"ndvi_mean": 0.059953346848487854, "ndmi_mean": -0.10983442515134811, "ndbi_mean": 0.10983442515134811}, "geometry": {"type": "Polygon", "coordinates": [[[2.3074496892424423, 48.871321209571185], [2.307437732452604, 48.87222048356459], [2.3088009742937, 48.872228363333384], [2.3088129075501604, 48.871329089210356], [2.3074496892424423, 48.871321209571185]]]}}, {"type": "Feature", "properties": {"ndvi_mean": 0.2154998630285263, "ndmi_mean": -0.03508949652314186, "ndbi_mean": 0.03508949652314186}, "geometry": {"type": "Polygon", "coordinates": [[[2.3088129075501604, 48.871329089210356], [2.3088009742937, 48.872228363333384], [2.3101642165468443, 48.872236227576664], [2.3101761262699063, 48.871336953324274], [2.3088129075501604, 48.871329089210356]]]}}, {"type": "Feature", "properties": {"ndvi_mean": 0.12684625387191772, "ndmi_mean": -0.050761569291353226, "ndbi_mean": 0.050761569291353226}, "geometry": {"type": "Polygon", "coordinates": [[[2.3101761262699063, 48.871336953324274], [2.3101642165468443, 48.872236227576664], [2.3115274592112254, 48.87224407629444], [2.311539345400867, 48.87134480191293], [2.3101761262699063, 48.871336953324274]]]}}, {"type": "Feature", "properties": {"ndvi_mean": 0.06864040344953537, "ndmi_mean": -0.05812925845384598, "ndbi_mean": 0.05812925845384598}, "geometry": {"type": "Polygon", "coordinates": [[[2.311539345400867, 48.87134480191293], [2.3115274592112254, 48.87224407629444], [2.31289070228603, 48.8722519094867], [2.31290256494223, 48.87135263497634], [2.311539345400867, 48.87134480191293]]]}}, {"type": "Feature", "properties": {"ndvi_mean": 0.05216830223798752, "ndmi_mean": -0.06662961840629578, "ndbi_mean": 0.06662961840629578}, "geometry": {"type": "Polygon", "coordinates": [[[2.31290256494223, 48.87135263497634], [2.31289070228603, 48.8722519094867], [2.3142539457704463, 48.87225972715343], [2.3142657848931836, 48.87136045251447], [2.31290256494223, 48.87135263497634]]]}}, {"type": "Feature", "properties": {"ndvi_mean": 0.08608835935592651, "ndmi_mean": -0.0021017552353441715, "ndbi_mean": 0.0021017552353441715}, "geometry": {"type": "Polygon", "coordinates": [[[2.3142657848931836, 48.87136045251447], [2.3142539457704463, 48.87225972715343], [2.3156171896636613, 48.872267529294625], [2.3156290052529154, 48.87136825452732], [2.3142657848931836, 48.87136045251447]]]}}, {"type": "Feature", "properties": {"ndvi_mean": 0.07111941277980804, "ndmi_mean": -0.018734140321612358, "ndbi_mean": 0.018734140321612358}, "geometry": {"type": "Polygon", "coordinates": [[[2.3156290052529154, 48.87136825452732], [2.3156171896636613, 48.872267529294625], [2.316980433964863, 48.87227531591029], [2.316992226020612, 48.871376041014884], [2.3156290052529154, 48.87136825452732]]]}}, {"type": "Feature", "properties": {"ndvi_mean": 0.07935591042041779, "ndmi_mean": -0.023945972323417664, "ndbi_mean": 0.023945972323417664}, "geometry": {"type": "Polygon", "coordinates": [[[2.316992226020612, 48.871376041014884], [2.316980433964863, 48.87227531591029], [2.318343678673239, 48.872283087000405], [2.318355447195462, 48.87138381197717], [2.316992226020612, 48.871376041014884]]]}}, {"type": "Feature", "properties": {"ndvi_mean": 0.07602875679731369, "ndmi_mean": -0.034766048192977905, "ndbi_mean": 0.034766048192977905}, "geometry": {"type": "Polygon", "coordinates": [[[2.318355447195462, 48.87138381197717], [2.318343678673239, 48.872283087000405], [2.319706923787976, 48.87229084256496], [2.3197186687766522, 48.87139156741415], [2.318355447195462, 48.87138381197717]]]}}, {"type": "Feature", "properties": {"ndvi_mean": 0.257101446390152, "ndmi_mean": 0.036555591970682144, "ndbi_mean": -0.036555591970682144}, "geometry": {"type": "Polygon", "coordinates": [[[2.3197186687766522, 48.87139156741415], [2.319706923787976, 48.87229084256496], [2.3210701693082627, 48.872298582603975], [2.3210818907633706, 48.87139930732584], [2.3197186687766522, 48.87139156741415]]]}}, {"type": "Feature", "properties": {"ndvi_mean": 0.2119833528995514, "ndmi_mean": 0.030555909499526024, "ndbi_mean": -0.030555909499526024}, "geometry": {"type": "Polygon", "coordinates": [[[2.3210818907633706, 48.87139930732584], [2.3210701693082627, 48.872298582603975], [2.3224334152332857, 48.872306307117405], [2.3224451131548043, 48.8714070317122], [2.3210818907633706, 48.87139930732584]]]}}, {"type": "Feature", "properties": {"ndvi_mean": 0.03436952084302902, "ndmi_mean": -0.0842987447977066, "ndbi_mean": 0.0842987447977066}, "geometry": {"type": "Polygon", "coordinates": [[[2.3224451131548043, 48.8714070317122], [2.3224334152332857, 48.872306307117405], [2.3237966615622327, 48.872314016105264], [2.3238083359501416, 48.87141474057324], [2.3224451131548043, 48.8714070317122]]]}}, {"type": "Feature", "properties": {"ndvi_mean": 0.01274070143699646, "ndmi_mean": -0.014332533814013004, "ndbi_mean": 0.014332533814013004}, "geometry": {"type": "Polygon", "coordinates": [[[2.3238083359501416, 48.87141474057324], [2.3237966615622327, 48.872314016105264], [2.325159908294291, 48.87232170956755], [2.3251715591485693, 48.87142243390898], [2.3238083359501416, 48.87141474057324]]]}}, {"type": "Feature", "properties": {"ndvi_mean": 0.18293623626232147, "ndmi_mean": 0.02659710869193077, "ndbi_mean": -0.02659710869193077}, "geometry": {"type": "Polygon", "coordinates": [[[2.3251715591485693, 48.87142243390898], [2.325159908294291, 48.87232170956755], [2.3265231554286485, 48.87232938750426], [2.3265347827492753, 48.871430111719384], [2.3251715591485693, 48.87142243390898]]]}}, {"type": "Feature", "properties": {"ndvi_mean": 0.004488085396587849, "ndmi_mean": -0.11118557304143906, "ndbi_mean": 0.11118557304143906}, "geometry": {"type": "Polygon", "coordinates": [[[2.3265347827492753, 48.871430111719384], [2.3265231554286485, 48.87232938750426], [2.327886402964493, 48.87233704991536], [2.327898006751447, 48.87143777400445], [2.3265347827492753, 48.871430111719384]]]}}, {"type": "Feature", "properties": {"ndvi_mean": -0.0018501980230212212, "ndmi_mean": -0.08913467079401016, "ndbi_mean": 0.08913467079401016}, "geometry": {"type": "Polygon", "coordinates": [[[2.327898006751447, 48.87143777400445], [2.327886402964493, 48.87233704991536], [2.3292496509010117, 48.872344696800866], [2.3292612311542724, 48.87144542076417], [2.327898006751447, 48.87143777400445]]]}}, {"type": "Feature", "properties": {"ndvi_mean": 0.0002241936163045466, "ndmi_mean": -0.061804041266441345, "ndbi_mean": 0.061804041266441345}, "geometry": {"type": "Polygon", "coordinates": [[[2.3292612311542724, 48.87144542076417], [2.3292496509010117, 48.872344696800866], [2.330612899237392, 48.87235232816079], [2.330624455956939, 48.87145305199854], [2.3292612311542724, 48.87144542076417]]]}}, {"type": "Feature", "properties": {"ndvi_mean": 0.027489515021443367, "ndmi_mean": -0.08952409774065018, "ndbi_mean": 0.08952409774065018}, "geometry": {"type": "Polygon", "coordinates": [[[2.330624455956939, 48.87145305199854], [2.330612899237392, 48.87235232816079], [2.3319761479728207, 48.872359943995086], [2.3319876811586338, 48.87146066770755], [2.330624455956939, 48.87145305199854]]]}}, {"type": "Feature", "properties": {"ndvi_mean": 0.04075786471366882, "ndmi_mean": -0.09230048954486847, "ndbi_mean": 0.09230048954486847}, "geometry": {"type": "Polygon", "coordinates": [[[2.3319876811586338, 48.87146066770755], [2.3319761479728207, 48.872359943995086], [2.333339397106487, 48.87236754430375], [2.3333509067585445, 48.87146826789122], [2.3319876811586338, 48.87146066770755]]]}}, {"type": "Feature", "properties": {"ndvi_mean": 0.038279272615909576, "ndmi_mean": -0.07819673418998718, "ndbi_mean": 0.07819673418998718}, "geometry": {"type": "Polygon", "coordinates": [[[2.3333509067585445, 48.87146826789122], [2.333339397106487, 48.87236754430375], [2.3347026466375773, 48.87237512908681], [2.3347141327558587, 48.87147585254949], [2.3333509067585445, 48.87146826789122]]]}}, {"type": "Feature", "properties": {"ndvi_mean": 0.0140023622661829, "ndmi_mean": -0.06240036338567734, "ndbi_mean": 0.06240036338567734}, "geometry": {"type": "Polygon", "coordinates": [[[2.3347141327558587, 48.87147585254949], [2.3347026466375773, 48.87237512908681], [2.3360658965652794, 48.87238269834423], [2.3360773591497646, 48.871483421682406], [2.3347141327558587, 48.87147585254949]]]}}, {"type": "Feature", "properties": {"ndvi_mean": 0.2044491469860077, "ndmi_mean": 0.038383692502975464, "ndbi_mean": -0.038383692502975464}, "geometry": {"type": "Polygon", "coordinates": [[[2.2842873982659824, 48.87028560786447], [2.284275041838684, 48.87118488034856], [2.2856382530176336, 48.87119302391592], [2.285650585912736, 48.87029375129791], [2.2842873982659824, 48.87028560786447]]]}}, {"type": "Feature", "properties": {"ndvi_mean": 0.21210165321826935, "ndmi_mean": -0.013103102333843708, "ndbi_mean": 0.013103102333843708}, "geometry": {"type": "Polygon", "coordinates": [[[2.285650585912736, 48.87029375129791], [2.2856382530176336, 48.87119302391592], [2.287001464622422, 48.8712011519582], [2.2870137739853065, 48.870301879206444], [2.285650585912736, 48.87029375129791]]]}}, {"type": "Feature", "properties": {"ndvi_mean": 0.1275302916765213, "ndmi_mean": -0.10990925133228302, "ndbi_mean": 0.10990925133228302}, "geometry": {"type": "Polygon", "coordinates": [[[2.2870137739853065, 48.870301879206444], [2.287001464622422, 48.8712011519582], [2.2883646766522365, 48.871209264475304], [2.2883769624828814, 48.87030999159011], [2.2870137739853065, 48.870301879206444]]]}}, {"type": "Feature", "properties": {"ndvi_mean": 0.10246187448501587, "ndmi_mean": -0.07824864983558655, "ndbi_mean": 0.07824864983558655}, "geometry": {"type": "Polygon", "coordinates": [[[2.2883769624828814, 48.87030999159011], [2.2883646766522365, 48.871209264475304], [2.289727889106265, 48.87121736146726], [2.2897401514046476, 48.870318088448876], [2.2883769624828814, 48.87030999159011]]]}}, {"type": "Feature", "properties": {"ndvi_mean": 0.12713584303855896, "ndmi_mean": -0.05794404819607735, "ndbi_mean": 0.05794404819607735}, "geometry": {"type": "Polygon", "coordinates": [[[2.2897401514046476, 48.870318088448876], [2.289727889106265, 48.87121736146726], [2.2910911019836946, 48.87122544293408], [2.2911033407497934, 48.87032616978274], [2.2897401514046476, 48.870318088448876]]]}}, {"type": "Feature", "properties": {"ndvi_mean": 0.04954324662685394, "ndmi_mean": -0.035831063985824585, "ndbi_mean": 0.035831063985824585}, "geometry": {"type": "Polygon", "coordinates": [[[2.2911033407497934, 48.87032616978274], [2.2910911019836946, 48.87122544293408], [2.2924543152837136, 48.87123350887571], [2.2924665305175065, 48.87033423559171], [2.2911033407497934, 48.87032616978274]]]}}, {"type": "Feature", "properties": {"ndvi_mean": 0.29619869589805603, "ndmi_mean": 0.06703203916549683, "ndbi_mean": -0.06703203916549683}, "geometry": {"type": "Polygon", "coordinates": [[[2.2924665305175065, 48.87033423559171], [2.2924543152837136, 48.87123350887571], [2.293817529005509, 48.8712415592922], [2.2938297207069747, 48.87034228587576], [2.2924665305175065, 48.87033423559171]]]}}, {"type": "Feature", "properties": {"ndvi_mean": 0.09410955756902695, "ndmi_mean": -0.05185544863343239, "ndbi_mean": 0.05185544863343239}, "geometry": {"type": "Polygon", "coordinates": [[[2.2938297207069747, 48.87034228587576], [2.293817529005509, 48.8712415592922], [2.2951807431482685, 48.871249594183496], [2.295192911317385, 48.87035032063489], [2.2938297207069747, 48.87034228587576]]]}}, {"type": "Feature", "properties": {"ndvi_mean": 0.2251708209514618, "ndmi_mean": 0.0011350162094458938, "ndbi_mean": -0.0011350162094458938}, "geometry": {"type": "Polygon", "coordinates": [[[2.295192911317385, 48.87035032063489], [2.2951807431482685, 48.871249594183496], [2.29654395771118, 48.8712576135496], [2.2965561023479246, 48.870358339869085], [2.295192911317385, 48.87035032063489]]]}}, {"type": "Feature", "properties": {"ndvi_mean": 0.15756000578403473, "ndmi_mean": -0.03370517119765282, "ndbi_mean": 0.03370517119765282}, "geometry": {"type": "Polygon", "coordinates": [[[2.2965561023479246, 48.870358339869085], [2.29654395771118, 48.8712576135496], [2.29790717269343, 48.871265617390556], [2.2979192937977824, 48.870366343578354], [2.2965561023479246, 48.870358339869085]]]}}, {"type": "Feature", "properties": {"ndvi_mean": 0.07580428570508957, "ndmi_mean": -0.058723513036966324, "ndbi_mean": 0.058723513036966324}, "geometry": {"type": "Polygon", "coordinates": [[[2.2979192937977824, 48.870366343578354], [2.29790717269343, 48.871265617390556], [2.2992703880942074, 48.87127360570628], [2.2992824856661453, 48.87037433176268], [2.2979192937977824, 48.870366343578354]]]}}, {"type": "Feature", "properties": {"ndvi_mean": 0.049236223101615906, "ndmi_mean": -0.09170527756214142, "ndbi_mean": 0.09170527756214142}, "geometry": {"type": "Polygon", "coordinates": [[[2.2992824856661453, 48.87037433176268], [2.2992703880942074, 48.87127360570628], [2.3006336039126998, 48.871281578496806], [2.3006456779522013, 48.870382304422066], [2.2992824856661453, 48.87037433176268]]]}}, {"type": "Feature", "properties": {"ndvi_mean": 0.22405652701854706, "ndmi_mean": 0.003595891408622265, "ndbi_mean": -0.003595891408622265}, "geometry": {"type": "Polygon", "coordinates": [[[2.3006456779522013, 48.870382304422066], [2.3006336039126998, 48.871281578496806], [2.301996820148094, 48.871289535762116], [2.3020088706551376, 48.87039026155649], [2.3006456779522013, 48.870382304422066]]]}}, {"type": "Feature", "properties": {"ndvi_mean": 0.22384706139564514, "ndmi_mean": 0.033797599375247955, "ndbi_mean": -0.033797599375247955}, "geometry": {"type": "Polygon", "coordinates": [[[2.3020088706551376, 48.87039026155649], [2.301996820148094, 48.871289535762116], [2.3033600367995772, 48.871297477502246], [2.303372063774142, 48.87039820316595], [2.3020088706551376, 48.87039026155649]]]}}, {"type": "Feature", "properties": {"ndvi_mean": 0.33082467317581177, "ndmi_mean": 0.11946804821491241, "ndbi_mean": -0.11946804821491241}, "geometry": {"type": "Polygon", "coordinates": [[[2.303372063774142, 48.87039820316595], [2.3033600367995772, 48.871297477502246], [2.3047232538663383, 48.871305403717116], [2.304735257308402, 48.870406129250455], [2.303372063774142, 48.87039820316595]]]}}, {"type": "Feature", "properties": {"ndvi_mean": 0.27130094170570374, "ndmi_mean": 0.04209936037659645, "ndbi_mean": -0.04209936037659645}, "geometry": {"type": "Polygon", "coordinates": [[[2.304735257308402, 48.870406129250455], [2.3047232538663383, 48.871305403717116], [2.306086471347564, 48.87131331440676], [2.306098451257106, 48.87041403980997], [2.304735257308402, 48.870406129250455]]]}}, {"type": "Feature", "properties": {"ndvi_mean": 0.1248435527086258, "ndmi_mean": -0.13350911438465118, "ndbi_mean": 0.13350911438465118}, "geometry": {"type": "Polygon", "coordinates": [[[2.306098451257106, 48.87041403980997], [2.306086471347564, 48.87131331440676], [2.3074496892424423, 48.871321209571185], [2.30746164561944, 48.870421934844515], [2.306098451257106, 48.87041403980997]]]}}, {"type": "Feature", "properties": {"ndvi_mean": 0.04228556528687477, "ndmi_mean": -0.09021969884634018, "ndbi_mean": 0.09021969884634018}, "geometry": {"type": "Polygon", "coordinates": [[[2.30746164561944, 48.870421934844515], [2.3074496892424423, 48.871321209571185], [2.3088129075501604, 48.871329089210356], [2.308824840394593, 48.870429814354054], [2.30746164561944, 48.870421934844515]]]}}, {"type": "Feature", "properties": {"ndvi_mean": 0.17876672744750977, "ndmi_mean": 0.0021323596592992544, "ndbi_mean": -0.0021323596592992544}, "geometry": {"type": "Polygon", "coordinates": [[[2.308824840394593, 48.870429814354054], [2.3088129075501604, 48.871329089210356], [2.3101761262699063, 48.871336953324274], [2.310188035581753, 48.87043767833863], [2.308824840394593, 48.870429814354054]]]}}, {"type": "Feature", "properties": {"ndvi_mean": 0.05189602077007294, "ndmi_mean": -0.07355087250471115, "ndbi_mean": 0.07355087250471115}, "geometry": {"type": "Polygon", "coordinates": [[[2.310188035581753, 48.87043767833863], [2.3101761262699063, 48.871336953324274], [2.311539345400867, 48.87134480191293], [2.3115512311801054, 48.87044552679818], [2.310188035581753, 48.87043767833863]]]}}, {"type": "Feature", "properties": {"ndvi_mean": 0.1546735018491745, "ndmi_mean": -0.003848129417747259, "ndbi_mean": 0.003848129417747259}, "geometry": {"type": "Polygon", "coordinates": [[[2.3115512311801054, 48.87044552679818], [2.311539345400867, 48.87134480191293], [2.31290256494223, 48.87135263497634], [2.31291442718884, 48.87045335973272], [2.3115512311801054, 48.87044552679818]]]}}, {"type": "Feature", "properties": {"ndvi_mean": 0.19682638347148895, "ndmi_mean": -0.003169423434883356, "ndbi_mean": 0.003169423434883356}, "geometry": {"type": "Polygon", "coordinates": [[[2.31291442718884, 48.87045335973272], [2.31290256494223, 48.87135263497634], [2.3142657848931836, 48.87136045251447], [2.3142776236071434, 48.87046117714225], [2.31291442718884, 48.87045335973272]]]}}, {"type": "Feature", "properties": {"ndvi_mean": 0.14443375170230865, "ndmi_mean": 0.0013496092287823558, "ndbi_mean": -0.0013496092287823558}, "geometry": {"type": "Polygon", "coordinates": [[[2.3142776236071434, 48.87046117714225], [2.3142657848931836, 48.87136045251447], [2.3156290052529154, 48.87136825452732], [2.315640820434204, 48.87046897902676], [2.3142776236071434, 48.87046117714225]]]}}, {"type": "Feature", "properties": {"ndvi_mean": 0.15076130628585815, "ndmi_mean": -0.0004771825624629855, "ndbi_mean": 0.0004771825624629855}, "geometry": {"type": "Polygon", "coordinates": [[[2.315640820434204, 48.87046897902676], [2.3156290052529154, 48.87136825452732], [2.316992226020612, 48.871376041014884], [2.317004017669208, 48.87047676538625], [2.315640820434204, 48.87046897902676]]]}}, {"type": "Feature", "properties": {"ndvi_mean": 0.04868633300065994, "ndmi_mean": -0.052340298891067505, "ndbi_mean": 0.052340298891067505}, "geometry": {"type": "Polygon", "coordinates": [[[2.317004017669208, 48.87047676538625], [2.316992226020612, 48.871376041014884], [2.318355447195462, 48.87138381197717], [2.318367215311344, 48.870484536220694], [2.317004017669208, 48.87047676538625]]]}}, {"type": "Feature", "properties": {"ndvi_mean": 0.09763359278440475, "ndmi_mean": -0.00907489936798811, "ndbi_mean": 0.00907489936798811}, "geometry": {"type": "Polygon", "coordinates": [[[2.318367215311344, 48.870484536220694], [2.318355447195462, 48.87138381197717], [2.3197186687766522, 48.87139156741415], [2.3197304133598, 48.87049229153009], [2.318367215311344, 48.870484536220694]]]}}, {"type": "Feature", "properties": {"ndvi_mean": 0.052604470402002335, "ndmi_mean": -0.07191023975610733, "ndbi_mean": 0.07191023975610733}, "geometry": {"type": "Polygon", "coordinates": [[[2.3197304133598, 48.87049229153009], [2.3197186687766522, 48.87139156741415], [2.3210818907633706, 48.87139930732584], [2.321093611813763, 48.87050003131446], [2.3197304133598, 48.87049229153009]]]}}, {"type": "Feature", "properties": {"ndvi_mean": 0.06500754505395889, "ndmi_mean": -0.06578832864761353, "ndbi_mean": 0.06578832864761353}, "geometry": {"type": "Polygon", "coordinates": [[[2.321093611813763, 48.87050003131446], [2.3210818907633706, 48.87139930732584], [2.3224451131548043, 48.8714070317122], [2.32245681067242, 48.87050775557376], [2.321093611813763, 48.87050003131446]]]}}, {"type": "Feature", "properties": {"ndvi_mean": 0.16616618633270264, "ndmi_mean": -0.0031088462565094233, "ndbi_mean": 0.0031088462565094233}, "geometry": {"type": "Polygon", "coordinates": [[[2.32245681067242, 48.87050775557376], [2.3224451131548043, 48.8714070317122], [2.3238083359501416, 48.87141474057324], [2.32382000993496, 48.870515464308006], [2.32245681067242, 48.87050775557376]]]}}, {"type": "Feature", "properties": {"ndvi_mean": 0.08056599646806717, "ndmi_mean": -0.04409187659621239, "ndbi_mean": 0.04409187659621239}, "geometry": {"type": "Polygon", "coordinates": [[[2.32382000993496, 48.870515464308006], [2.3238083359501416, 48.87141474057324], [2.3251715591485693, 48.87142243390898], [2.3251832096005693, 48.87052315751718], [2.32382000993496, 48.870515464308006]]]}}, {"type": "Feature", "properties": {"ndvi_mean": 0.0823121964931488, "ndmi_mean": -0.03153345361351967, "ndbi_mean": 0.03153345361351967}, "geometry": {"type": "Polygon", "coordinates": [[[2.3251832096005693, 48.87052315751718], [2.3251715591485693, 48.87142243390898], [2.3265347827492753, 48.871430111719384], [2.3265464096684365, 48.870530835201286], [2.3251832096005693, 48.87052315751718]]]}}, {"type": "Feature", "properties": {"ndvi_mean": 0.03580359369516373, "ndmi_mean": -0.09052769839763641, "ndbi_mean": 0.09052769839763641}, "geometry": {"type": "Polygon", "coordinates": [[[2.3265464096684365, 48.870530835201286], [2.3265347827492753, 48.871430111719384], [2.327898006751447, 48.87143777400445], [2.3279096101377483, 48.87053849736031], [2.3265464096684365, 48.870530835201286]]]}}, {"type": "Feature", "properties": {"ndvi_mean": 0.05417171120643616, "ndmi_mean": -0.04642241448163986, "ndbi_mean": 0.04642241448163986}, "geometry": {"type": "Polygon", "coordinates": [[[2.3279096101377483, 48.87053849736031], [2.327898006751447, 48.87143777400445], [2.3292612311542724, 48.87144542076417], [2.3292728110076926, 48.870546143994225], [2.3279096101377483, 48.87053849736031]]]}}, {"type": "Feature", "properties": {"ndvi_mean": 0.01688414253294468, "ndmi_mean": -0.1099623516201973, "ndbi_mean": 0.1099623516201973}, "geometry": {"type": "Polygon", "coordinates": [[[2.3292728110076926, 48.870546143994225], [2.3292612311542724, 48.87144542076417], [2.330624455956939, 48.87145305199854], [2.3306360122774574, 48.870553775103076], [2.3292728110076926, 48.870546143994225]]]}}, {"type": "Feature", "properties": {"ndvi_mean": 0.05526414513587952, "ndmi_mean": -0.04400712996721268, "ndbi_mean": 0.04400712996721268}, "geometry": {"type": "Polygon", "coordinates": [[[2.3306360122774574, 48.870553775103076], [2.330624455956939, 48.87145305199854], [2.3319876811586338, 48.87146066770755], [2.33199921394623, 48.870561390686795], [2.3306360122774574, 48.870553775103076]]]}}, {"type": "Feature", "properties": {"ndvi_mean": 0.11854808777570724, "ndmi_mean": -0.028160832822322845, "ndbi_mean": 0.028160832822322845}, "geometry": {"type": "Polygon", "coordinates": [[[2.33199921394623, 48.870561390686795], [2.3319876811586338, 48.87146066770755], [2.3333509067585445, 48.87146826789122], [2.3333624160131983, 48.87056899074544], [2.33199921394623, 48.870561390686795]]]}}, {"type": "Feature", "properties": {"ndvi_mean": 0.18402403593063354, "ndmi_mean": 0.004657198209315538, "ndbi_mean": -0.004657198209315538}, "geometry": {"type": "Polygon", "coordinates": [[[2.3333624160131983, 48.87056899074544], [2.3333509067585445, 48.87146826789122], [2.3347141327558587, 48.87147585254949], [2.3347256184775493, 48.87057657527895], [2.3333624160131983, 48.87056899074544]]]}}, {"type": "Feature", "properties": {"ndvi_mean": 0.16155679523944855, "ndmi_mean": -0.042748503386974335, "ndbi_mean": 0.042748503386974335}, "geometry": {"type": "Polygon", "coordinates": [[[2.3347256184775493, 48.87057657527895], [2.3347141327558587, 48.87147585254949], [2.3360773591497646, 48.871483421682406], [2.336088821338471, 48.87058414428735], [2.3347256184775493, 48.87057657527895]]]}}, {"type": "Feature", "properties": {"ndvi_mean": 0.29739436507225037, "ndmi_mean": 0.09587781131267548, "ndbi_mean": -0.09587781131267548}, "geometry": {"type": "Polygon", "coordinates": [[[2.284299754266651, 48.869386334647324], [2.2842873982659824, 48.87028560786447], [2.285650585912736, 48.87029375129791], [2.285662918382022, 48.869394477946784], [2.284299754266651, 48.869386334647324]]]}}, {"type": "Feature", "properties": {"ndvi_mean": 0.1715506911277771, "ndmi_mean": 0.020972564816474915, "ndbi_mean": -0.020972564816474915}, "geometry": {"type": "Polygon", "coordinates": [[[2.285662918382022, 48.869394477946784], [2.285650585912736, 48.87029375129791], [2.2870137739853065, 48.870301879206444], [2.2870260829231865, 48.86940260572163], [2.285662918382022, 48.869394477946784]]]}}, {"type": "Feature", "properties": {"ndvi_mean": 0.08393781632184982, "ndmi_mean": -0.08741039037704468, "ndbi_mean": 0.08741039037704468}, "geometry": {"type": "Polygon", "coordinates": [[[2.2870260829231865, 48.86940260572163], [2.2870137739853065, 48.870301879206444], [2.2883769624828814, 48.87030999159011], [2.288389247889334, 48.86941071797185], [2.2870260829231865, 48.86940260572163]]]}}, {"type": "Feature", "properties": {"ndvi_mean": 0.052141834050416946, "ndmi_mean": -0.22469472885131836, "ndbi_mean": 0.22469472885131836}, "geometry": {"type": "Polygon", "coordinates": [[[2.288389247889334, 48.86941071797185], [2.2883769624828814, 48.87030999159011], [2.2897401514046476, 48.870318088448876], [2.2897524132796505, 48.86941881469743], [2.288389247889334, 48.86941071797185]]]}}, {"type": "Feature", "properties": {"ndvi_mean": 0.12059507519006729, "ndmi_mean": -0.08080989867448807, "ndbi_mean": 0.08080989867448807}, "geometry": {"type": "Polygon", "coordinates": [[[2.2897524132796505, 48.86941881469743], [2.2897401514046476, 48.870318088448876], [2.2911033407497934, 48.87032616978274], [2.2911155790933253, 48.86942689589836], [2.2897524132796505, 48.86941881469743]]]}}, {"type": "Feature", "properties": {"ndvi_mean": 0.22172574698925018, "ndmi_mean": 0.005651826970279217, "ndbi_mean": -0.005651826970279217}, "geometry": {"type": "Polygon", "coordinates": [[[2.2911155790933253, 48.86942689589836], [2.2911033407497934, 48.87032616978274], [2.2924665305175065, 48.87033423559171], [2.292478745329545, 48.86943496157463], [2.2911155790933253, 48.86942689589836]]]}}, {"type": "Feature", "properties": {"ndvi_mean": 0.09237904846668243, "ndmi_mean": -0.04339097812771797, "ndbi_mean": 0.04339097812771797}, "geometry": {"type": "Polygon", "coordinates": [[[2.292478745329545, 48.86943496157463], [2.2924665305175065, 48.87033423559171], [2.2938297207069747, 48.87034228587576], [2.2938419119874975, 48.86944301172626], [2.292478745329545, 48.86943496157463]]]}}, {"type": "Feature", "properties": {"ndvi_mean": 0.12345868349075317, "ndmi_mean": -0.06861171871423721, "ndbi_mean": 0.06861171871423721}, "geometry": {"type": "Polygon", "coordinates": [[[2.2938419119874975, 48.86944301172626], [2.2938297207069747, 48.87034228587576], [2.295192911317385, 48.87035032063489], [2.295205079066371, 48.86945104635323], [2.2938419119874975, 48.86944301172626]]]}}, {"type": "Feature", "properties": {"ndvi_mean": 0.23440976440906525, "ndmi_mean": 0.0571347251534462, "ndbi_mean": -0.0571347251534462}, "geometry": {"type": "Polygon", "coordinates": [[[2.295205079066371, 48.86945104635323], [2.295192911317385, 48.87035032063489], [2.2965561023479246, 48.870358339869085], [2.2965682465653523, 48.8694590654555], [2.295205079066371, 48.86945104635323]]]}}, {"type": "Feature", "properties": {"ndvi_mean": 0.06448766589164734, "ndmi_mean": -0.034985192120075226, "ndbi_mean": 0.034985192120075226}, "geometry": {"type": "Polygon", "coordinates": [[[2.2965682465653523, 48.8694590654555], [2.2965561023479246, 48.870358339869085], [2.2979192937977824, 48.870366343578354], [2.2979314144836294, 48.86946706903312], [2.2965682465653523, 48.8694590654555]]]}}, {"type": "Feature", "properties": {"ndvi_mean": 0.20416802167892456, "ndmi_mean": 0.013370868749916553, "ndbi_mean": -0.013370868749916553}, "geometry": {"type": "Polygon", "coordinates": [[[2.2979314144836294, 48.86946706903312], [2.2979192937977824, 48.870366343578354], [2.2992824856661453, 48.87037433176268], [2.2992945828203903, 48.869475057086035], [2.2979314144836294, 48.86946706903312]]]}}, {"type": "Feature", "properties": {"ndvi_mean": 0.043120160698890686, "ndmi_mean": -0.06191100925207138, "ndbi_mean": 0.06191100925207138}, "geometry": {"type": "Polygon", "coordinates": [[[2.2992945828203903, 48.869475057086035], [2.2992824856661453, 48.87037433176268], [2.3006456779522013, 48.870382304422066], [2.3006577515748226, 48.86948302961427], [2.2992945828203903, 48.869475057086035]]]}}, {"type": "Feature", "properties": {"ndvi_mean": 0.1638193279504776, "ndmi_mean": -0.013227014802396297, "ndbi_mean": 0.013227014802396297}, "geometry": {"type": "Polygon", "coordinates": [[[2.3006577515748226, 48.86948302961427], [2.3006456779522013, 48.870382304422066], [2.3020088706551376, 48.87039026155649], [2.3020209207461133, 48.869490986617805], [2.3006577515748226, 48.86948302961427]]]}}, {"type": "Feature", "properties": {"ndvi_mean": 0.017648307606577873, "ndmi_mean": -0.06302569061517715, "ndbi_mean": 0.06302569061517715}, "geometry": {"type": "Polygon", "coordinates": [[[2.3020209207461133, 48.869490986617805], [2.3020088706551376, 48.87039026155649], [2.303372063774142, 48.87039820316595], [2.303384090333451, 48.86949892809663], [2.3020209207461133, 48.869490986617805]]]}}, {"type": "Feature", "properties": {"ndvi_mean": 0.013802746310830116, "ndmi_mean": -0.06860083341598511, "ndbi_mean": 0.06860083341598511}, "geometry": {"type": "Polygon", "coordinates": [[[2.303384090333451, 48.86949892809663], [2.303372063774142, 48.87039820316595], [2.304735257308402, 48.870406129250455], [2.304747260336023, 48.86950685405074], [2.303384090333451, 48.86949892809663]]]}}, {"type": "Feature", "properties": {"ndvi_mean": 0.17801286280155182, "ndmi_mean": -0.005672757513821125, "ndbi_mean": 0.005672757513821125}, "geometry": {"type": "Polygon", "coordinates": [[[2.304747260336023, 48.86950685405074], [2.304735257308402, 48.870406129250455], [2.306098451257106, 48.87041403980997], [2.3061104307530167, 48.86951476448014], [2.304747260336023, 48.86950685405074]]]}}, {"type": "Feature", "properties": {"ndvi_mean": 0.3010128140449524, "ndmi_mean": 0.0749199166893959, "ndbi_mean": -0.0749199166893959}, "geometry": {"type": "Polygon", "coordinates": [[[2.3061104307530167, 48.86951476448014], [2.306098451257106, 48.87041403980997], [2.30746164561944, 48.870421934844515], [2.3074736015836197, 48.8695226593848], [2.3061104307530167, 48.86951476448014]]]}}, {"type": "Feature", "properties": {"ndvi_mean": 0.22025024890899658, "ndmi_mean": 0.022745663300156593, "ndbi_mean": -0.022745663300156593}, "geometry": {"type": "Polygon", "coordinates": [[[2.3074736015836197, 48.8695226593848], [2.30746164561944, 48.870421934844515], [2.308824840394593, 48.870429814354054], [2.30883677282702, 48.86953053876474], [2.3074736015836197, 48.8695226593848]]]}}, {"type": "Feature", "properties": {"ndvi_mean": 0.24949489533901215, "ndmi_mean": 0.0630863681435585, "ndbi_mean": -0.0630863681435585}, "geometry": {"type": "Polygon", "coordinates": [[[2.30883677282702, 48.86953053876474], [2.308824840394593, 48.870429814354054], [2.310188035581753, 48.87043767833863], [2.3101999444824055, 48.86953840261993], [2.30883677282702, 48.86953053876474]]]}}, {"type": "Feature", "properties": {"ndvi_mean": 0.121529720723629, "ndmi_mean": -0.020748507231473923, "ndbi_mean": 0.020748507231473923}, "geometry": {"type": "Polygon", "coordinates": [[[2.3101999444824055, 48.86953840261993], [2.310188035581753, 48.87043767833863], [2.3115512311801054, 48.87044552679818], [2.311563116548963, 48.86954625095037], [2.3101999444824055, 48.86953840261993]]]}}, {"type": "Feature", "properties": {"ndvi_mean": 0.33298537135124207, "ndmi_mean": 0.0286321472376585, "ndbi_mean": -0.0286321472376585}, "geometry": {"type": "Polygon", "coordinates": [[[2.311563116548963, 48.86954625095037], [2.3115512311801054, 48.87044552679818], [2.31291442718884, 48.87045335973272], [2.3129262890258806, 48.86955408375608], [2.311563116548963, 48.86954625095037]]]}}, {"type": "Feature", "properties": {"ndvi_mean": 0.1021517738699913, "ndmi_mean": -0.018764225766062737, "ndbi_mean": 0.018764225766062737}, "geometry": {"type": "Polygon", "coordinates": [[[2.3129262890258806, 48.86955408375608], [2.31291442718884, 48.87045335973272], [2.3142776236071434, 48.87046117714225], [2.3142894619123466, 48.86956190103701], [2.3129262890258806, 48.86955408375608]]]}}, {"type": "Feature", "properties": {"ndvi_mean": 0.459725558757782, "ndmi_mean": 0.1140349954366684, "ndbi_mean": -0.1140349954366684}, "geometry": {"type": "Polygon", "coordinates": [[[2.3142894619123466, 48.86956190103701], [2.3142776236071434, 48.87046117714225], [2.315640820434204, 48.87046897902676], [2.315652635207548, 48.86956970279318], [2.3142894619123466, 48.86956190103701]]]}}, {"type": "Feature", "properties": {"ndvi_mean": 0.35584139823913574, "ndmi_mean": 0.09916539490222931, "ndbi_mean": -0.09916539490222931}, "geometry": {"type": "Polygon", "coordinates": [[[2.315652635207548, 48.86956970279318], [2.315640820434204, 48.87046897902676], [2.317004017669208, 48.87047676538625], [2.3170158089106723, 48.869577489024586], [2.315652635207548, 48.86956970279318]]]}}, {"type": "Feature", "properties": {"ndvi_mean": 0.0933845117688179, "ndmi_mean": -0.02539924904704094, "ndbi_mean": 0.02539924904704094}, "geometry": {"type": "Polygon", "coordinates": [[[2.3170158089106723, 48.869577489024586], [2.317004017669208, 48.87047676538625], [2.318367215311344, 48.870484536220694], [2.3183789830209074, 48.869585259731195], [2.3170158089106723, 48.869577489024586]]]}}, {"type": "Feature", "properties": {"ndvi_mean": 0.08909880369901657, "ndmi_mean": -0.04304204508662224, "ndbi_mean": 0.04304204508662224}, "geometry": {"type": "Polygon", "coordinates": [[[2.3183789830209074, 48.869585259731195], [2.318367215311344, 48.870484536220694], [2.3197304133598, 48.87049229153009], [2.319742157537441, 48.86959301491302], [2.3183789830209074, 48.869585259731195]]]}}, {"type": "Feature", "properties": {"ndvi_mean": 0.1351015865802765, "ndmi_mean": -0.04320134222507477, "ndbi_mean": 0.04320134222507477}, "geometry": {"type": "Polygon", "coordinates": [[[2.319742157537441, 48.86959301491302], [2.3197304133598, 48.87049229153009], [2.321093611813763, 48.87050003131446], [2.32110533245946, 48.86960075457008], [2.319742157537441, 48.86959301491302]]]}}, {"type": "Feature", "properties": {"ndvi_mean": 0.09578468650579453, "ndmi_mean": -0.04146066680550575, "ndbi_mean": 0.04146066680550575}, "geometry": {"type": "Polygon", "coordinates": [[[2.32110533245946, 48.86960075457008], [2.321093611813763, 48.87050003131446], [2.32245681067242, 48.87050775557376], [2.3224685077861533, 48.86960847870231], [2.32110533245946, 48.86960075457008]]]}}, {"type": "Feature", "properties": {"ndvi_mean": 0.21304219961166382, "ndmi_mean": 0.01887137070298195, "ndbi_mean": -0.01887137070298195}, "geometry": {"type": "Polygon", "coordinates": [[[2.3224685077861533, 48.86960847870231], [2.32245681067242, 48.87050775557376], [2.32382000993496, 48.870515464308006], [2.3238316835167083, 48.86961618730975], [2.3224685077861533, 48.86960847870231]]]}}, {"type": "Feature", "properties": {"ndvi_mean": 0.26722824573516846, "ndmi_mean": 0.0028458447195589542, "ndbi_mean": -0.0028458447195589542}, "geometry": {"type": "Polygon", "coordinates": [[[2.3238316835167083, 48.86961618730975], [2.32382000993496, 48.870515464308006], [2.3251832096005693, 48.87052315751718], [2.3251948596503116, 48.86962388039236], [2.3238316835167083, 48.86961618730975]]]}}, {"type": "Feature", "properties": {"ndvi_mean": 0.15894441306591034, "ndmi_mean": -0.023423414677381516, "ndbi_mean": 0.023423414677381516}, "geometry": {"type": "Polygon", "coordinates": [[[2.3251948596503116, 48.86962388039236], [2.3251832096005693, 48.87052315751718], [2.3265464096684365, 48.870530835201286], [2.3265580361861518, 48.869631557950164], [2.3251948596503116, 48.86962388039236]]]}}, {"type": "Feature", "properties": {"ndvi_mean": 0.17453084886074066, "ndmi_mean": 0.006291972938925028, "ndbi_mean": -0.006291972938925028}, "geometry": {"type": "Polygon", "coordinates": [[[2.3265580361861518, 48.869631557950164], [2.3265464096684365, 48.870530835201286], [2.3279096101377483, 48.87053849736031], [2.327921213123416, 48.86963921998314], [2.3265580361861518, 48.869631557950164]]]}}, {"type": "Feature", "properties": {"ndvi_mean": 0.19134168326854706, "ndmi_mean": 0.034075018018484116, "ndbi_mean": -0.034075018018484116}, "geometry": {"type": "Polygon", "coordinates": [[[2.327921213123416, 48.86963921998314], [2.3279096101377483, 48.87053849736031], [2.3292728110076926, 48.870546143994225], [2.3292843904612925, 48.86964686649129], [2.327921213123416, 48.86963921998314]]]}}, {"type": "Feature", "properties": {"ndvi_mean": 0.2466970831155777, "ndmi_mean": 0.044536083936691284, "ndbi_mean": -0.044536083936691284}, "geometry": {"type": "Polygon", "coordinates": [[[2.3292843904612925, 48.86964686649129], [2.3292728110076926, 48.870546143994225], [2.3306360122774574, 48.870553775103076], [2.3306475681989687, 48.86965449747459], [2.3292843904612925, 48.86964686649129]]]}}, {"type": "Feature", "properties": {"ndvi_mean": 0.16091316938400269, "ndmi_mean": -0.005694913677871227, "ndbi_mean": 0.005694913677871227}, "geometry": {"type": "Polygon", "coordinates": [[[2.3306475681989687, 48.86965449747459], [2.3306360122774574, 48.870553775103076], [2.33199921394623, 48.870561390686795], [2.332010746335632, 48.86966211293308], [2.3306475681989687, 48.86965449747459]]]}}, {"type": "Feature", "properties": {"ndvi_mean": 0.016036005690693855, "ndmi_mean": -0.07638856768608093, "ndbi_mean": 0.07638856768608093}, "geometry": {"type": "Polygon", "coordinates": [[[2.332010746335632, 48.86966211293308], [2.33199921394623, 48.870561390686795], [2.3333624160131983, 48.87056899074544], [2.3333739248704695, 48.86966971286667], [2.332010746335632, 48.86966211293308]]]}}, {"type": "Feature", "properties": {"ndvi_mean": 0.0298438910394907, "ndmi_mean": -0.10204900056123734, "ndbi_mean": 0.10204900056123734}, "geometry": {"type": "Polygon", "coordinates": [[[2.3333739248704695, 48.86966971286667], [2.3333624160131983, 48.87056899074544], [2.3347256184775493, 48.87057657527895], [2.3347371038026696, 48.869677297275416], [2.3333739248704695, 48.86966971286667]]]}}, {"type": "Feature", "properties": {"ndvi_mean": 0.011941169388592243, "ndmi_mean": -0.11868569254875183, "ndbi_mean": 0.11868569254875183}, "geometry": {"type": "Polygon", "coordinates": [[[2.3347371038026696, 48.869677297275416], [2.3347256184775493, 48.87057657527895], [2.336088821338471, 48.87058414428735], [2.33610028313142, 48.86968486615931], [2.3347371038026696, 48.869677297275416]]]}}, {"type": "Feature", "properties": {"ndvi_mean": 0.21058697998523712, "ndmi_mean": 0.073218435049057, "ndbi_mean": -0.073218435049057}, "geometry": {"type": "Polygon", "coordinates": [[[2.2843121098407138, 48.86848706069731], [2.284299754266651, 48.869386334647324], [2.285662918382022, 48.869394477946784], [2.285675250425513, 48.86849520386283], [2.2843121098407138, 48.86848706069731]]]}}, {"type": "Feature", "properties": {"ndvi_mean": 0.096761554479599, "ndmi_mean": -0.04534594714641571, "ndbi_mean": 0.04534594714641571}, "geometry": {"type": "Polygon", "coordinates": [[[2.285675250425513, 48.86849520386283], [2.285662918382022, 48.869394477946784], [2.2870260829231865, 48.86940260572163], [2.2870383914360843, 48.86850333150397], [2.285675250425513, 48.86849520386283]]]}}, {"type": "Feature", "properties": {"ndvi_mean": 0.13098785281181335, "ndmi_mean": -0.03802230954170227, "ndbi_mean": 0.03802230954170227}, "geometry": {"type": "Polygon", "coordinates": [[[2.2870383914360843, 48.86850333150397], [2.2870260829231865, 48.86940260572163], [2.288389247889334, 48.86941071797185], [2.288401532871616, 48.86851144362074], [2.2870383914360843, 48.86850333150397]]]}}, {"type": "Feature", "properties": {"ndvi_mean": 0.04056461900472641, "ndmi_mean": -0.07201070338487625, "ndbi_mean": 0.07201070338487625}, "geometry": {"type": "Polygon", "coordinates": [[[2.288401532871616, 48.86851144362074], [2.288389247889334, 48.86941071797185], [2.2897524132796505, 48.86941881469743], [2.2897646747312965, 48.868519540213136], [2.288401532871616, 48.86851144362074]]]}}, {"type": "Feature", "properties": {"ndvi_mean": 0.05905834585428238, "ndmi_mean": -0.040219496935606, "ndbi_mean": 0.040219496935606}, "geometry": {"type": "Polygon", "coordinates": [[[2.2897646747312965, 48.868519540213136], [2.2897524132796505, 48.86941881469743], [2.2911155790933253, 48.86942689589836], [2.2911278170143117, 48.86852762128113], [2.2897646747312965, 48.868519540213136]]]}}, {"type": "Feature", "properties": {"ndvi_mean": 0.17468397319316864, "ndmi_mean": -0.008157756179571152, "ndbi_mean": 0.008157756179571152}, "geometry": {"type": "Polygon", "coordinates": [[[2.2911278170143117, 48.86852762128113], [2.2911155790933253, 48.86942689589836], [2.292478745329545, 48.86943496157463], [2.2924909597198506, 48.86853568682473], [2.2911278170143117, 48.86852762128113]]]}}, {"type": "Feature", "properties": {"ndvi_mean": 0.07881604135036469, "ndmi_mean": -0.08284460753202438, "ndbi_mean": 0.08284460753202438}, "geometry": {"type": "Polygon", "coordinates": [[[2.2924909597198506, 48.86853568682473], [2.292478745329545, 48.86943496157463], [2.2938419119874975, 48.86944301172626], [2.2938541028471002, 48.868543736843925], [2.2924909597198506, 48.86853568682473]]]}}, {"type": "Feature", "properties": {"ndvi_mean": 0.10060779750347137, "ndmi_mean": -0.08278563618659973, "ndbi_mean": 0.08278563618659973}, "geometry": {"type": "Polygon", "coordinates": [[[2.2938541028471002, 48.868543736843925], [2.2938419119874975, 48.86944301172626], [2.295205079066371, 48.86945104635323], [2.295217246395249, 48.86855177133872], [2.2938541028471002, 48.868543736843925]]]}}, {"type": "Feature", "properties": {"ndvi_mean": 0.2733953595161438, "ndmi_mean": 0.039642367511987686, "ndbi_mean": -0.039642367511987686}, "geometry": {"type": "Polygon", "coordinates": [[[2.295217246395249, 48.86855177133872], [2.295205079066371, 48.86945104635323], [2.2965682465653523, 48.8694590654555], [2.296580390363484, 48.86855979030909], [2.295217246395249, 48.86855177133872]]]}}, {"type": "Feature", "properties": {"ndvi_mean": 0.046266816556453705, "ndmi_mean": -0.05076218023896217, "ndbi_mean": 0.05076218023896217}, "geometry": {"type": "Polygon", "coordinates": [[[2.296580390363484, 48.86855979030909], [2.2965682465653523, 48.8694590654555], [2.2979314144836294, 48.86946706903312], [2.297943534750993, 48.868567793755055], [2.296580390363484, 48.86855979030909]]]}}, {"type": "Feature", "properties": {"ndvi_mean": 0.2348426878452301, "ndmi_mean": 0.07024532556533813, "ndbi_mean": -0.07024532556533813}, "geometry": {"type": "Polygon", "coordinates": [[[2.297943534750993, 48.868567793755055], [2.2979314144836294, 48.86946706903312], [2.2992945828203903, 48.869475057086035], [2.2993066795569637, 48.86857578167656], [2.297943534750993, 48.868567793755055]]]}}, {"type": "Feature", "properties": {"ndvi_mean": 0.05721055343747139, "ndmi_mean": -0.04672694206237793, "ndbi_mean": 0.04672694206237793}, "geometry": {"type": "Polygon", "coordinates": [[[2.2993066795569637, 48.86857578167656], [2.2992945828203903, 48.869475057086035], [2.3006577515748226, 48.86948302961427], [2.300669824780585, 48.86858375407365], [2.2993066795569637, 48.86857578167656]]]}}, {"type": "Feature", "properties": {"ndvi_mean": 0.18767321109771729, "ndmi_mean": 0.006622565910220146, "ndbi_mean": -0.006622565910220146}, "geometry": {"type": "Polygon", "coordinates": [[[2.300669824780585, 48.86858375407365], [2.3006577515748226, 48.86948302961427], [2.3020209207461133, 48.869490986617805], [2.3020329704210427, 48.86859171094628], [2.300669824780585, 48.86858375407365]]]}}, {"type": "Feature", "properties": {"ndvi_mean": 0.016721505671739578, "ndmi_mean": -0.052258480340242386, "ndbi_mean": 0.052258480340242386}, "geometry": {"type": "Polygon", "coordinates": [[[2.3020329704210427, 48.86859171094628], [2.3020209207461133, 48.869490986617805], [2.303384090333451, 48.86949892809663], [2.3033961164775256, 48.86859965229448], [2.3020329704210427, 48.86859171094628]]]}}, {"type": "Feature", "properties": {"ndvi_mean": 0.020752841606736183, "ndmi_mean": -0.07651474326848984, "ndbi_mean": 0.07651474326848984}, "geometry": {"type": "Polygon", "coordinates": [[[2.3033961164775256, 48.86859965229448], [2.303384090333451, 48.86949892809663], [2.304747260336023, 48.86950685405074], [2.3047592629492213, 48.868607578118215], [2.3033961164775256, 48.86859965229448]]]}}, {"type": "Feature", "properties": {"ndvi_mean": 0.10827190428972244, "ndmi_mean": -0.018674509599804878, "ndbi_mean": 0.018674509599804878}, "geometry": {"type": "Polygon", "coordinates": [[[2.3047592629492213, 48.868607578118215], [2.304747260336023, 48.86950685405074], [2.3061104307530167, 48.86951476448014], [2.306122409835318, 48.86861548841748], [2.3047592629492213, 48.868607578118215]]]}}, {"type": "Feature", "properties": {"ndvi_mean": 0.03317613899707794, "ndmi_mean": -0.05389357730746269, "ndbi_mean": 0.05389357730746269}, "geometry": {"type": "Polygon", "coordinates": [[[2.306122409835318, 48.86861548841748], [2.3061104307530167, 48.86951476448014], [2.3074736015836197, 48.8695226593848], [2.307485557135002, 48.86862338319227], [2.306122409835318, 48.86861548841748]]]}}, {"type": "Feature", "properties": {"ndvi_mean": 0.33432480692863464, "ndmi_mean": 0.10956908017396927, "ndbi_mean": -0.10956908017396927}, "geometry": {"type": "Polygon", "coordinates": [[[2.307485557135002, 48.86862338319227], [2.3074736015836197, 48.8695226593848], [2.30883677282702, 48.86953053876474], [2.308848704847462, 48.8686312624426], [2.307485557135002, 48.86862338319227]]]}}, {"type": "Feature", "properties": {"ndvi_mean": 0.34191644191741943, "ndmi_mean": 0.10673293471336365, "ndbi_mean": -0.10673293471336365}, "geometry": {"type": "Polygon", "coordinates": [[[2.308848704847462, 48.8686312624426], [2.30883677282702, 48.86953053876474], [2.3101999444824055, 48.86953840261993], [2.3102118529718854, 48.868639126168425], [2.308848704847462, 48.8686312624426]]]}}, {"type": "Feature", "properties": {"ndvi_mean": 0.4097306728363037, "ndmi_mean": 0.10815873742103577, "ndbi_mean": -0.10815873742103577}, "geometry": {"type": "Polygon", "coordinates": [[[2.3102118529718854, 48.868639126168425], [2.3101999444824055, 48.86953840261993], [2.311563116548963, 48.86954625095037], [2.3115750015074603, 48.868646974369774], [2.3102118529718854, 48.868639126168425]]]}}, {"type": "Feature", "properties": {"ndvi_mean": 0.4814337193965912, "ndmi_mean": 0.14479784667491913, "ndbi_mean": -0.14479784667491913}, "geometry": {"type": "Polygon", "coordinates": [[[2.3115750015074603, 48.868646974369774], [2.311563116548963, 48.86954625095037], [2.3129262890258806, 48.86955408375608], [2.3129381504533737, 48.868654807046624], [2.3115750015074603, 48.868646974369774]]]}}, {"type": "Feature", "properties": {"ndvi_mean": 0.42958489060401917, "ndmi_mean": 0.13978900015354156, "ndbi_mean": -0.13978900015354156}, "geometry": {"type": "Polygon", "coordinates": [[[2.3129381504533737, 48.868654807046624], [2.3129262890258806, 48.86955408375608], [2.3142894619123466, 48.86956190103701], [2.314301299808814, 48.86866262419897], [2.3129381504533737, 48.868654807046624]]]}}, {"type": "Feature", "properties": {"ndvi_mean": 0.6767125129699707, "ndmi_mean": 0.2628648281097412, "ndbi_mean": -0.2628648281097412}, "geometry": {"type": "Polygon", "coordinates": [[[2.314301299808814, 48.86866262419897], [2.3142894619123466, 48.86956190103701], [2.315652635207548, 48.86956970279318], [2.315664449572969, 48.868670425826814], [2.314301299808814, 48.86866262419897]]]}}, {"type": "Feature", "properties": {"ndvi_mean": 0.677670955657959, "ndmi_mean": 0.27062931656837463, "ndbi_mean": -0.27062931656837463}, "geometry": {"type": "Polygon", "coordinates": [[[2.315664449572969, 48.868670425826814], [2.315652635207548, 48.86956970279318], [2.3170158089106723, 48.869577489024586], [2.3170275997450256, 48.86867821193011], [2.315664449572969, 48.868670425826814]]]}}, {"type": "Feature", "properties": {"ndvi_mean": 0.4052380323410034, "ndmi_mean": 0.1380767673254013, "ndbi_mean": -0.1380767673254013}, "geometry": {"type": "Polygon", "coordinates": [[[2.3170275997450256, 48.86867821193011], [2.3170158089106723, 48.869577489024586], [2.3183789830209074, 48.869585259731195], [2.3183907503241716, 48.86868598250891], [2.3170275997450256, 48.86867821193011]]]}}, {"type": "Feature", "properties": {"ndvi_mean": 0.18448323011398315, "ndmi_mean": 0.022753886878490448, "ndbi_mean": -0.022753886878490448}, "geometry": {"type": "Polygon", "coordinates": [[[2.3183907503241716, 48.86868598250891], [2.3183789830209074, 48.869585259731195], [2.319742157537441, 48.86959301491302], [2.319753901309596, 48.86869373756317], [2.3183907503241716, 48.86868598250891]]]}}, {"type": "Feature", "properties": {"ndvi_mean": 0.025409093126654625, "ndmi_mean": -0.07030487060546875, "ndbi_mean": 0.07030487060546875}, "geometry": {"type": "Polygon", "coordinates": [[[2.319753901309596, 48.86869373756317], [2.319742157537441, 48.86959301491302], [2.32110533245946, 48.86960075457008], [2.321117052700484, 48.86870147709289], [2.319753901309596, 48.86869373756317]]]}}, {"type": "Feature", "properties": {"ndvi_mean": 0.046027179807424545, "ndmi_mean": -0.050104688853025436, "ndbi_mean": 0.050104688853025436}, "geometry": {"type": "Polygon", "coordinates": [[[2.321117052700484, 48.86870147709289], [2.32110533245946, 48.86960075457008], [2.3224685077861533, 48.86960847870231], [2.3224802044960255, 48.86870920109807], [2.321117052700484, 48.86870147709289]]]}}, {"type": "Feature", "properties": {"ndvi_mean": 0.17905659973621368, "ndmi_mean": -0.0034988760016858578, "ndbi_mean": 0.0034988760016858578}, "geometry": {"type": "Polygon", "coordinates": [[[2.3224802044960255, 48.86870920109807], [2.3224685077861533, 48.86960847870231], [2.3238316835167083, 48.86961618730975], [2.3238433566954075, 48.86871690957871], [2.3224802044960255, 48.86870920109807]]]}}, {"type": "Feature", "properties": {"ndvi_mean": 0.24530120193958282, "ndmi_mean": 0.03652124106884003, "ndbi_mean": -0.03652124106884003}, "geometry": {"type": "Polygon", "coordinates": [[[2.3238433566954075, 48.86871690957871], [2.3238316835167083, 48.86961618730975], [2.3251948596503116, 48.86962388039236], [2.325206509297818, 48.868724602534776], [2.3238433566954075, 48.86871690957871]]]}}, {"type": "Feature", "properties": {"ndvi_mean": 0.22664408385753632, "ndmi_mean": -0.027165330946445465, "ndbi_mean": 0.027165330946445465}, "geometry": {"type": "Polygon", "coordinates": [[[2.325206509297818, 48.868724602534776], [2.3251948596503116, 48.86962388039236], [2.3265580361861518, 48.869631557950164], [2.326569662302443, 48.868732279966274], [2.325206509297818, 48.868724602534776]]]}}, {"type": "Feature", "properties": {"ndvi_mean": 0.08868952095508575, "ndmi_mean": -0.02845250815153122, "ndbi_mean": 0.02845250815153122}, "geometry": {"type": "Polygon", "coordinates": [[[2.326569662302443, 48.868732279966274], [2.3265580361861518, 48.869631557950164], [2.327921213123416, 48.86963921998314], [2.327932815708473, 48.868739941873216], [2.326569662302443, 48.868732279966274]]]}}, {"type": "Feature", "properties": {"ndvi_mean": 0.07171497493982315, "ndmi_mean": -0.05656161904335022, "ndbi_mean": 0.05656161904335022}, "geometry": {"type": "Polygon", "coordinates": [[[2.327932815708473, 48.868739941873216], [2.327921213123416, 48.86963921998314], [2.3292843904612925, 48.86964686649129], [2.329295969515093, 48.86874758825558], [2.327932815708473, 48.868739941873216]]]}}, {"type": "Feature", "properties": {"ndvi_mean": 0.050290707498788834, "ndmi_mean": -0.08426724374294281, "ndbi_mean": 0.08426724374294281}, "geometry": {"type": "Polygon", "coordinates": [[[2.329295969515093, 48.86874758825558], [2.3292843904612925, 48.86964686649129], [2.3306475681989687, 48.86965449747459], [2.3306591237214924, 48.86875521911336], [2.329295969515093, 48.86874758825558]]]}}, {"type": "Feature", "properties": {"ndvi_mean": 0.03743908181786537, "ndmi_mean": -0.1300605982542038, "ndbi_mean": 0.1300605982542038}, "geometry": {"type": "Polygon", "coordinates": [[[2.3306591237214924, 48.86875521911336], [2.3306475681989687, 48.86965449747459], [2.332010746335632, 48.86966211293308], [2.332022278326858, 48.86876283444655], [2.3306591237214924, 48.86875521911336]]]}}, {"type": "Feature", "properties": {"ndvi_mean": 0.013413570821285248, "ndmi_mean": -0.10332021862268448, "ndbi_mean": 0.10332021862268448}, "geometry": {"type": "Polygon", "coordinates": [[[2.332022278326858, 48.86876283444655], [2.332010746335632, 48.86966211293308], [2.3333739248704695, 48.86966971286667], [2.333385433330378, 48.86877043425514], [2.332022278326858, 48.86876283444655]]]}}, {"type": "Feature", "properties": {"ndvi_mean": 0.028047464787960052, "ndmi_mean": -0.08334269374608994, "ndbi_mean": 0.08334269374608994}, "geometry": {"type": "Polygon", "coordinates": [[[2.333385433330378, 48.86877043425514], [2.3333739248704695, 48.86966971286667], [2.3347371038026696, 48.869677297275416], [2.33474858873124, 48.86877801853913], [2.333385433330378, 48.86877043425514]]]}}, {"type": "Feature", "properties": {"ndvi_mean": -0.012324828654527664, "ndmi_mean": -0.08435218781232834, "ndbi_mean": 0.08435218781232834}, "geometry": {"type": "Polygon", "coordinates": [[[2.33474858873124, 48.86877801853913], [2.3347371038026696, 48.869677297275416], [2.33610028313142, 48.86968486615931], [2.3361117445286306, 48.86878558729852], [2.33474858873124, 48.86877801853913]]]}}, {"type": "Feature", "properties": {"ndvi_mean": 0.16102910041809082, "ndmi_mean": -0.011675244197249413, "ndbi_mean": 0.011675244197249413}, "geometry": {"type": "Polygon", "coordinates": [[[2.284324464988191, 48.86758778601469], [2.2843121098407138, 48.86848706069731], [2.285675250425513, 48.86849520386283], [2.2856875820432316, 48.867595929046246], [2.284324464988191, 48.86758778601469]]]}}, {"type": "Feature", "properties": {"ndvi_mean": 0.22973988950252533, "ndmi_mean": -0.05388601869344711, "ndbi_mean": 0.05388601869344711}, "geometry": {"type": "Polygon", "coordinates": [[[2.2856875820432316, 48.867595929046246], [2.285675250425513, 48.86849520386283], [2.2870383914360843, 48.86850333150397], [2.2870506995240225, 48.867604056553695], [2.2856875820432316, 48.867595929046246]]]}}, {"type": "Feature", "properties": {"ndvi_mean": 0.10884339362382889, "ndmi_mean": -0.0732172280550003, "ndbi_mean": 0.0732172280550003}, "geometry": {"type": "Polygon", "coordinates": [[[2.2870506995240225, 48.867604056553695], [2.2870383914360843, 48.86850333150397], [2.288401532871616, 48.86851144362074], [2.2884138174297513, 48.86761216853702], [2.2870506995240225, 48.867604056553695]]]}}, {"type": "Feature", "properties": {"ndvi_mean": 0.1544274091720581, "ndmi_mean": -0.008588794618844986, "ndbi_mean": 0.008588794618844986}, "geometry": {"type": "Polygon", "coordinates": [[[2.2884138174297513, 48.86761216853702], [2.288401532871616, 48.86851144362074], [2.2897646747312965, 48.868519540213136], [2.289776935759606, 48.867620264996226], [2.2884138174297513, 48.86761216853702]]]}}, {"type": "Feature", "properties": {"ndvi_mean": 0.20179931819438934, "ndmi_mean": 0.017091911286115646, "ndbi_mean": -0.017091911286115646}, "geometry": {"type": "Polygon", "coordinates": [[[2.289776935759606, 48.867620264996226], [2.2897646747312965, 48.868519540213136], [2.2911278170143117, 48.86852762128113], [2.2911400545127747, 48.86762834593129], [2.289776935759606, 48.867620264996226]]]}}, {"type": "Feature", "properties": {"ndvi_mean": 0.07817943394184113, "ndmi_mean": -0.042013492435216904, "ndbi_mean": 0.042013492435216904}, "geometry": {"type": "Polygon", "coordinates": [[[2.2911400545127747, 48.86762834593129], [2.2911278170143117, 48.86852762128113], [2.2924909597198506, 48.86853568682473], [2.292503173688445, 48.86763641134221], [2.2911400545127747, 48.86762834593129]]]}}, {"type": "Feature", "properties": {"ndvi_mean": 0.3849524259567261, "ndmi_mean": 0.10229124128818512, "ndbi_mean": -0.10229124128818512}, "geometry": {"type": "Polygon", "coordinates": [[[2.292503173688445, 48.86763641134221], [2.2924909597198506, 48.86853568682473], [2.2938541028471002, 48.868543736843925], [2.293866293285804, 48.86764446122899], [2.292503173688445, 48.86763641134221]]]}}, {"type": "Feature", "properties": {"ndvi_mean": 0.42845967411994934, "ndmi_mean": 0.13523440062999725, "ndbi_mean": -0.13523440062999725}, "geometry": {"type": "Polygon", "coordinates": [[[2.293866293285804, 48.86764446122899], [2.2938541028471002, 48.868543736843925], [2.295217246395249, 48.86855177133872], [2.2952294133040403, 48.86765249559162], [2.293866293285804, 48.86764446122899]]]}}, {"type": "Feature", "properties": {"ndvi_mean": 0.2389541119337082, "ndmi_mean": 0.0485556423664093, "ndbi_mean": -0.0485556423664093}, "geometry": {"type": "Polygon", "coordinates": [[[2.2952294133040403, 48.86765249559162], [2.295217246395249, 48.86855177133872], [2.296580390363484, 48.86855979030909], [2.2965925337423414, 48.86766051443008], [2.2952294133040403, 48.86765249559162]]]}}, {"type": "Feature", "properties": {"ndvi_mean": 0.10813756287097931, "ndmi_mean": -0.05148682743310928, "ndbi_mean": 0.05148682743310928}, "geometry": {"type": "Polygon", "coordinates": [[[2.2965925337423414, 48.86766051443008], [2.296580390363484, 48.86855979030909], [2.297943534750993, 48.868567793755055], [2.2979556545998947, 48.86766851774438], [2.2965925337423414, 48.86766051443008]]]}}, {"type": "Feature", "properties": {"ndvi_mean": 0.22973127663135529, "ndmi_mean": -0.012565123848617077, "ndbi_mean": 0.012565123848617077}, "geometry": {"type": "Polygon", "coordinates": [[[2.2979556545998947, 48.86766851774438], [2.297943534750993, 48.868567793755055], [2.2993066795569637, 48.86857578167656], [2.299318775875888, 48.867676505534504], [2.2979556545998947, 48.86766851774438]]]}}, {"type": "Feature", "properties": {"ndvi_mean": 0.19974450767040253, "ndmi_mean": 0.031978391110897064, "ndbi_mean": -0.031978391110897064}, "geometry": {"type": "Polygon", "coordinates": [[[2.299318775875888, 48.867676505534504], [2.2993066795569637, 48.86857578167656], [2.300669824780585, 48.86858375407365], [2.3006818975695094, 48.867684477800424], [2.299318775875888, 48.867676505534504]]]}}, {"type": "Feature", "properties": {"ndvi_mean": 0.23066499829292297, "ndmi_mean": 0.006048513110727072, "ndbi_mean": -0.006048513110727072}, "geometry": {"type": "Polygon", "coordinates": [[[2.3006818975695094, 48.867684477800424], [2.300669824780585, 48.86858375407365], [2.3020329704210427, 48.86859171094628], [2.3020450196799467, 48.867692434542185], [2.3006818975695094, 48.867684477800424]]]}}, {"type": "Feature", "properties": {"ndvi_mean": 0.024349069222807884, "ndmi_mean": -0.08544464409351349, "ndbi_mean": 0.08544464409351349}, "geometry": {"type": "Polygon", "coordinates": [[[2.3020450196799467, 48.867692434542185], [2.3020329704210427, 48.86859171094628], [2.3033961164775256, 48.86859965229448], [2.3034081422063877, 48.867700375759746], [2.3020450196799467, 48.867692434542185]]]}}, {"type": "Feature", "properties": {"ndvi_mean": 0.0040006148628890514, "ndmi_mean": -0.08175680041313171, "ndbi_mean": 0.08175680041313171}, "geometry": {"type": "Polygon", "coordinates": [[[2.3034081422063877, 48.867700375759746], [2.3033961164775256, 48.86859965229448], [2.3047592629492213, 48.868607578118215], [2.3047712651480197, 48.867708301453106], [2.3034081422063877, 48.867700375759746]]]}}, {"type": "Feature", "properties": {"ndvi_mean": 0.11753194034099579, "ndmi_mean": -0.05968943610787392, "ndbi_mean": 0.05968943610787392}, "geometry": {"type": "Polygon", "coordinates": [[[2.3047712651480197, 48.867708301453106], [2.3047592629492213, 48.868607578118215], [2.306122409835318, 48.86861548841748], [2.3061343885040304, 48.86771621162225], [2.3047712651480197, 48.867708301453106]]]}}, {"type": "Feature", "properties": {"ndvi_mean": 0.07576001435518265, "ndmi_mean": -0.08282487094402313, "ndbi_mean": 0.08282487094402313}, "geometry": {"type": "Polygon", "coordinates": [[[2.3061343885040304, 48.86771621162225], [2.306122409835318, 48.86861548841748], [2.307485557135002, 48.86862338319227], [2.307497512273608, 48.86772410626718], [2.3061343885040304, 48.86771621162225]]]}}, {"type": "Feature", "properties": {"ndvi_mean": 0.2397669553756714, "ndmi_mean": 0.021765051409602165, "ndbi_mean": -0.021765051409602165}, "geometry": {"type": "Polygon", "coordinates": [[[2.307497512273608, 48.86772410626718], [2.307485557135002, 48.86862338319227], [2.308848704847462, 48.8686312624426], [2.30886063645594, 48.86773198538789], [2.307497512273608, 48.86772410626718]]]}}, {"type": "Feature", "properties": {"ndvi_mean": 0.2978419065475464, "ndmi_mean": 0.03526207059621811, "ndbi_mean": -0.03526207059621811}, "geometry": {"type": "Polygon", "coordinates": [[[2.30886063645594, 48.86773198538789], [2.308848704847462, 48.8686312624426], [2.3102118529718854, 48.868639126168425], [2.310223761050214, 48.867739848984364], [2.30886063645594, 48.86773198538789]]]}}, {"type": "Feature", "properties": {"ndvi_mean": 0.5337671041488647, "ndmi_mean": 0.1545531451702118, "ndbi_mean": -0.1545531451702118}, "geometry": {"type": "Polygon", "coordinates": [[[2.310223761050214, 48.867739848984364], [2.3102118529718854, 48.868639126168425], [2.3115750015074603, 48.868646974369774], [2.311586886055619, 48.8677476970566], [2.310223761050214, 48.867739848984364]]]}}, {"type": "Feature", "properties": {"ndvi_mean": 0.4364957809448242, "ndmi_mean": 0.09322027117013931, "ndbi_mean": -0.09322027117013931}, "geometry": {"type": "Polygon", "coordinates": [[[2.311586886055619, 48.8677476970566], [2.3115750015074603, 48.868646974369774], [2.3129381504533737, 48.868654807046624], [2.3129500114713406, 48.86775552960462], [2.311586886055619, 48.8677476970566]]]}}, {"type": "Feature", "properties": {"ndvi_mean": 0.41524046659469604, "ndmi_mean": 0.08094021677970886, "ndbi_mean": -0.08094021677970886}, "geometry": {"type": "Polygon", "coordinates": [[[2.3129500114713406, 48.86775552960462], [2.3129381504533737, 48.868654807046624], [2.314301299808814, 48.86866262419897], [2.3143131372965677, 48.867763346628365], [2.3129500114713406, 48.86775552960462]]]}}, {"type": "Feature", "properties": {"ndvi_mean": 0.637200653553009, "ndmi_mean": 0.1997864842414856, "ndbi_mean": -0.1997864842414856}, "geometry": {"type": "Polygon", "coordinates": [[[2.3143131372965677, 48.867763346628365], [2.314301299808814, 48.86866262419897], [2.315664449572969, 48.868670425826814], [2.315676263530488, 48.867771148127865], [2.3143131372965677, 48.867763346628365]]]}}, {"type": "Feature", "properties": {"ndvi_mean": 0.606823205947876, "ndmi_mean": 0.19196665287017822, "ndbi_mean": -0.19196665287017822}, "geometry": {"type": "Polygon", "coordinates": [[[2.315676263530488, 48.867771148127865], [2.315664449572969, 48.868670425826814], [2.3170275997450256, 48.86867821193011], [2.317039390172289, 48.86777893410311], [2.315676263530488, 48.867771148127865]]]}}, {"type": "Feature", "properties": {"ndvi_mean": 0.6945462226867676, "ndmi_mean": 0.25017645955085754, "ndbi_mean": -0.25017645955085754}, "geometry": {"type": "Polygon", "coordinates": [[[2.317039390172289, 48.86777893410311], [2.3170275997450256, 48.86867821193011], [2.3183907503241716, 48.86868598250891], [2.318402517221159, 48.86778670455406], [2.317039390172289, 48.86777893410311]]]}}, {"type": "Feature", "properties": {"ndvi_mean": 0.7202284336090088, "ndmi_mean": 0.2652367353439331, "ndbi_mean": -0.2652367353439331}, "geometry": {"type": "Polygon", "coordinates": [[[2.318402517221159, 48.86778670455406], [2.3183907503241716, 48.86868598250891], [2.319753901309596, 48.86869373756317], [2.319765644676285, 48.867794459480756], [2.318402517221159, 48.86778670455406]]]}}, {"type": "Feature", "properties": {"ndvi_mean": 0.34103378653526306, "ndmi_mean": 0.07073287665843964, "ndbi_mean": -0.07073287665843964}, "geometry": {"type": "Polygon", "coordinates": [[[2.319765644676285, 48.867794459480756], [2.319753901309596, 48.86869373756317], [2.321117052700484, 48.86870147709289], [2.3211287725368552, 48.867802198883176], [2.319765644676285, 48.867794459480756]]]}}, {"type": "Feature", "properties": {"ndvi_mean": 0.008910270407795906, "ndmi_mean": -0.07853110134601593, "ndbi_mean": 0.07853110134601593}, "geometry": {"type": "Polygon", "coordinates": [[[2.3211287725368552, 48.867802198883176], [2.321117052700484, 48.86870147709289], [2.3224802044960255, 48.86870920109807], [2.3224919008020573, 48.86780992276129], [2.3211287725368552, 48.867802198883176]]]}}, {"type": "Feature", "properties": {"ndvi_mean": 0.08229752629995346, "ndmi_mean": -0.04615945369005203, "ndbi_mean": 0.04615945369005203}, "geometry": {"type": "Polygon", "coordinates": [[[2.3224919008020573, 48.86780992276129], [2.3224802044960255, 48.86870920109807], [2.3238433566954075, 48.86871690957871], [2.323855029471079, 48.867817631115116], [2.3224919008020573, 48.86780992276129]]]}}, {"type": "Feature", "properties": {"ndvi_mean": 0.01612781547009945, "ndmi_mean": -0.07765219360589981, "ndbi_mean": 0.07765219360589981}, "geometry": {"type": "Polygon", "coordinates": [[[2.323855029471079, 48.867817631115116], [2.3238433566954075, 48.86871690957871], [2.325206509297818, 48.868724602534776], [2.325218158543108, 48.86782532394465], [2.323855029471079, 48.867817631115116]]]}}, {"type": "Feature", "properties": {"ndvi_mean": 0.07824314385652542, "ndmi_mean": -0.04220054671168327, "ndbi_mean": 0.04220054671168327}, "geometry": {"type": "Polygon", "coordinates": [[[2.325218158543108, 48.86782532394465], [2.325206509297818, 48.868724602534776], [2.326569662302443, 48.868732279966274], [2.3265812880173318, 48.86783300124985], [2.325218158543108, 48.86782532394465]]]}}, {"type": "Feature", "properties": {"ndvi_mean": 0.25029224157333374, "ndmi_mean": 0.030509769916534424, "ndbi_mean": -0.030509769916534424}, "geometry": {"type": "Polygon", "coordinates": [[[2.3265812880173318, 48.86783300124985], [2.326569662302443, 48.868732279966274], [2.327932815708473, 48.868739941873216], [2.327944417892938, 48.867840663030755], [2.3265812880173318, 48.86783300124985]]]}}, {"type": "Feature", "properties": {"ndvi_mean": 0.26043131947517395, "ndmi_mean": 0.026914870366454124, "ndbi_mean": -0.026914870366454124}, "geometry": {"type": "Polygon", "coordinates": [[[2.327944417892938, 48.867840663030755], [2.327932815708473, 48.868739941873216], [2.329295969515093, 48.86874758825558], [2.3293075481691146, 48.86784830928733], [2.327944417892938, 48.867840663030755]]]}}, {"type": "Feature", "properties": {"ndvi_mean": 0.015723956748843193, "ndmi_mean": -0.05167186260223389, "ndbi_mean": 0.05167186260223389}, "geometry": {"type": "Polygon", "coordinates": [[[2.3293075481691146, 48.86784830928733], [2.329295969515093, 48.86874758825558], [2.3306591237214924, 48.86875521911336], [2.33067067884505, 48.867855940019595], [2.3293075481691146, 48.86784830928733]]]}}, {"type": "Feature", "properties": {"ndvi_mean": -0.00012642894580494612, "ndmi_mean": -0.09367058426141739, "ndbi_mean": 0.09367058426141739}, "geometry": {"type": "Polygon", "coordinates": [[[2.33067067884505, 48.867855940019595], [2.3306591237214924, 48.86875521911336], [2.332022278326858, 48.86876283444655], [2.3320338099199303, 48.86786355522752], [2.33067067884505, 48.867855940019595]]]}}, {"type": "Feature", "properties": {"ndvi_mean": -0.00984108354896307, "ndmi_mean": -0.05835035443305969, "ndbi_mean": 0.05835035443305969}, "geometry": {"type": "Polygon", "coordinates": [[[2.3320338099199303, 48.86786355522752], [2.332022278326858, 48.86876283444655], [2.333385433330378, 48.86877043425514], [2.3333969413929445, 48.86787115491109], [2.3320338099199303, 48.86786355522752]]]}}, {"type": "Feature", "properties": {"ndvi_mean": 0.01955750398337841, "ndmi_mean": -0.049085039645433426, "ndbi_mean": 0.049085039645433426}, "geometry": {"type": "Polygon", "coordinates": [[[2.3333969413929445, 48.86787115491109], [2.333385433330378, 48.86877043425514], [2.33474858873124, 48.86877801853913], [2.33476007326328, 48.86787873907031], [2.3333969413929445, 48.86787115491109]]]}}, {"type": "Feature", "properties": {"ndvi_mean": 0.03340011090040207, "ndmi_mean": -0.008820704184472561, "ndbi_mean": 0.008820704184472561}, "geometry": {"type": "Polygon", "coordinates": [[[2.33476007326328, 48.86787873907031], [2.33474858873124, 48.86877801853913], [2.3361117445286306, 48.86878558729852], [2.336123205530125, 48.86788630770519], [2.33476007326328, 48.86787873907031]]]}}, {"type": "Feature", "properties": {"ndvi_mean": 0.25470221042633057, "ndmi_mean": 0.04615802690386772, "ndbi_mean": -0.04615802690386772}, "geometry": {"type": "Polygon", "coordinates": [[[2.284336819709106, 48.86668851059967], [2.284324464988191, 48.86758778601469], [2.2856875820432316, 48.867595929046246], [2.2856999132352, 48.86669665349728], [2.284336819709106, 48.86668851059967]]]}}, {"type": "Feature", "properties": {"ndvi_mean": 0.2757222652435303, "ndmi_mean": 0.07005845755338669, "ndbi_mean": -0.07005845755338669}, "geometry": {"type": "Polygon", "coordinates": [[[2.2856999132352, 48.86669665349728], [2.2856875820432316, 48.867595929046246], [2.2870506995240225, 48.867604056553695], [2.287063007187022, 48.86670478087103], [2.2856999132352, 48.86669665349728]]]}}, {"type": "Feature", "properties": {"ndvi_mean": 0.07505045086145401, "ndmi_mean": -0.03178125619888306, "ndbi_mean": 0.03178125619888306}, "geometry": {"type": "Polygon", "coordinates": [[[2.287063007187022, 48.86670478087103], [2.2870506995240225, 48.867604056553695], [2.2884138174297513, 48.86761216853702], [2.2884261015637604, 48.86671289272092], [2.287063007187022, 48.86670478087103]]]}}, {"type": "Feature", "properties": {"ndvi_mean": 0.1858474761247635, "ndmi_mean": 0.008065358735620975, "ndbi_mean": -0.008065358735620975}, "geometry": {"type": "Polygon", "coordinates": [[[2.2884261015637604, 48.86671289272092], [2.2884138174297513, 48.86761216853702], [2.289776935759606, 48.867620264996226], [2.289789196364602, 48.866720989046925], [2.2884261015637604, 48.86671289272092]]]}}, {"type": "Feature", "properties": {"ndvi_mean": 0.16938799619674683, "ndmi_mean": 0.0431148037314415, "ndbi_mean": -0.0431148037314415}, "geometry": {"type": "Polygon", "coordinates": [[[2.289789196364602, 48.866720989046925], [2.289776935759606, 48.867620264996226], [2.2911400545127747, 48.86762834593129], [2.2911522915887366, 48.86672906984907], [2.289789196364602, 48.866720989046925]]]}}, {"type": "Feature", "properties": {"ndvi_mean": 0.06950104236602783, "ndmi_mean": -0.06801015138626099, "ndbi_mean": 0.06801015138626099}, "geometry": {"type": "Polygon", "coordinates": [[[2.2911522915887366, 48.86672906984907], [2.2911400545127747, 48.86762834593129], [2.292503173688445, 48.86763641134221], [2.29251538723535, 48.866737135127316], [2.2911522915887366, 48.86672906984907]]]}}, {"type": "Feature", "properties": {"ndvi_mean": 0.2406417727470398, "ndmi_mean": 0.02136063389480114, "ndbi_mean": -0.02136063389480114}, "geometry": {"type": "Polygon", "coordinates": [[[2.29251538723535, 48.866737135127316], [2.292503173688445, 48.86763641134221], [2.293866293285804, 48.86764446122899], [2.2938784833036308, 48.86674518488169], [2.29251538723535, 48.866737135127316]]]}}, {"type": "Feature", "properties": {"ndvi_mean": 0.2998611629009247, "ndmi_mean": 0.07133912295103073, "ndbi_mean": -0.07133912295103073}, "geometry": {"type": "Polygon", "coordinates": [[[2.2938784833036308, 48.86674518488169], [2.293866293285804, 48.86764446122899], [2.2952294133040403, 48.86765249559162], [2.295241579792767, 48.866753219112155], [2.2938784833036308, 48.86674518488169]]]}}, {"type": "Feature", "properties": {"ndvi_mean": 0.24197931587696075, "ndmi_mean": 0.02374069020152092, "ndbi_mean": -0.02374069020152092}, "geometry": {"type": "Polygon", "coordinates": [[[2.295241579792767, 48.866753219112155], [2.2952294133040403, 48.86765249559162], [2.2965925337423414, 48.86766051443008], [2.296604676701946, 48.8667612378187], [2.295241579792767, 48.866753219112155]]]}}, {"type": "Feature", "properties": {"ndvi_mean": 0.15377040207386017, "ndmi_mean": -0.026300041005015373, "ndbi_mean": 0.026300041005015373}, "geometry": {"type": "Polygon", "coordinates": [[[2.296604676701946, 48.8667612378187], [2.2965925337423414, 48.86766051443008], [2.2979556545998947, 48.86766851774438], [2.2979677740303557, 48.86676924100135], [2.296604676701946, 48.8667612378187]]]}}, {"type": "Feature", "properties": {"ndvi_mean": 0.10826315730810165, "ndmi_mean": -0.04354989901185036, "ndbi_mean": 0.04354989901185036}, "geometry": {"type": "Polygon", "coordinates": [[[2.2979677740303557, 48.86676924100135], [2.2979556545998947, 48.86766851774438], [2.299318775875888, 48.867676505534504], [2.2993308717771836, 48.86677722866008], [2.2979677740303557, 48.86676924100135]]]}}, {"type": "Feature", "properties": {"ndvi_mean": 0.14677312970161438, "ndmi_mean": -0.004100841004401445, "ndbi_mean": 0.004100841004401445}, "geometry": {"type": "Polygon", "coordinates": [[[2.2993308717771836, 48.86677722866008], [2.299318775875888, 48.867676505534504], [2.3006818975695094, 48.867684477800424], [2.3006939699416185, 48.866785200794865], [2.2993308717771836, 48.86677722866008]]]}}, {"type": "Feature", "properties": {"ndvi_mean": 0.17919650673866272, "ndmi_mean": -0.041379064321517944, "ndbi_mean": 0.041379064321517944}, "geometry": {"type": "Polygon", "coordinates": [[[2.3006939699416185, 48.866785200794865], [2.3006818975695094, 48.867684477800424], [2.3020450196799467, 48.867692434542185], [2.302057068522848, 48.86679315740573], [2.3006939699416185, 48.866785200794865]]]}}, {"type": "Feature", "properties": {"ndvi_mean": 0.006089482922106981, "ndmi_mean": -0.09368573129177094, "ndbi_mean": 0.09368573129177094}, "geometry": {"type": "Polygon", "coordinates": [[[2.302057068522848, 48.86679315740573], [2.3020450196799467, 48.867692434542185], [2.3034081422063877, 48.867700375759746], [2.3034201675200583, 48.86680109849266], [2.302057068522848, 48.86679315740573]]]}}, {"type": "Feature", "properties": {"ndvi_mean": 0.013453831896185875, "ndmi_mean": -0.0811987891793251, "ndbi_mean": 0.0811987891793251}, "geometry": {"type": "Polygon", "coordinates": [[[2.3034201675200583, 48.86680109849266], [2.3034081422063877, 48.867700375759746], [2.3047712651480197, 48.867708301453106], [2.304783266932439, 48.86680902405564], [2.3034201675200583, 48.86680109849266]]]}}, {"type": "Feature", "properties": {"ndvi_mean": 0.11487555503845215, "ndmi_mean": -0.017430434003472328, "ndbi_mean": 0.017430434003472328}, "geometry": {"type": "Polygon", "coordinates": [[[2.304783266932439, 48.86680902405564], [2.3047712651480197, 48.867708301453106], [2.3061343885040304, 48.86771621162225], [2.306146366759177, 48.86681693409467], [2.304783266932439, 48.86680902405564]]]}}, {"type": "Feature", "properties": {"ndvi_mean": 0.23640628159046173, "ndmi_mean": -0.01731657236814499, "ndbi_mean": 0.01731657236814499}, "geometry": {"type": "Polygon", "coordinates": [[[2.306146366759177, 48.86681693409467], [2.3061343885040304, 48.86771621162225], [2.307497512273608, 48.86772410626718], [2.3075094669994596, 48.86682482860974], [2.306146366759177, 48.86681693409467]]]}}, {"type": "Feature", "properties": {"ndvi_mean": 0.21361692249774933, "ndmi_mean": -0.0025578185450285673, "ndbi_mean": 0.0025578185450285673}, "geometry": {"type": "Polygon", "coordinates": [[[2.3075094669994596, 48.86682482860974], [2.307497512273608, 48.86772410626718], [2.30886063645594, 48.86773198538789], [2.308872567652476, 48.86683270760083], [2.3075094669994596, 48.86682482860974]]]}}, {"type": "Feature", "properties": {"ndvi_mean": 0.2372121810913086, "ndmi_mean": 0.012015133164823055, "ndbi_mean": -0.012015133164823055}, "geometry": {"type": "Polygon", "coordinates": [[[2.308872567652476, 48.86683270760083], [2.30886063645594, 48.86773198538789], [2.310223761050214, 48.867739848984364], [2.3102356687174135, 48.86684057106797], [2.308872567652476, 48.86683270760083]]]}}, {"type": "Feature", "properties": {"ndvi_mean": 0.4840417504310608, "ndmi_mean": 0.12801103293895721, "ndbi_mean": -0.12801103293895721}, "geometry": {"type": "Polygon", "coordinates": [[[2.3102356687174135, 48.86684057106797], [2.310223761050214, 48.867739848984364], [2.311586886055619, 48.8677476970566], [2.3115987701934593, 48.86684841901111], [2.3102356687174135, 48.86684057106797]]]}}, {"type": "Feature", "properties": {"ndvi_mean": 0.3313616216182709, "ndmi_mean": 0.051627036184072495, "ndbi_mean": -0.051627036184072495}, "geometry": {"type": "Polygon", "coordinates": [[[2.3115987701934593, 48.86684841901111], [2.311586886055619, 48.8677476970566], [2.3129500114713406, 48.86775552960462], [2.3129618720798013, 48.86685625143027], [2.3115987701934593, 48.86684841901111]]]}}, {"type": "Feature", "properties": {"ndvi_mean": 0.19565466046333313, "ndmi_mean": 0.0028310962952673435, "ndbi_mean": -0.0028310962952673435}, "geometry": {"type": "Polygon", "coordinates": [[[2.3129618720798013, 48.86685625143027], [2.3129500114713406, 48.86775552960462], [2.3143131372965677, 48.867763346628365], [2.314324974375628, 48.86686406832543], [2.3129618720798013, 48.86685625143027]]]}}, {"type": "Feature", "properties": {"ndvi_mean": 0.5060827732086182, "ndmi_mean": 0.14991888403892517, "ndbi_mean": -0.14991888403892517}, "geometry": {"type": "Polygon", "coordinates": [[[2.314324974375628, 48.86686406832543], [2.3143131372965677, 48.867763346628365], [2.315676263530488, 48.867771148127865], [2.315688077080126, 48.86687186969659], [2.314324974375628, 48.86686406832543]]]}}, {"type": "Feature", "properties": {"ndvi_mean": 0.4844428598880768, "ndmi_mean": 0.12744683027267456, "ndbi_mean": -0.12744683027267456}, "geometry": {"type": "Polygon", "coordinates": [[[2.315688077080126, 48.86687186969659], [2.315676263530488, 48.867771148127865], [2.317039390172289, 48.86777893410311], [2.3170511801924842, 48.86687965554375], [2.315688077080126, 48.86687186969659]]]}}, {"type": "Feature", "properties": {"ndvi_mean": 0.4616205096244812, "ndmi_mean": 0.12296488136053085, "ndbi_mean": -0.12296488136053085}, "geometry": {"type": "Polygon", "coordinates": [[[2.3170511801924842, 48.86687965554375], [2.317039390172289, 48.86777893410311], [2.318402517221159, 48.86778670455406], [2.31841428371189, 48.86688742586689], [2.3170511801924842, 48.86687965554375]]]}}, {"type": "Feature", "properties": {"ndvi_mean": 0.5331025123596191, "ndmi_mean": 0.1421828269958496, "ndbi_mean": -0.1421828269958496}, "geometry": {"type": "Polygon", "coordinates": [[[2.31841428371189, 48.86688742586689], [2.318402517221159, 48.86778670455406], [2.319765644676285, 48.867794459480756], [2.3197773876375307, 48.866895180666006], [2.31841428371189, 48.86688742586689]]]}}, {"type": "Feature", "properties": {"ndvi_mean": 0.369284063577652, "ndmi_mean": 0.07427868247032166, "ndbi_mean": -0.07427868247032166}, "geometry": {"type": "Polygon", "coordinates": [[[2.3197773876375307, 48.866895180666006], [2.319765644676285, 48.867794459480756], [2.3211287725368552, 48.867802198883176], [2.321140491968595, 48.866902919941104], [2.3197773876375307, 48.866895180666006]]]}}, {"type": "Feature", "properties": {"ndvi_mean": 0.021907448768615723, "ndmi_mean": -0.061133600771427155, "ndbi_mean": 0.061133600771427155}, "geometry": {"type": "Polygon", "coordinates": [[[2.321140491968595, 48.866902919941104], [2.3211287725368552, 48.867802198883176], [2.3224919008020573, 48.86780992276129], [2.3225035967042693, 48.866910643692194], [2.321140491968595, 48.866902919941104]]]}}, {"type": "Feature", "properties": {"ndvi_mean": 0.015954915434122086, "ndmi_mean": -0.0811079666018486, "ndbi_mean": 0.0811079666018486}, "geometry": {"type": "Polygon", "coordinates": [[[2.3225035967042693, 48.866910643692194], [2.3224919008020573, 48.86780992276129], [2.323855029471079, 48.867817631115116], [2.323866701843743, 48.8669183519192], [2.3225035967042693, 48.866910643692194]]]}}, {"type": "Feature", "properties": {"ndvi_mean": -0.001676242332905531, "ndmi_mean": -0.08293499797582626, "ndbi_mean": 0.08293499797582626}, "geometry": {"type": "Polygon", "coordinates": [[[2.323866701843743, 48.8669183519192], [2.323855029471079, 48.867817631115116], [2.325218158543108, 48.86782532394465], [2.325229807386203, 48.86692604462219], [2.323866701843743, 48.8669183519192]]]}}, {"type": "Feature", "properties": {"ndvi_mean": 0.028396664187312126, "ndmi_mean": -0.07681339234113693, "ndbi_mean": 0.07681339234113693}, "geometry": {"type": "Polygon", "coordinates": [[[2.325229807386203, 48.86692604462219], [2.325218158543108, 48.86782532394465], [2.3265812880173318, 48.86783300124985], [2.326592913330837, 48.86693372180112], [2.325229807386203, 48.86692604462219]]]}}, {"type": "Feature", "properties": {"ndvi_mean": 0.11048963665962219, "ndmi_mean": -0.05598907545208931, "ndbi_mean": 0.05598907545208931}, "geometry": {"type": "Polygon", "coordinates": [[[2.326592913330837, 48.86693372180112], [2.3265812880173318, 48.86783300124985], [2.327944417892938, 48.867840663030755], [2.3279560196768325, 48.86694138345599], [2.326592913330837, 48.86693372180112]]]}}, {"type": "Feature", "properties": {"ndvi_mean": 0.039834506809711456, "ndmi_mean": -0.0368664376437664, "ndbi_mean": 0.0368664376437664}, "geometry": {"type": "Polygon", "coordinates": [[[2.3279560196768325, 48.86694138345599], [2.327944417892938, 48.867840663030755], [2.3293075481691146, 48.86784830928733], [2.329319126423378, 48.866949029586785], [2.3279560196768325, 48.86694138345599]]]}}, {"type": "Feature", "properties": {"ndvi_mean": 0.022943630814552307, "ndmi_mean": -0.027566425502300262, "ndbi_mean": 0.027566425502300262}, "geometry": {"type": "Polygon", "coordinates": [[[2.329319126423378, 48.866949029586785], [2.3293075481691146, 48.86784830928733], [2.33067067884505, 48.867855940019595], [2.3306822335696613, 48.8669566601935], [2.329319126423378, 48.866949029586785]]]}}, {"type": "Feature", "properties": {"ndvi_mean": 0.050297871232032776, "ndmi_mean": -0.05755685642361641, "ndbi_mean": 0.05755685642361641}, "geometry": {"type": "Polygon", "coordinates": [[[2.3306822335696613, 48.8669566601935], [2.33067067884505, 48.867855940019595], [2.3320338099199303, 48.86786355522752], [2.3320453411148687, 48.86696427527615], [2.3306822335696613, 48.8669566601935]]]}}, {"type": "Feature", "properties": {"ndvi_mean": 0.017788754776120186, "ndmi_mean": -0.09356652200222015, "ndbi_mean": 0.09356652200222015}, "geometry": {"type": "Polygon", "coordinates": [[[2.3320453411148687, 48.86696427527615], [2.3320338099199303, 48.86786355522752], [2.3333969413929445, 48.86787115491109], [2.33340844905819, 48.866971874834725], [2.3320453411148687, 48.86696427527615]]]}}, {"type": "Feature", "properties": {"ndvi_mean": 0.007837178185582161, "ndmi_mean": -0.07031575590372086, "ndbi_mean": 0.07031575590372086}, "geometry": {"type": "Polygon", "coordinates": [[[2.33340844905819, 48.866971874834725], [2.3333969413929445, 48.86787115491109], [2.33476007326328, 48.86787873907031], [2.3347715573988115, 48.866979458869196], [2.33340844905819, 48.866971874834725]]]}}, {"type": "Feature", "properties": {"ndvi_mean": 0.021613871678709984, "ndmi_mean": -0.019057637080550194, "ndbi_mean": 0.019057637080550194}, "geometry": {"type": "Polygon", "coordinates": [[[2.3347715573988115, 48.866979458869196], [2.33476007326328, 48.86787873907031], [2.336123205530125, 48.86788630770519], [2.336134666135922, 48.866987027379565], [2.3347715573988115, 48.866979458869196]]]}}, {"type": "Feature", "properties": {"ndvi_mean": 0.1871291697025299, "ndmi_mean": -0.05970187112689018, "ndbi_mean": 0.05970187112689018}, "geometry": {"type": "Polygon", "coordinates": [[[2.2843491740034807, 48.86578923445249], [2.284336819709106, 48.86668851059967], [2.2856999132352, 48.86669665349728], [2.2857122440014397, 48.865797377216154], [2.2843491740034807, 48.86578923445249]]]}}, {"type": "Feature", "properties": {"ndvi_mean": 0.14537349343299866, "ndmi_mean": 0.00949276052415371, "ndbi_mean": -0.00949276052415371}, "geometry": {"type": "Polygon", "coordinates": [[[2.2857122440014397, 48.865797377216154], [2.2856999132352, 48.86669665349728], [2.287063007187022, 48.86670478087103], [2.2870753144251057, 48.865805504456205], [2.2857122440014397, 48.865797377216154]]]}}, {"type": "Feature", "properties": {"ndvi_mean": 0.0952872782945633, "ndmi_mean": -0.09991665929555893, "ndbi_mean": 0.09991665929555893}, "geometry": {"type": "Polygon", "coordinates": [[[2.2870753144251057, 48.865805504456205], [2.287063007187022, 48.86670478087103], [2.2884261015637604, 48.86671289272092], [2.288438385273665, 48.86581361617267], [2.2870753144251057, 48.865805504456205]]]}}, {"type": "Feature", "properties": {"ndvi_mean": 0.17702063918113708, "ndmi_mean": 0.02792421728372574, "ndbi_mean": -0.02792421728372574}, "geometry": {"type": "Polygon", "coordinates": [[[2.288438385273665, 48.86581361617267], [2.2884261015637604, 48.86671289272092], [2.289789196364602, 48.866720989046925], [2.2898014565463067, 48.8658217123655], [2.288438385273665, 48.86581361617267]]]}}, {"type": "Feature", "properties": {"ndvi_mean": 0.09035128355026245, "ndmi_mean": -0.031217463314533234, "ndbi_mean": 0.031217463314533234}, "geometry": {"type": "Polygon", "coordinates": [[[2.2898014565463067, 48.8658217123655], [2.289789196364602, 48.866720989046925], [2.2911522915887366, 48.86672906984907], [2.2911645282422186, 48.86582979303472], [2.2898014565463067, 48.8658217123655]]]}}, {"type": "Feature", "properties": {"ndvi_mean": 0.08170166611671448, "ndmi_mean": -0.05319349840283394, "ndbi_mean": 0.05319349840283394}, "geometry": {"type": "Polygon", "coordinates": [[[2.2911645282422186, 48.86582979303472], [2.2911522915887366, 48.86672906984907], [2.29251538723535, 48.866737135127316], [2.2925276003605877, 48.86583785818029], [2.2911645282422186, 48.86582979303472]]]}}, {"type": "Feature", "properties": {"ndvi_mean": 0.11157044768333435, "ndmi_mean": -0.0181278046220541, "ndbi_mean": 0.0181278046220541}, "geometry": {"type": "Polygon", "coordinates": [[[2.2925276003605877, 48.86583785818029], [2.29251538723535, 48.866737135127316], [2.2938784833036308, 48.86674518488169], [2.2938906729006026, 48.86584590780223], [2.2925276003605877, 48.86583785818029]]]}}, {"type": "Feature", "properties": {"ndvi_mean": 0.2640114724636078, "ndmi_mean": 0.067092664539814, "ndbi_mean": -0.067092664539814}, "geometry": {"type": "Polygon", "coordinates": [[[2.2938906729006026, 48.86584590780223], [2.2938784833036308, 48.86674518488169], [2.295241579792767, 48.866753219112155], [2.2952537458614506, 48.86585394190054], [2.2938906729006026, 48.86584590780223]]]}}, {"type": "Feature", "properties": {"ndvi_mean": 0.18379375338554382, "ndmi_mean": -0.020178567618131638, "ndbi_mean": 0.020178567618131638}, "geometry": {"type": "Polygon", "coordinates": [[[2.2952537458614506, 48.86585394190054], [2.295241579792767, 48.866753219112155], [2.296604676701946, 48.8667612378187], [2.29661681924232, 48.86586196047519], [2.2952537458614506, 48.86585394190054]]]}}, {"type": "Feature", "properties": {"ndvi_mean": 0.23303420841693878, "ndmi_mean": -0.002882459433749318, "ndbi_mean": 0.002882459433749318}, "geometry": {"type": "Polygon", "coordinates": [[[2.29661681924232, 48.86586196047519], [2.296604676701946, 48.8667612378187], [2.2979677740303557, 48.86676924100135], [2.297979893042398, 48.86586996352617], [2.29661681924232, 48.86586196047519]]]}}, {"type": "Feature", "properties": {"ndvi_mean": 0.04087967053055763, "ndmi_mean": -0.036039289087057114, "ndbi_mean": 0.036039289087057114}, "geometry": {"type": "Polygon", "coordinates": [[[2.297979893042398, 48.86586996352617], [2.2979677740303557, 48.86676924100135], [2.2993308717771836, 48.86677722866008], [2.299342967260874, 48.865877951053506], [2.297979893042398, 48.86586996352617]]]}}, {"type": "Feature", "properties": {"ndvi_mean": 0.312905490398407, "ndmi_mean": 0.10382924973964691, "ndbi_mean": -0.10382924973964691}, "geometry": {"type": "Polygon", "coordinates": [[[2.299342967260874, 48.865877951053506], [2.2993308717771836, 48.86677722866008], [2.3006939699416185, 48.866785200794865], [2.300706041896934, 48.865885923057164], [2.299342967260874, 48.865877951053506]]]}}, {"type": "Feature", "properties": {"ndvi_mean": 0.1698617935180664, "ndmi_mean": -0.023033173754811287, "ndbi_mean": 0.023033173754811287}, "geometry": {"type": "Polygon", "coordinates": [[[2.300706041896934, 48.865885923057164], [2.3006939699416185, 48.866785200794865], [2.302057068522848, 48.86679315740573], [2.3020691169497662, 48.86589387953716], [2.300706041896934, 48.865885923057164]]]}}, {"type": "Feature", "properties": {"ndvi_mean": 0.027198802679777145, "ndmi_mean": -0.09830304980278015, "ndbi_mean": 0.09830304980278015}, "geometry": {"type": "Polygon", "coordinates": [[[2.3020691169497662, 48.86589387953716], [2.302057068522848, 48.86679315740573], [2.3034201675200583, 48.86680109849266], [2.3034321924185592, 48.86590182049345], [2.3020691169497662, 48.86589387953716]]]}}, {"type": "Feature", "properties": {"ndvi_mean": 0.1284492313861847, "ndmi_mean": -0.039573874324560165, "ndbi_mean": 0.039573874324560165}, "geometry": {"type": "Polygon", "coordinates": [[[2.3034321924185592, 48.86590182049345], [2.3034201675200583, 48.86680109849266], [2.304783266932439, 48.86680902405564], [2.3047952683025006, 48.86590974592606], [2.3034321924185592, 48.86590182049345]]]}}, {"type": "Feature", "properties": {"ndvi_mean": 0.258220374584198, "ndmi_mean": 0.0023404990788549185, "ndbi_mean": -0.0023404990788549185}, "geometry": {"type": "Polygon", "coordinates": [[[2.3047952683025006, 48.86590974592606], [2.304783266932439, 48.86680902405564], [2.306146366759177, 48.86681693409467], [2.3061583446007776, 48.86591765583496], [2.3047952683025006, 48.86590974592606]]]}}, {"type": "Feature", "properties": {"ndvi_mean": 0.10293442010879517, "ndmi_mean": -0.03543485701084137, "ndbi_mean": 0.03543485701084137}, "geometry": {"type": "Polygon", "coordinates": [[[2.3061583446007776, 48.86591765583496], [2.306146366759177, 48.86681693409467], [2.3075094669994596, 48.86682482860974], [2.307521421312579, 48.86592555022017], [2.3061583446007776, 48.86591765583496]]]}}, {"type": "Feature", "properties": {"ndvi_mean": 0.12406992167234421, "ndmi_mean": -0.035171955823898315, "ndbi_mean": 0.035171955823898315}, "geometry": {"type": "Polygon", "coordinates": [[[2.307521421312579, 48.86592555022017], [2.3075094669994596, 48.86682482860974], [2.308872567652476, 48.86683270760083], [2.3088844984370915, 48.86593342908166], [2.307521421312579, 48.86592555022017]]]}}, {"type": "Feature", "properties": {"ndvi_mean": 0.20946332812309265, "ndmi_mean": -0.013143901713192463, "ndbi_mean": 0.013143901713192463}, "geometry": {"type": "Polygon", "coordinates": [[[2.3088844984370915, 48.86593342908166], [2.308872567652476, 48.86683270760083], [2.3102356687174135, 48.86684057106797], [2.310247575973504, 48.865941292419436], [2.3088844984370915, 48.86593342908166]]]}}, {"type": "Feature", "properties": {"ndvi_mean": 0.08723124861717224, "ndmi_mean": -0.10664348304271698, "ndbi_mean": 0.10664348304271698}, "geometry": {"type": "Polygon", "coordinates": [[[2.310247575973504, 48.865941292419436], [2.3102356687174135, 48.86684057106797], [2.3115987701934593, 48.86684841901111], [2.3116106539210035, 48.86594914023349], [2.310247575973504, 48.865941292419436]]]}}, {"type": "Feature", "properties": {"ndvi_mean": -0.02550842985510826, "ndmi_mean": -0.0941930040717125, "ndbi_mean": 0.0941930040717125}, "geometry": {"type": "Polygon", "coordinates": [[[2.3116106539210035, 48.86594914023349], [2.3115987701934593, 48.86684841901111], [2.3129618720798013, 48.86685625143027], [2.312973732278778, 48.86595697252379], [2.3116106539210035, 48.86594914023349]]]}}, {"type": "Feature", "properties": {"ndvi_mean": 0.1652282476425171, "ndmi_mean": -0.0270445104688406, "ndbi_mean": 0.0270445104688406}, "geometry": {"type": "Polygon", "coordinates": [[[2.312973732278778, 48.86595697252379], [2.3129618720798013, 48.86685625143027], [2.314324974375628, 48.86686406832543], [2.3143368110460156, 48.86596478929038], [2.312973732278778, 48.86595697252379]]]}}, {"type": "Feature", "properties": {"ndvi_mean": 0.3357970416545868, "ndmi_mean": 0.0664033591747284, "ndbi_mean": -0.0664033591747284}, "geometry": {"type": "Polygon", "coordinates": [[[2.3143368110460156, 48.86596478929038], [2.314324974375628, 48.86686406832543], [2.315688077080126, 48.86687186969659], [2.3156998902219046, 48.86597259053322], [2.3143368110460156, 48.86596478929038]]]}}, {"type": "Feature", "properties": {"ndvi_mean": 0.5099895000457764, "ndmi_mean": 0.14155569672584534, "ndbi_mean": -0.14155569672584534}, "geometry": {"type": "Polygon", "coordinates": [[[2.3156998902219046, 48.86597259053322], [2.315688077080126, 48.86687186969659], [2.3170511801924842, 48.86687965554375], [2.317062969805632, 48.865980376252296], [2.3156998902219046, 48.86597259053322]]]}}, {"type": "Feature", "properties": {"ndvi_mean": 0.43066173791885376, "ndmi_mean": 0.08854558318853378, "ndbi_mean": -0.08854558318853378}, "geometry": {"type": "Polygon", "coordinates": [[[2.317062969805632, 48.865980376252296], [2.3170511801924842, 48.86687965554375], [2.31841428371189, 48.86688742586689], [2.318426049796386, 48.865988146447634], [2.317062969805632, 48.865980376252296]]]}}, {"type": "Feature", "properties": {"ndvi_mean": 0.45540159940719604, "ndmi_mean": 0.10017789155244827, "ndbi_mean": -0.10017789155244827}, "geometry": {"type": "Polygon", "coordinates": [[[2.318426049796386, 48.865988146447634], [2.31841428371189, 48.86688742586689], [2.3197773876375307, 48.866895180666006], [2.3197891301933535, 48.865995901119184], [2.318426049796386, 48.865988146447634]]]}}, {"type": "Feature", "properties": {"ndvi_mean": 0.25972092151641846, "ndmi_mean": 0.028806624934077263, "ndbi_mean": -0.028806624934077263}, "geometry": {"type": "Polygon", "coordinates": [[[2.3197891301933535, 48.865995901119184], [2.3197773876375307, 48.866895180666006], [2.321140491968595, 48.866902919941104], [2.3211522109957237, 48.866003640266975], [2.3197891301933535, 48.865995901119184]]]}}, {"type": "Feature", "properties": {"ndvi_mean": 0.036372922360897064, "ndmi_mean": -0.059133343398571014, "ndbi_mean": 0.059133343398571014}, "geometry": {"type": "Polygon", "coordinates": [[[2.3211522109957237, 48.866003640266975], [2.321140491968595, 48.866902919941104], [2.3225035967042693, 48.866910643692194], [2.322515292202683, 48.866011363890976], [2.3211522109957237, 48.866003640266975]]]}}, {"type": "Feature", "properties": {"ndvi_mean": 0.04876280948519707, "ndmi_mean": -0.06525827944278717, "ndbi_mean": 0.06525827944278717}, "geometry": {"type": "Polygon", "coordinates": [[[2.322515292202683, 48.866011363890976], [2.3225035967042693, 48.866910643692194], [2.323866701843743, 48.8669183519192], [2.323878373813421, 48.86601907199122], [2.322515292202683, 48.866011363890976]]]}}, {"type": "Feature", "properties": {"ndvi_mean": 0.06886795163154602, "ndmi_mean": -0.05470597371459007, "ndbi_mean": 0.05470597371459007}, "geometry": {"type": "Polygon", "coordinates": [[[2.323878373813421, 48.86601907199122], [2.323866701843743, 48.8669183519192], [2.325229807386203, 48.86692604462219], [2.325241455827124, 48.86602676456764], [2.323878373813421, 48.86601907199122]]]}}, {"type": "Feature", "properties": {"ndvi_mean": 0.015222148969769478, "ndmi_mean": -0.060534119606018066, "ndbi_mean": 0.060534119606018066}, "geometry": {"type": "Polygon", "coordinates": [[[2.325241455827124, 48.86602676456764], [2.325229807386203, 48.86692604462219], [2.326592913330837, 48.86693372180112], [2.32660453824298, 48.8660344416203], [2.325241455827124, 48.86602676456764]]]}}, {"type": "Feature", "properties": {"ndvi_mean": 0.09301488101482391, "ndmi_mean": -0.07796739786863327, "ndbi_mean": 0.07796739786863327}, "geometry": {"type": "Polygon", "coordinates": [[[2.32660453824298, 48.8660344416203], [2.326592913330837, 48.86693372180112], [2.3279560196768325, 48.86694138345599], [2.327967621060178, 48.86604210314912], [2.32660453824298, 48.8660344416203]]]}}, {"type": "Feature", "properties": {"ndvi_mean": 0.023290202021598816, "ndmi_mean": -0.12620143592357635, "ndbi_mean": 0.12620143592357635}, "geometry": {"type": "Polygon", "coordinates": [[[2.327967621060178, 48.86604210314912], [2.3279560196768325, 48.86694138345599], [2.329319126423378, 48.866949029586785], [2.329330704277904, 48.86604974915416], [2.327967621060178, 48.86604210314912]]]}}, {"type": "Feature", "properties": {"ndvi_mean": 0.049448758363723755, "ndmi_mean": -0.08579403907060623, "ndbi_mean": 0.08579403907060623}, "geometry": {"type": "Polygon", "coordinates": [[[2.329330704277904, 48.86604974915416], [2.329319126423378, 48.866949029586785], [2.3306822335696613, 48.8669566601935], [2.3306937878953473, 48.86605737963535], [2.329330704277904, 48.86604974915416]]]}}, {"type": "Feature", "properties": {"ndvi_mean": 0.03516591712832451, "ndmi_mean": -0.11157522350549698, "ndbi_mean": 0.11157522350549698}, "geometry": {"type": "Polygon", "coordinates": [[[2.3306937878953473, 48.86605737963535], [2.3306822335696613, 48.8669566601935], [2.3320453411148687, 48.86696427527615], [2.332056871911695, 48.86606499459273], [2.3306937878953473, 48.86605737963535]]]}}, {"type": "Feature", "properties": {"ndvi_mean": 0.028363578021526337, "ndmi_mean": -0.0763210728764534, "ndbi_mean": 0.0763210728764534}, "geometry": {"type": "Polygon", "coordinates": [[[2.332056871911695, 48.86606499459273], [2.3320453411148687, 48.86696427527615], [2.33340844905819, 48.866971874834725], [2.3334199563261344, 48.86607259402629], [2.332056871911695, 48.86606499459273]]]}}, {"type": "Feature", "properties": {"ndvi_mean": 0.015612367540597916, "ndmi_mean": -0.0640232264995575, "ndbi_mean": 0.0640232264995575}, "geometry": {"type": "Polygon", "coordinates": [[[2.3334199563261344, 48.86607259402629], [2.33340844905819, 48.866971874834725], [2.3347715573988115, 48.866979458869196], [2.334783041137855, 48.866080177936], [2.3334199563261344, 48.86607259402629]]]}}, {"type": "Feature", "properties": {"ndvi_mean": 0.035505954176187515, "ndmi_mean": -0.07986387610435486, "ndbi_mean": 0.07986387610435486}, "geometry": {"type": "Polygon", "coordinates": [[[2.334783041137855, 48.866080177936], [2.3347715573988115, 48.866979458869196], [2.336134666135922, 48.866987027379565], [2.3361461263460432, 48.866087746321874], [2.334783041137855, 48.866080177936]]]}}, {"type": "Feature", "properties": {"ndvi_mean": 0.14610984921455383, "ndmi_mean": -0.08970329910516739, "ndbi_mean": 0.08970329910516739}, "geometry": {"type": "Polygon", "coordinates": [[[2.284361527871337, 48.86488995757339], [2.2843491740034807, 48.86578923445249], [2.2857122440014397, 48.865797377216154], [2.2857245743419736, 48.86489810020309], [2.284361527871337, 48.86488995757339]]]}}, {"type": "Feature", "properties": {"ndvi_mean": 0.17884215712547302, "ndmi_mean": -0.016782047227025032, "ndbi_mean": 0.016782047227025032}, "geometry": {"type": "Polygon", "coordinates": [[[2.2857245743419736, 48.86489810020309], [2.2857122440014397, 48.865797377216154], [2.2870753144251057, 48.865805504456205], [2.2870876212382947, 48.86490622730946], [2.2857245743419736, 48.86489810020309]]]}}, {"type": "Feature", "properties": {"ndvi_mean": 0.16275659203529358, "ndmi_mean": -0.049147918820381165, "ndbi_mean": 0.049147918820381165}, "geometry": {"type": "Polygon", "coordinates": [[[2.2870876212382947, 48.86490622730946], [2.2870753144251057, 48.865805504456205], [2.288438385273665, 48.86581361617267], [2.288450668559488, 48.86491433889248], [2.2870876212382947, 48.86490622730946]]]}}, {"type": "Feature", "properties": {"ndvi_mean": 0.1675654798746109, "ndmi_mean": 0.01618642546236515, "ndbi_mean": -0.01618642546236515}, "geometry": {"type": "Polygon", "coordinates": [[[2.288450668559488, 48.86491433889248], [2.288438385273665, 48.86581361617267], [2.2898014565463067, 48.8658217123655], [2.2898137163047414, 48.864922434952135], [2.288450668559488, 48.86491433889248]]]}}, {"type": "Feature", "properties": {"ndvi_mean": 0.13132931292057037, "ndmi_mean": -0.019064193591475487, "ndbi_mean": 0.019064193591475487}, "geometry": {"type": "Polygon", "coordinates": [[[2.2898137163047414, 48.864922434952135], [2.2898014565463067, 48.8658217123655], [2.2911645282422186, 48.86582979303472], [2.291176764473243, 48.86493051548842], [2.2898137163047414, 48.864922434952135]]]}}, {"type": "Feature", "properties": {"ndvi_mean": 0.1424664705991745, "ndmi_mean": -0.015466040000319481, "ndbi_mean": 0.015466040000319481}, "geometry": {"type": "Polygon", "coordinates": [[[2.291176764473243, 48.86493051548842], [2.2911645282422186, 48.86582979303472], [2.2925276003605877, 48.86583785818029], [2.29253981306418, 48.86493858050134], [2.291176764473243, 48.86493051548842]]]}}, {"type": "Feature", "properties": {"ndvi_mean": 0.10163133591413498, "ndmi_mean": -0.042078450322151184, "ndbi_mean": 0.042078450322151184}, "geometry": {"type": "Polygon", "coordinates": [[[2.29253981306418, 48.86493858050134], [2.2925276003605877, 48.86583785818029], [2.2938906729006026, 48.86584590780223], [2.2939028620767408, 48.864946629990875], [2.29253981306418, 48.86493858050134]]]}}, {"type": "Feature", "properties": {"ndvi_mean": 0.2953753173351288, "ndmi_mean": 0.07148446887731552, "ndbi_mean": -0.07148446887731552}, "geometry": {"type": "Polygon", "coordinates": [[[2.2939028620767408, 48.864946629990875], [2.2938906729006026, 48.86584590780223], [2.2952537458614506, 48.86585394190054], [2.2952659115101133, 48.86495466395701], [2.2939028620767408, 48.864946629990875]]]}}, {"type": "Feature", "properties": {"ndvi_mean": 0.3280942440032959, "ndmi_mean": 0.06741511076688766, "ndbi_mean": -0.06741511076688766}, "geometry": {"type": "Polygon", "coordinates": [[[2.2952659115101133, 48.86495466395701], [2.2952537458614506, 48.86585394190054], [2.29661681924232, 48.86586196047519], [2.296628961363485, 48.864962682399764], [2.2952659115101133, 48.86495466395701]]]}}, {"type": "Feature", "properties": {"ndvi_mean": 0.3318263590335846, "ndmi_mean": 0.0746014416217804, "ndbi_mean": -0.0746014416217804}, "geometry": {"type": "Polygon", "coordinates": [[[2.296628961363485, 48.864962682399764], [2.29661681924232, 48.86586196047519], [2.297979893042398, 48.86586996352617], [2.297992011636044, 48.8649706853191], [2.296628961363485, 48.864962682399764]]]}}, {"type": "Feature", "properties": {"ndvi_mean": 0.15373961627483368, "ndmi_mean": 0.026530349627137184, "ndbi_mean": -0.026530349627137184}, "geometry": {"type": "Polygon", "coordinates": [[[2.297992011636044, 48.8649706853191], [2.297979893042398, 48.86586996352617], [2.299342967260874, 48.865877951053506], [2.2993550623269785, 48.86497867271505], [2.297992011636044, 48.8649706853191]]]}}, {"type": "Feature", "properties": {"ndvi_mean": 0.25458526611328125, "ndmi_mean": 0.04876448214054108, "ndbi_mean": -0.04876448214054108}, "geometry": {"type": "Polygon", "coordinates": [[[2.2993550623269785, 48.86497867271505], [2.299342967260874, 48.865877951053506], [2.300706041896934, 48.865885923057164], [2.3007181134354764, 48.86498664458757], [2.2993550623269785, 48.86497867271505]]]}}, {"type": "Feature", "properties": {"ndvi_mean": 0.16849471628665924, "ndmi_mean": 0.007755028083920479, "ndbi_mean": -0.007755028083920479}, "geometry": {"type": "Polygon", "coordinates": [[[2.3007181134354764, 48.86498664458757], [2.300706041896934, 48.865885923057164], [2.3020691169497662, 48.86589387953716], [2.302081164960725, 48.86499460093667], [2.3007181134354764, 48.86498664458757]]]}}, {"type": "Feature", "properties": {"ndvi_mean": 0.21938855946063995, "ndmi_mean": 0.005969568621367216, "ndbi_mean": -0.005969568621367216}, "geometry": {"type": "Polygon", "coordinates": [[[2.302081164960725, 48.86499460093667], [2.3020691169497662, 48.86589387953716], [2.3034321924185592, 48.86590182049345], [2.303444216901912, 48.86500254176234], [2.302081164960725, 48.86499460093667]]]}}, {"type": "Feature", "properties": {"ndvi_mean": 0.2199883908033371, "ndmi_mean": -0.010160377249121666, "ndbi_mean": 0.010160377249121666}, "geometry": {"type": "Polygon", "coordinates": [[[2.303444216901912, 48.86500254176234], [2.3034321924185592, 48.86590182049345], [2.3047952683025006, 48.86590974592606], [2.304807269258226, 48.86501046706457], [2.303444216901912, 48.86500254176234]]]}}, {"type": "Feature", "properties": {"ndvi_mean": 0.15745092928409576, "ndmi_mean": -0.028754722326993942, "ndbi_mean": 0.028754722326993942}, "geometry": {"type": "Polygon", "coordinates": [[[2.304807269258226, 48.86501046706457], [2.3047952683025006, 48.86590974592606], [2.3061583446007776, 48.86591765583496], [2.3061703220288545, 48.86501837684337], [2.304807269258226, 48.86501046706457]]]}}, {"type": "Feature", "properties": {"ndvi_mean": 0.11827605962753296, "ndmi_mean": -0.03027994930744171, "ndbi_mean": 0.03027994930744171}, "geometry": {"type": "Polygon", "coordinates": [[[2.3061703220288545, 48.86501837684337], [2.3061583446007776, 48.86591765583496], [2.307521421312579, 48.86592555022017], [2.307533375212986, 48.865026271098706], [2.3061703220288545, 48.86501837684337]]]}}, {"type": "Feature", "properties": {"ndvi_mean": 0.07579325884580612, "ndmi_mean": -0.0681355744600296, "ndbi_mean": 0.0681355744600296}, "geometry": {"type": "Polygon", "coordinates": [[[2.307533375212986, 48.865026271098706], [2.307521421312579, 48.86592555022017], [2.3088844984370915, 48.86593342908166], [2.3088964288098075, 48.8650341498306], [2.307533375212986, 48.865026271098706]]]}}, {"type": "Feature", "properties": {"ndvi_mean": 0.1420050412416458, "ndmi_mean": -0.005599495023488998, "ndbi_mean": 0.005599495023488998}, "geometry": {"type": "Polygon", "coordinates": [[[2.3088964288098075, 48.8650341498306], [2.3088844984370915, 48.86593342908166], [2.310247575973504, 48.865941292419436], [2.310259482818507, 48.86504201303903], [2.3088964288098075, 48.8650341498306]]]}}, {"type": "Feature", "properties": {"ndvi_mean": 0.4289243221282959, "ndmi_mean": 0.09261879324913025, "ndbi_mean": -0.09261879324913025}, "geometry": {"type": "Polygon", "coordinates": [[[2.310259482818507, 48.86504201303903], [2.310247575973504, 48.865941292419436], [2.3116106539210035, 48.86594914023349], [2.3116225372382724, 48.86504986072398], [2.310259482818507, 48.86504201303903]]]}}, {"type": "Feature", "properties": {"ndvi_mean": 0.040754541754722595, "ndmi_mean": -0.10358626395463943, "ndbi_mean": 0.10358626395463943}, "geometry": {"type": "Polygon", "coordinates": [[[2.3116225372382724, 48.86504986072398], [2.3116106539210035, 48.86594914023349], [2.312973732278778, 48.86595697252379], [2.3129855920682925, 48.865057692885465], [2.3116225372382724, 48.86504986072398]]]}}, {"type": "Feature", "properties": {"ndvi_mean": 0.2823585569858551, "ndmi_mean": 0.04830623045563698, "ndbi_mean": -0.04830623045563698}, "geometry": {"type": "Polygon", "coordinates": [[[2.3129855920682925, 48.865057692885465], [2.312973732278778, 48.86595697252379], [2.3143368110460156, 48.86596478929038], [2.3143486473077535, 48.86506550952346], [2.3129855920682925, 48.865057692885465]]]}}, {"type": "Feature", "properties": {"ndvi_mean": 0.351782888174057, "ndmi_mean": 0.08993370831012726, "ndbi_mean": -0.08993370831012726}, "geometry": {"type": "Polygon", "coordinates": [[[2.3143486473077535, 48.86506550952346], [2.3143368110460156, 48.86596478929038], [2.3156998902219046, 48.86597259053322], [2.3157117029558445, 48.86507331063796], [2.3143486473077535, 48.86506550952346]]]}}, {"type": "Feature", "properties": {"ndvi_mean": 0.6465175151824951, "ndmi_mean": 0.22558870911598206, "ndbi_mean": -0.22558870911598206}, "geometry": {"type": "Polygon", "coordinates": [[[2.3157117029558445, 48.86507331063796], [2.3156998902219046, 48.86597259053322], [2.317062969805632, 48.865980376252296], [2.317074759011753, 48.86508109622898], [2.3157117029558445, 48.86507331063796]]]}}, {"type": "Feature", "properties": {"ndvi_mean": 0.6176791191101074, "ndmi_mean": 0.2018730193376541, "ndbi_mean": -0.2018730193376541}, "geometry": {"type": "Polygon", "coordinates": [[[2.317074759011753, 48.86508109622898], [2.317062969805632, 48.865980376252296], [2.318426049796386, 48.865988146447634], [2.3184378154746668, 48.86508886629648], [2.317074759011753, 48.86508109622898]]]}}, {"type": "Feature", "properties": {"ndvi_mean": 0.46758148074150085, "ndmi_mean": 0.11286438256502151, "ndbi_mean": -0.11286438256502151}, "geometry": {"type": "Polygon", "coordinates": [[[2.3184378154746668, 48.86508886629648], [2.318426049796386, 48.865988146447634], [2.3197891301933535, 48.865995901119184], [2.319800872343774, 48.86509662084049], [2.3184378154746668, 48.86508886629648]]]}}, {"type": "Feature", "properties": {"ndvi_mean": 0.03648686781525612, "ndmi_mean": -0.05036461353302002, "ndbi_mean": 0.05036461353302002}, "geometry": {"type": "Polygon", "coordinates": [[[2.319800872343774, 48.86509662084049], [2.3197891301933535, 48.865995901119184], [2.3211522109957237, 48.866003640266975], [2.3211639296182622, 48.865104359860965], [2.319800872343774, 48.86509662084049]]]}}, {"type": "Feature", "properties": {"ndvi_mean": 0.020692050457000732, "ndmi_mean": -0.030530722811818123, "ndbi_mean": 0.030530722811818123}, "geometry": {"type": "Polygon", "coordinates": [[[2.3211639296182622, 48.865104359860965], [2.3211522109957237, 48.866003640266975], [2.322515292202683, 48.866011363890976], [2.322526987297319, 48.86511208335793], [2.3211639296182622, 48.865104359860965]]]}}, {"type": "Feature", "properties": {"ndvi_mean": 0.3231247663497925, "ndmi_mean": 0.054409876465797424, "ndbi_mean": -0.054409876465797424}, "geometry": {"type": "Polygon", "coordinates": [[[2.322526987297319, 48.86511208335793], [2.322515292202683, 48.866011363890976], [2.323878373813421, 48.86601907199122], [2.323890045380133, 48.86511979133135], [2.322526987297319, 48.86511208335793]]]}}, {"type": "Feature", "properties": {"ndvi_mean": 0.35508522391319275, "ndmi_mean": 0.06238125264644623, "ndbi_mean": -0.06238125264644623}, "geometry": {"type": "Polygon", "coordinates": [[[2.323890045380133, 48.86511979133135], [2.323878373813421, 48.86601907199122], [2.325241455827124, 48.86602676456764], [2.3252531038658915, 48.86512748378125], [2.323890045380133, 48.86511979133135]]]}}, {"type": "Feature", "properties": {"ndvi_mean": 0.20369184017181396, "ndmi_mean": 0.02930116094648838, "ndbi_mean": -0.02930116094648838}, "geometry": {"type": "Polygon", "coordinates": [[[2.3252531038658915, 48.86512748378125], [2.325241455827124, 48.86602676456764], [2.32660453824298, 48.8660344416203], [2.3266161627537825, 48.86513516070762], [2.3252531038658915, 48.86512748378125]]]}}, {"type": "Feature", "properties": {"ndvi_mean": 0.044111598283052444, "ndmi_mean": -0.018765799701213837, "ndbi_mean": 0.018765799701213837}, "geometry": {"type": "Polygon", "coordinates": [[[2.3266161627537825, 48.86513516070762], [2.32660453824298, 48.8660344416203], [2.327967621060178, 48.86604210314912], [2.327979222042994, 48.865142822110414], [2.3266161627537825, 48.86513516070762]]]}}, {"type": "Feature", "properties": {"ndvi_mean": 0.013978160917758942, "ndmi_mean": -0.08475108444690704, "ndbi_mean": 0.08475108444690704}, "geometry": {"type": "Polygon", "coordinates": [[[2.327979222042994, 48.865142822110414], [2.327967621060178, 48.86604210314912], [2.329330704277904, 48.86604974915416], [2.3293422817327136, 48.865150467989665], [2.327979222042994, 48.865142822110414]]]}}, {"type": "Feature", "properties": {"ndvi_mean": 0.011556822806596756, "ndmi_mean": -0.07657955586910248, "ndbi_mean": 0.07657955586910248}, "geometry": {"type": "Polygon", "coordinates": [[[2.3293422817327136, 48.865150467989665], [2.329330704277904, 48.86604974915416], [2.3306937878953473, 48.86605737963535], [2.3307053418221293, 48.86515809834535], [2.3293422817327136, 48.865150467989665]]]}}, {"type": "Feature", "properties": {"ndvi_mean": 0.0040124631486833096, "ndmi_mean": -0.08378879725933075, "ndbi_mean": 0.08378879725933075}, "geometry": {"type": "Polygon", "coordinates": [[[2.3307053418221293, 48.86515809834535], [2.3306937878953473, 48.86605737963535], [2.332056871911695, 48.86606499459273], [2.3320684023104286, 48.86516571317747], [2.3307053418221293, 48.86515809834535]]]}}, {"type": "Feature", "properties": {"ndvi_mean": 0.03555389866232872, "ndmi_mean": -0.1174965351819992, "ndbi_mean": 0.1174965351819992}, "geometry": {"type": "Polygon", "coordinates": [[[2.3320684023104286, 48.86516571317747], [2.332056871911695, 48.86606499459273], [2.3334199563261344, 48.86607259402629], [2.333431463196799, 48.86517331248601], [2.3320684023104286, 48.86516571317747]]]}}, {"type": "Feature", "properties": {"ndvi_mean": 0.0038127065636217594, "ndmi_mean": -0.10515399277210236, "ndbi_mean": 0.10515399277210236}, "geometry": {"type": "Polygon", "coordinates": [[[2.333431463196799, 48.86517331248601], [2.3334199563261344, 48.86607259402629], [2.334783041137855, 48.866080177936], [2.33479452448043, 48.865180896270985], [2.333431463196799, 48.86517331248601]]]}}, {"type": "Feature", "properties": {"ndvi_mean": 0.007472587283700705, "ndmi_mean": -0.09744952619075775, "ndbi_mean": 0.09744952619075775}, "geometry": {"type": "Polygon", "coordinates": [[[2.33479452448043, 48.865180896270985], [2.334783041137855, 48.866080177936], [2.3361461263460432, 48.866087746321874], [2.336157586160508, 48.865188464532345], [2.33479452448043, 48.865180896270985]]]}}, {"type": "Feature", "properties": {"ndvi_mean": 0.1272815316915512, "ndmi_mean": -0.0504157729446888, "ndbi_mean": 0.0504157729446888}, "geometry": {"type": "Polygon", "coordinates": [[[2.284373881312696, 48.86399067996257], [2.284361527871337, 48.86488995757339], [2.2857245743419736, 48.86489810020309], [2.2857369042568227, 48.86399882245834], [2.284373881312696, 48.86399067996257]]]}}, {"type": "Feature", "properties": {"ndvi_mean": 0.2732482850551605, "ndmi_mean": 0.07378225028514862, "ndbi_mean": -0.07378225028514862}, "geometry": {"type": "Polygon", "coordinates": [[[2.2857369042568227, 48.86399882245834], [2.2857245743419736, 48.86489810020309], [2.2870876212382947, 48.86490622730946], [2.287099927626612, 48.864006949431015], [2.2857369042568227, 48.86399882245834]]]}}, {"type": "Feature", "properties": {"ndvi_mean": 0.24793876707553864, "ndmi_mean": 0.05431170016527176, "ndbi_mean": -0.05431170016527176}, "geometry": {"type": "Polygon", "coordinates": [[[2.287099927626612, 48.864006949431015], [2.2870876212382947, 48.86490622730946], [2.288450668559488, 48.86491433889248], [2.2884629514212507, 48.8640150608806], [2.287099927626612, 48.864006949431015]]]}}, {"type": "Feature", "properties": {"ndvi_mean": 0.10204815864562988, "ndmi_mean": -0.04568985104560852, "ndbi_mean": 0.04568985104560852}, "geometry": {"type": "Polygon", "coordinates": [[[2.2884629514212507, 48.8640150608806], [2.288450668559488, 48.86491433889248], [2.2898137163047414, 48.864922434952135], [2.2898259756399284, 48.864023156807086], [2.2884629514212507, 48.8640150608806]]]}}, {"type": "Feature", "properties": {"ndvi_mean": 0.060291048139333725, "ndmi_mean": -0.060070764273405075, "ndbi_mean": 0.060070764273405075}, "geometry": {"type": "Polygon", "coordinates": [[[2.2898259756399284, 48.864023156807086], [2.2898137163047414, 48.864922434952135], [2.291176764473243, 48.86493051548842], [2.2911890002818316, 48.86403123721044], [2.2898259756399284, 48.864023156807086]]]}}, {"type": "Feature", "properties": {"ndvi_mean": 0.17465080320835114, "ndmi_mean": -0.01831623911857605, "ndbi_mean": 0.01831623911857605}, "geometry": {"type": "Polygon", "coordinates": [[[2.2911890002818316, 48.86403123721044], [2.291176764473243, 48.86493051548842], [2.29253981306418, 48.86493858050134], [2.2925520253461484, 48.8640393020907], [2.2911890002818316, 48.86403123721044]]]}}, {"type": "Feature", "properties": {"ndvi_mean": 0.33037418127059937, "ndmi_mean": 0.029926056042313576, "ndbi_mean": -0.029926056042313576}, "geometry": {"type": "Polygon", "coordinates": [[[2.2925520253461484, 48.8640393020907], [2.29253981306418, 48.86493858050134], [2.2939028620767408, 48.864946629990875], [2.2939150508320676, 48.864047351447816], [2.2925520253461484, 48.8640393020907]]]}}, {"type": "Feature", "properties": {"ndvi_mean": 0.29827290773391724, "ndmi_mean": 0.0560385026037693, "ndbi_mean": -0.0560385026037693}, "geometry": {"type": "Polygon", "coordinates": [[[2.2939150508320676, 48.864047351447816], [2.2939028620767408, 48.864946629990875], [2.2952659115101133, 48.86495466395701], [2.2952780767387764, 48.864055385281816], [2.2939150508320676, 48.864047351447816]]]}}, {"type": "Feature", "properties": {"ndvi_mean": 0.2918606698513031, "ndmi_mean": 0.031940847635269165, "ndbi_mean": -0.031940847635269165}, "geometry": {"type": "Polygon", "coordinates": [[[2.2952780767387764, 48.864055385281816], [2.2952659115101133, 48.86495466395701], [2.296628961363485, 48.864962682399764], [2.2966411030654625, 48.86406340359267], [2.2952780767387764, 48.864055385281816]]]}}, {"type": "Feature", "properties": {"ndvi_mean": 0.19123539328575134, "ndmi_mean": 0.003826472209766507, "ndbi_mean": -0.003826472209766507}, "geometry": {"type": "Polygon", "coordinates": [[[2.2966411030654625, 48.86406340359267], [2.296628961363485, 48.864962682399764], [2.297992011636044, 48.8649706853191], [2.298004129811315, 48.864071406380354], [2.2966411030654625, 48.86406340359267]]]}}, {"type": "Feature", "properties": {"ndvi_mean": 0.2820338010787964, "ndmi_mean": 0.06598138809204102, "ndbi_mean": -0.06598138809204102}, "geometry": {"type": "Polygon", "coordinates": [[[2.298004129811315, 48.864071406380354], [2.297992011636044, 48.8649706853191], [2.2993550623269785, 48.86497867271505], [2.2993671569755203, 48.86407939364491], [2.298004129811315, 48.864071406380354]]]}}, {"type": "Feature", "properties": {"ndvi_mean": 0.13828790187835693, "ndmi_mean": -0.018086256459355354, "ndbi_mean": 0.018086256459355354}, "geometry": {"type": "Polygon", "coordinates": [[[2.2993671569755203, 48.86407939364491], [2.2993550623269785, 48.86497867271505], [2.3007181134354764, 48.86498664458757], [2.300730184557268, 48.864087365386304], [2.2993671569755203, 48.86407939364491]]]}}, {"type": "Feature", "properties": {"ndvi_mean": 0.2500962018966675, "ndmi_mean": 0.04834338650107384, "ndbi_mean": -0.04834338650107384}, "geometry": {"type": "Polygon", "coordinates": [[[2.300730184557268, 48.864087365386304], [2.3007181134354764, 48.86498664458757], [2.302081164960725, 48.86499460093667], [2.3020932125557443, 48.864095321604516], [2.300730184557268, 48.864087365386304]]]}}, {"type": "Feature", "properties": {"ndvi_mean": 0.5021992921829224, "ndmi_mean": 0.1295616328716278, "ndbi_mean": -0.1295616328716278}, "geometry": {"type": "Polygon", "coordinates": [[[2.3020932125557443, 48.864095321604516], [2.302081164960725, 48.86499460093667], [2.303444216901912, 48.86500254176234], [2.3034562409701382, 48.86410326229957], [2.3020932125557443, 48.864095321604516]]]}}, {"type": "Feature", "properties": {"ndvi_mean": 0.319408655166626, "ndmi_mean": 0.06239132583141327, "ndbi_mean": -0.06239132583141327}, "geometry": {"type": "Polygon", "coordinates": [[[2.3034562409701382, 48.86410326229957], [2.303444216901912, 48.86500254176234], [2.304807269258226, 48.86501046706457], [2.304819269799637, 48.86411118747144], [2.3034562409701382, 48.86410326229957]]]}}, {"type": "Feature", "properties": {"ndvi_mean": 0.4639856815338135, "ndmi_mean": 0.1308804601430893, "ndbi_mean": -0.1308804601430893}, "geometry": {"type": "Polygon", "coordinates": [[[2.304819269799637, 48.86411118747144], [2.304807269258226, 48.86501046706457], [2.3061703220288545, 48.86501837684337], [2.3061822990434293, 48.86411909712012], [2.304819269799637, 48.86411118747144]]]}}, {"type": "Feature", "properties": {"ndvi_mean": 0.48322853446006775, "ndmi_mean": 0.11729299277067184, "ndbi_mean": -0.11729299277067184}, "geometry": {"type": "Polygon", "coordinates": [[[2.3061822990434293, 48.86411909712012], [2.3061703220288545, 48.86501837684337], [2.307533375212986, 48.865026271098706], [2.3075453287007024, 48.8641269912456], [2.3061822990434293, 48.86411909712012]]]}}, {"type": "Feature", "properties": {"ndvi_mean": 0.47722530364990234, "ndmi_mean": 0.0983111783862114, "ndbi_mean": -0.0983111783862114}, "geometry": {"type": "Polygon", "coordinates": [[[2.3075453287007024, 48.8641269912456], [2.307533375212986, 48.865026271098706], [2.3088964288098075, 48.8650341498306], [2.308908358770645, 48.86413486984789], [2.3075453287007024, 48.8641269912456]]]}}, {"type": "Feature", "properties": {"ndvi_mean": 0.3577319383621216, "ndmi_mean": 0.06604035198688507, "ndbi_mean": -0.06604035198688507}, "geometry": {"type": "Polygon", "coordinates": [[[2.308908358770645, 48.86413486984789], [2.3088964288098075, 48.8650341498306], [2.310259482818507, 48.86504201303903], [2.310271389252444, 48.864142732926965], [2.308908358770645, 48.86413486984789]]]}}, {"type": "Feature", "properties": {"ndvi_mean": 0.45915186405181885, "ndmi_mean": 0.11522984504699707, "ndbi_mean": -0.11522984504699707}, "geometry": {"type": "Polygon", "coordinates": [[[2.310271389252444, 48.864142732926965], [2.310259482818507, 48.86504201303903], [2.3116225372382724, 48.86504986072398], [2.3116344201452876, 48.86415058048283], [2.310271389252444, 48.864142732926965]]]}}, {"type": "Feature", "properties": {"ndvi_mean": 0.48839783668518066, "ndmi_mean": 0.08503710478544235, "ndbi_mean": -0.08503710478544235}, "geometry": {"type": "Polygon", "coordinates": [[[2.3116344201452876, 48.86415058048283], [2.3116225372382724, 48.86504986072398], [2.3129855920682925, 48.865057692885465], [2.312997451448364, 48.864158412515465], [2.3116344201452876, 48.86415058048283]]]}}, {"type": "Feature", "properties": {"ndvi_mean": 0.20833007991313934, "ndmi_mean": 0.017486969009041786, "ndbi_mean": -0.017486969009041786}, "geometry": {"type": "Polygon", "coordinates": [[[2.312997451448364, 48.864158412515465], [2.3129855920682925, 48.865057692885465], [2.3143486473077535, 48.86506550952346], [2.3143604831608613, 48.864166229024896], [2.312997451448364, 48.864158412515465]]]}}, {"type": "Feature", "properties": {"ndvi_mean": 0.5048947930335999, "ndmi_mean": 0.12402454018592834, "ndbi_mean": -0.12402454018592834}, "geometry": {"type": "Polygon", "coordinates": [[[2.3143604831608613, 48.864166229024896], [2.3143486473077535, 48.86506550952346], [2.3157117029558445, 48.86507331063796], [2.3157235152819666, 48.864174030011064], [2.3143604831608613, 48.864166229024896]]]}}, {"type": "Feature", "properties": {"ndvi_mean": 0.5214080214500427, "ndmi_mean": 0.15653708577156067, "ndbi_mean": -0.15653708577156067}, "geometry": {"type": "Polygon", "coordinates": [[[2.3157235152819666, 48.864174030011064], [2.3157117029558445, 48.86507331063796], [2.317074759011753, 48.86508109622898], [2.317086547810869, 48.86418181547401], [2.3157235152819666, 48.864174030011064]]]}}, {"type": "Feature", "properties": {"ndvi_mean": 0.40703457593917847, "ndmi_mean": 0.06650259345769882, "ndbi_mean": -0.06650259345769882}, "geometry": {"type": "Polygon", "coordinates": [[[2.317086547810869, 48.86418181547401], [2.317074759011753, 48.86508109622898], [2.3184378154746668, 48.86508886629648], [2.3184495807467553, 48.864189585413705], [2.317086547810869, 48.86418181547401]]]}}, {"type": "Feature", "properties": {"ndvi_mean": 0.2165314108133316, "ndmi_mean": 0.002828708617016673, "ndbi_mean": -0.002828708617016673}, "geometry": {"type": "Polygon", "coordinates": [[[2.3184495807467553, 48.864189585413705], [2.3184378154746668, 48.86508886629648], [2.319800872343774, 48.86509662084049], [2.3198126140888133, 48.86419733983014], [2.3184495807467553, 48.864189585413705]]]}}, {"type": "Feature", "properties": {"ndvi_mean": 0.037436626851558685, "ndmi_mean": -0.039878688752651215, "ndbi_mean": 0.039878688752651215}, "geometry": {"type": "Polygon", "coordinates": [[[2.3198126140888133, 48.86419733983014], [2.319800872343774, 48.86509662084049], [2.3211639296182622, 48.865104359860965], [2.321175647836232, 48.86420507872333], [2.3198126140888133, 48.86419733983014]]]}}, {"type": "Feature", "properties": {"ndvi_mean": 0.10664674639701843, "ndmi_mean": -0.02459668181836605, "ndbi_mean": 0.02459668181836605}, "geometry": {"type": "Polygon", "coordinates": [[[2.321175647836232, 48.86420507872333], [2.3211639296182622, 48.865104359860965], [2.322526987297319, 48.86511208335793], [2.322538681988198, 48.864212802093235], [2.321175647836232, 48.86420507872333]]]}}, {"type": "Feature", "properties": {"ndvi_mean": 0.10943534970283508, "ndmi_mean": -0.03799517825245857, "ndbi_mean": 0.03799517825245857}, "geometry": {"type": "Polygon", "coordinates": [[[2.322538681988198, 48.864212802093235], [2.322526987297319, 48.86511208335793], [2.323890045380133, 48.86511979133135], [2.3239017165439004, 48.86422050993988], [2.322538681988198, 48.864212802093235]]]}}, {"type": "Feature", "properties": {"ndvi_mean": 0.21524396538734436, "ndmi_mean": -0.04377484321594238, "ndbi_mean": 0.04377484321594238}, "geometry": {"type": "Polygon", "coordinates": [[[2.3239017165439004, 48.86422050993988], [2.323890045380133, 48.86511979133135], [2.3252531038658915, 48.86512748378125], [2.325264751502527, 48.86422820226323], [2.3239017165439004, 48.86422050993988]]]}}, {"type": "Feature", "properties": {"ndvi_mean": 0.5328840017318726, "ndmi_mean": 0.11302363127470016, "ndbi_mean": -0.11302363127470016}, "geometry": {"type": "Polygon", "coordinates": [[[2.325264751502527, 48.86422820226323], [2.3252531038658915, 48.86512748378125], [2.3266161627537825, 48.86513516070762], [2.326627786863265, 48.8642358790633], [2.325264751502527, 48.86422820226323]]]}}, {"type": "Feature", "properties": {"ndvi_mean": 0.3918302059173584, "ndmi_mean": 0.08045175671577454, "ndbi_mean": -0.08045175671577454}, "geometry": {"type": "Polygon", "coordinates": [[[2.326627786863265, 48.8642358790633], [2.3266161627537825, 48.86513516070762], [2.327979222042994, 48.865142822110414], [2.327990822625302, 48.864243540340084], [2.326627786863265, 48.8642358790633]]]}}, {"type": "Feature", "properties": {"ndvi_mean": 0.22621947526931763, "ndmi_mean": 0.02031167596578598, "ndbi_mean": -0.02031167596578598}, "geometry": {"type": "Polygon", "coordinates": [[[2.327990822625302, 48.864243540340084], [2.327979222042994, 48.865142822110414], [2.3293422817327136, 48.865150467989665], [2.329353858787827, 48.864251186093554], [2.327990822625302, 48.864243540340084]]]}}, {"type": "Feature", "properties": {"ndvi_mean": 0.04996906593441963, "ndmi_mean": -0.0549892820417881, "ndbi_mean": 0.0549892820417881}, "geometry": {"type": "Polygon", "coordinates": [[[2.329353858787827, 48.864251186093554], [2.3293422817327136, 48.865150467989665], [2.3307053418221293, 48.86515809834535], [2.3307168953500264, 48.864258816323726], [2.329353858787827, 48.864251186093554]]]}}, {"type": "Feature", "properties": {"ndvi_mean": -0.00011174253450008109, "ndmi_mean": -0.07539568841457367, "ndbi_mean": 0.07539568841457367}, "geometry": {"type": "Polygon", "coordinates": [[[2.3307168953500264, 48.864258816323726], [2.3307053418221293, 48.86515809834535], [2.3320684023104286, 48.86516571317747], [2.3320799323110903, 48.864266431030586], [2.3307168953500264, 48.864258816323726]]]}}, {"type": "Feature", "properties": {"ndvi_mean": 0.014689858071506023, "ndmi_mean": -0.06755877286195755, "ndbi_mean": 0.06755877286195755}, "geometry": {"type": "Polygon", "coordinates": [[[2.3320799323110903, 48.864266431030586], [2.3320684023104286, 48.86516571317747], [2.333431463196799, 48.86517331248601], [2.3334429696702044, 48.864274030214126], [2.3320799323110903, 48.864266431030586]]]}}, {"type": "Feature", "properties": {"ndvi_mean": 0.04064493998885155, "ndmi_mean": -0.062499936670064926, "ndbi_mean": 0.062499936670064926}, "geometry": {"type": "Polygon", "coordinates": [[[2.3334429696702044, 48.864274030214126], [2.333431463196799, 48.86517331248601], [2.33479452448043, 48.865180896270985], [2.3348060074265575, 48.864281613874326], [2.3334429696702044, 48.864274030214126]]]}}, {"type": "Feature", "properties": {"ndvi_mean": 0.01986781135201454, "ndmi_mean": -0.09895665943622589, "ndbi_mean": 0.09895665943622589}, "geometry": {"type": "Polygon", "coordinates": [[[2.3348060074265575, 48.864281613874326], [2.33479452448043, 48.865180896270985], [2.336157586160508, 48.865188464532345], [2.336169045579338, 48.86428918201122], [2.3348060074265575, 48.864281613874326]]]}}, {"type": "Feature", "properties": {"ndvi_mean": 0.2765718102455139, "ndmi_mean": 0.05551280826330185, "ndbi_mean": -0.05551280826330185}, "geometry": {"type": "Polygon", "coordinates": [[[2.284386234327582, 48.86309140162028], [2.284373881312696, 48.86399067996257], [2.2857369042568227, 48.86399882245834], [2.28574923374601, 48.863099543982116], [2.284386234327582, 48.86309140162028]]]}}, {"type": "Feature", "properties": {"ndvi_mean": 0.34365028142929077, "ndmi_mean": 0.08521416783332825, "ndbi_mean": -0.08521416783332825}, "geometry": {"type": "Polygon", "coordinates": [[[2.28574923374601, 48.863099543982116], [2.2857369042568227, 48.86399882245834], [2.287099927626612, 48.864006949431015], [2.2871122335900793, 48.863107670821115], [2.28574923374601, 48.863099543982116]]]}}, {"type": "Feature", "properties": {"ndvi_mean": 0.28413599729537964, "ndmi_mean": 0.06859701871871948, "ndbi_mean": -0.06859701871871948}, "geometry": {"type": "Polygon", "coordinates": [[[2.2871122335900793, 48.863107670821115], [2.287099927626612, 48.864006949431015], [2.2884629514212507, 48.8640150608806], [2.2884752338589758, 48.863115782137264], [2.2871122335900793, 48.863107670821115]]]}}, {"type": "Feature", "properties": {"ndvi_mean": 0.2823941111564636, "ndmi_mean": 0.020793452858924866, "ndbi_mean": -0.020793452858924866}, "geometry": {"type": "Polygon", "coordinates": [[[2.2884752338589758, 48.863115782137264], [2.2884629514212507, 48.8640150608806], [2.2898259756399284, 48.864023156807086], [2.289838234551889, 48.863123877930576], [2.2884752338589758, 48.863115782137264]]]}}, {"type": "Feature", "properties": {"ndvi_mean": 0.4022790789604187, "ndmi_mean": 0.06027207523584366, "ndbi_mean": -0.06027207523584366}, "geometry": {"type": "Polygon", "coordinates": [[[2.289838234551889, 48.863123877930576], [2.2898259756399284, 48.864023156807086], [2.2911890002818316, 48.86403123721044], [2.291201235668006, 48.863131958201016], [2.289838234551889, 48.863123877930576]]]}}, {"type": "Feature", "properties": {"ndvi_mean": 0.27159175276756287, "ndmi_mean": -0.050065260380506516, "ndbi_mean": 0.050065260380506516}, "geometry": {"type": "Polygon", "coordinates": [[[2.291201235668006, 48.863131958201016], [2.2911890002818316, 48.86403123721044], [2.2925520253461484, 48.8640393020907], [2.2925642372065154, 48.8631400229486], [2.291201235668006, 48.863131958201016]]]}}, {"type": "Feature", "properties": {"ndvi_mean": 0.3527247905731201, "ndmi_mean": 0.07173624634742737, "ndbi_mean": -0.07173624634742737}, "geometry": {"type": "Polygon", "coordinates": [[[2.2925642372065154, 48.8631400229486], [2.2925520253461484, 48.8640393020907], [2.2939150508320676, 48.864047351447816], [2.2939272391666043, 48.86314807217332], [2.2925642372065154, 48.8631400229486]]]}}, {"type": "Feature", "properties": {"ndvi_mean": 0.3142907917499542, "ndmi_mean": 0.055659469217061996, "ndbi_mean": -0.055659469217061996}, "geometry": {"type": "Polygon", "coordinates": [[[2.2939272391666043, 48.86314807217332], [2.2939150508320676, 48.864047351447816], [2.2952780767387764, 48.864055385281816], [2.295290241547462, 48.86315610587515], [2.2939272391666043, 48.86314807217332]]]}}, {"type": "Feature", "properties": {"ndvi_mean": 0.26676884293556213, "ndmi_mean": 0.03314777463674545, "ndbi_mean": -0.03314777463674545}, "geometry": {"type": "Polygon", "coordinates": [[[2.295290241547462, 48.86315610587515], [2.2952780767387764, 48.864055385281816], [2.2966411030654625, 48.86406340359267], [2.296653244348275, 48.863164124054094], [2.295290241547462, 48.86315610587515]]]}}, {"type": "Feature", "properties": {"ndvi_mean": 0.32279980182647705, "ndmi_mean": 0.048649296164512634, "ndbi_mean": -0.048649296164512634}, "geometry": {"type": "Polygon", "coordinates": [[[2.296653244348275, 48.863164124054094], [2.2966411030654625, 48.86406340359267], [2.298004129811315, 48.864071406380354], [2.298016247568232, 48.863172126710175], [2.296653244348275, 48.863164124054094]]]}}, {"type": "Feature", "properties": {"ndvi_mean": 0.2745487689971924, "ndmi_mean": 0.05593660846352577, "ndbi_mean": -0.05593660846352577}, "geometry": {"type": "Polygon", "coordinates": [[[2.298016247568232, 48.863172126710175], [2.298004129811315, 48.864071406380354], [2.2993671569755203, 48.86407939364491], [2.299379251206521, 48.86318011384331], [2.298016247568232, 48.863172126710175]]]}}, {"type": "Feature", "properties": {"ndvi_mean": 0.08451355248689651, "ndmi_mean": 0.031224116683006287, "ndbi_mean": -0.031224116683006287}, "geometry": {"type": "Polygon", "coordinates": [[[2.299379251206521, 48.86318011384331], [2.2993671569755203, 48.86407939364491], [2.300730184557268, 48.864087365386304], [2.30074225526233, 48.86318808545357], [2.299379251206521, 48.86318011384331]]]}}, {"type": "Feature", "properties": {"ndvi_mean": 0.025330714881420135, "ndmi_mean": -0.04360711947083473, "ndbi_mean": 0.04360711947083473}, "geometry": {"type": "Polygon", "coordinates": [[[2.30074225526233, 48.86318808545357], [2.300730184557268, 48.864087365386304], [2.3020932125557443, 48.864095321604516], [2.302105259734847, 48.86319604154092], [2.30074225526233, 48.86318808545357]]]}}, {"type": "Feature", "properties": {"ndvi_mean": -0.053220439702272415, "ndmi_mean": -0.07215039432048798, "ndbi_mean": 0.07215039432048798}, "geometry": {"type": "Polygon", "coordinates": [[[2.302105259734847, 48.86319604154092], [2.3020932125557443, 48.864095321604516], [2.3034562409701382, 48.86410326229957], [2.303468264623259, 48.86320398210535], [2.302105259734847, 48.86319604154092]]]}}, {"type": "Feature", "properties": {"ndvi_mean": -0.035130150616168976, "ndmi_mean": -0.09808666259050369, "ndbi_mean": 0.09808666259050369}, "geometry": {"type": "Polygon", "coordinates": [[[2.303468264623259, 48.86320398210535], [2.3034562409701382, 48.86410326229957], [2.304819269799637, 48.86411118747144], [2.3048312699267552, 48.86321190714687], [2.303468264623259, 48.86320398210535]]]}}, {"type": "Feature", "properties": {"ndvi_mean": -0.01793494075536728, "ndmi_mean": -0.09840484708547592, "ndbi_mean": 0.09840484708547592}, "geometry": {"type": "Polygon", "coordinates": [[[2.3048312699267552, 48.86321190714687], [2.304819269799637, 48.86411118747144], [2.3061822990434293, 48.86411909712012], [2.3061942756445233, 48.86321981666543], [2.3048312699267552, 48.86321190714687]]]}}, {"type": "Feature", "properties": {"ndvi_mean": -0.04411156475543976, "ndmi_mean": -0.103824682533741, "ndbi_mean": 0.103824682533741}, "geometry": {"type": "Polygon", "coordinates": [[[2.3061942756445233, 48.86321981666543], [2.3061822990434293, 48.86411909712012], [2.3075453287007024, 48.8641269912456], [2.3075572817757504, 48.86322771066105], [2.3061942756445233, 48.86321981666543]]]}}, {"type": "Feature", "properties": {"ndvi_mean": -0.06497035175561905, "ndmi_mean": -0.13879349827766418, "ndbi_mean": 0.13879349827766418}, "geometry": {"type": "Polygon", "coordinates": [[[2.3075572817757504, 48.86322771066105], [2.3075453287007024, 48.8641269912456], [2.308908358770645, 48.86413486984789], [2.3089202883196256, 48.86323558913375], [2.3075572817757504, 48.86322771066105]]]}}, {"type": "Feature", "properties": {"ndvi_mean": -0.023412125185132027, "ndmi_mean": -0.13038724660873413, "ndbi_mean": 0.13038724660873413}, "geometry": {"type": "Polygon", "coordinates": [[[2.3089202883196256, 48.86323558913375], [2.308908358770645, 48.86413486984789], [2.310271389252444, 48.864142732926965], [2.3102832952753363, 48.86324345208347], [2.3089202883196256, 48.86323558913375]]]}}, {"type": "Feature", "properties": {"ndvi_mean": -0.0202831719070673, "ndmi_mean": -0.09817922860383987, "ndbi_mean": 0.09817922860383987}, "geometry": {"type": "Polygon", "coordinates": [[[2.3102832952753363, 48.86324345208347], [2.310271389252444, 48.864142732926965], [2.3116344201452876, 48.86415058048283], [2.31164630264207, 48.863251299510246], [2.3102832952753363, 48.86324345208347]]]}}, {"type": "Feature", "properties": {"ndvi_mean": -0.04411181062459946, "ndmi_mean": -0.1529533714056015, "ndbi_mean": 0.1529533714056015}, "geometry": {"type": "Polygon", "coordinates": [[[2.31164630264207, 48.863251299510246], [2.3116344201452876, 48.86415058048283], [2.312997451448364, 48.864158412515465], [2.313009310419016, 48.86325913141406], [2.31164630264207, 48.863251299510246]]]}}, {"type": "Feature", "properties": {"ndvi_mean": 0.014261751435697079, "ndmi_mean": -0.09405791014432907, "ndbi_mean": 0.09405791014432907}, "geometry": {"type": "Polygon", "coordinates": [[[2.313009310419016, 48.86325913141406], [2.312997451448364, 48.864158412515465], [2.3143604831608613, 48.864166229024896], [2.3143723186053604, 48.863266947794905], [2.313009310419016, 48.86325913141406]]]}}, {"type": "Feature", "properties": {"ndvi_mean": -0.005055534653365612, "ndmi_mean": -0.10887110978364944, "ndbi_mean": 0.10887110978364944}, "geometry": {"type": "Polygon", "coordinates": [[[2.3143723186053604, 48.863266947794905], [2.3143604831608613, 48.864166229024896], [2.3157235152819666, 48.864174030011064], [2.3157353272002927, 48.863274748652756], [2.3143723186053604, 48.863266947794905]]]}}, {"type": "Feature", "properties": {"ndvi_mean": -0.04854937642812729, "ndmi_mean": -0.12251541018486023, "ndbi_mean": 0.12251541018486023}, "geometry": {"type": "Polygon", "coordinates": [[[2.3157353272002927, 48.863274748652756], [2.3157235152819666, 48.864174030011064], [2.317086547810869, 48.86418181547401], [2.3170983362030007, 48.863282533987636], [2.3157353272002927, 48.863274748652756]]]}}, {"type": "Feature", "properties": {"ndvi_mean": -0.06599670648574829, "ndmi_mean": -0.08568194508552551, "ndbi_mean": 0.08568194508552551}, "geometry": {"type": "Polygon", "coordinates": [[[2.3170983362030007, 48.863282533987636], [2.317086547810869, 48.86418181547401], [2.3184495807467553, 48.864189585413705], [2.318461345612671, 48.86329030379951], [2.3170983362030007, 48.863282533987636]]]}}, {"type": "Feature", "properties": {"ndvi_mean": -0.024475211277604103, "ndmi_mean": -0.10767815262079239, "ndbi_mean": 0.10767815262079239}, "geometry": {"type": "Polygon", "coordinates": [[[2.318461345612671, 48.86329030379951], [2.3184495807467553, 48.864189585413705], [2.3198126140888133, 48.86419733983014], [2.3198243554284925, 48.863298058088404], [2.318461345612671, 48.86329030379951]]]}}, {"type": "Feature", "properties": {"ndvi_mean": 0.1083851233124733, "ndmi_mean": -0.04288981482386589, "ndbi_mean": 0.04288981482386589}, "geometry": {"type": "Polygon", "coordinates": [[[2.3198243554284925, 48.863298058088404], [2.3198126140888133, 48.86419733983014], [2.321175647836232, 48.86420507872333], [2.3211873656496538, 48.863305796854284], [2.3198243554284925, 48.863298058088404]]]}}, {"type": "Feature", "properties": {"ndvi_mean": 0.3015434145927429, "ndmi_mean": 0.05931153893470764, "ndbi_mean": -0.05931153893470764}, "geometry": {"type": "Polygon", "coordinates": [[[2.3211873656496538, 48.863305796854284], [2.321175647836232, 48.86420507872333], [2.322538681988198, 48.864212802093235], [2.3225503762753417, 48.86331352009713], [2.3211873656496538, 48.863305796854284]]]}}, {"type": "Feature", "properties": {"ndvi_mean": 0.3230157494544983, "ndmi_mean": 0.027662796899676323, "ndbi_mean": -0.027662796899676323}, "geometry": {"type": "Polygon", "coordinates": [[[2.3225503762753417, 48.86331352009713], [2.322538681988198, 48.864212802093235], [2.3239017165439004, 48.86422050993988], [2.323913387304745, 48.863321227816975], [2.3225503762753417, 48.86331352009713]]]}}, {"type": "Feature", "properties": {"ndvi_mean": 0.4875811040401459, "ndmi_mean": 0.0879260003566742, "ndbi_mean": -0.0879260003566742}, "geometry": {"type": "Polygon", "coordinates": [[[2.323913387304745, 48.863321227816975], [2.3239017165439004, 48.86422050993988], [2.325264751502527, 48.86422820226323], [2.325276398737051, 48.86332892001381], [2.323913387304745, 48.863321227816975]]]}}, {"type": "Feature", "properties": {"ndvi_mean": 0.507839024066925, "ndmi_mean": 0.12298239767551422, "ndbi_mean": -0.12298239767551422}, "geometry": {"type": "Polygon", "coordinates": [[[2.325276398737051, 48.86332892001381], [2.325264751502527, 48.86422820226323], [2.326627786863265, 48.8642358790633], [2.326639410571447, 48.863336596687596], [2.325276398737051, 48.86332892001381]]]}}, {"type": "Feature", "properties": {"ndvi_mean": 0.4840424656867981, "ndmi_mean": 0.11504767090082169, "ndbi_mean": -0.11504767090082169}, "geometry": {"type": "Polygon", "coordinates": [[[2.326639410571447, 48.863336596687596], [2.326627786863265, 48.8642358790633], [2.327990822625302, 48.864243540340084], [2.3280024228071228, 48.863344257838335], [2.326639410571447, 48.863336596687596]]]}}, {"type": "Feature", "properties": {"ndvi_mean": 0.5643131136894226, "ndmi_mean": 0.15501222014427185, "ndbi_mean": -0.15501222014427185}, "geometry": {"type": "Polygon", "coordinates": [[[2.3280024228071228, 48.863344257838335], [2.327990822625302, 48.864243540340084], [2.329353858787827, 48.864251186093554], [2.3293654354432647, 48.86335190346606], [2.3280024228071228, 48.863344257838335]]]}}, {"type": "Feature", "properties": {"ndvi_mean": 0.43694213032722473, "ndmi_mean": 0.1332685947418213, "ndbi_mean": -0.1332685947418213}, "geometry": {"type": "Polygon", "coordinates": [[[2.3293654354432647, 48.86335190346606], [2.329353858787827, 48.864251186093554], [2.3307168953500264, 48.864258816323726], [2.3307284484790616, 48.8633595335707], [2.3293654354432647, 48.86335190346606]]]}}, {"type": "Feature", "properties": {"ndvi_mean": 0.17797914147377014, "ndmi_mean": 0.023767851293087006, "ndbi_mean": -0.023767851293087006}, "geometry": {"type": "Polygon", "coordinates": [[[2.3307284484790616, 48.8633595335707], [2.3307168953500264, 48.864258816323726], [2.3320799323110903, 48.864266431030586], [2.3320914619137008, 48.863367148152314], [2.3307284484790616, 48.8633595335707]]]}}, {"type": "Feature", "properties": {"ndvi_mean": 0.06085570901632309, "ndmi_mean": -0.06817492097616196, "ndbi_mean": 0.06817492097616196}, "geometry": {"type": "Polygon", "coordinates": [[[2.3320914619137008, 48.863367148152314], [2.3320799323110903, 48.864266431030586], [2.3334429696702044, 48.864274030214126], [2.3334544757463704, 48.86337474721085], [2.3320914619137008, 48.863367148152314]]]}}, {"type": "Feature", "properties": {"ndvi_mean": 0.03649377450346947, "ndmi_mean": -0.07001988589763641, "ndbi_mean": 0.07001988589763641}, "geometry": {"type": "Polygon", "coordinates": [[[2.3334544757463704, 48.86337474721085], [2.3334429696702044, 48.864274030214126], [2.3348060074265575, 48.864281613874326], [2.334817489976259, 48.86338233074632], [2.3334544757463704, 48.86337474721085]]]}}, {"type": "Feature", "properties": {"ndvi_mean": 0.21069331467151642, "ndmi_mean": 0.05006857216358185, "ndbi_mean": -0.05006857216358185}, "geometry": {"type": "Polygon", "coordinates": [[[2.334817489976259, 48.86338233074632], [2.3348060074265575, 48.864281613874326], [2.336169045579338, 48.86428918201122], [2.336180504602553, 48.8633898987587], [2.334817489976259, 48.86338233074632]]]}}, {"type": "Feature", "properties": {"ndvi_mean": 0.4897058606147766, "ndmi_mean": 0.054910384118556976, "ndbi_mean": -0.054910384118556976}, "geometry": {"type": "Polygon", "coordinates": [[[2.284398586916015, 48.86219212254675], [2.284386234327582, 48.86309140162028], [2.28574923374601, 48.863099543982116], [2.285761562809557, 48.86220026477466], [2.284398586916015, 48.86219212254675]]]}}, {"type": "Feature", "properties": {"ndvi_mean": 0.4186992943286896, "ndmi_mean": 0.07664904743432999, "ndbi_mean": -0.07664904743432999}, "geometry": {"type": "Polygon", "coordinates": [[[2.285761562809557, 48.86220026477466], [2.28574923374601, 48.863099543982116], [2.2871122335900793, 48.863107670821115], [2.287124539128718, 48.86220839147997], [2.285761562809557, 48.86220026477466]]]}}, {"type": "Feature", "properties": {"ndvi_mean": 0.1565324068069458, "ndmi_mean": -0.0874561220407486, "ndbi_mean": 0.0874561220407486}, "geometry": {"type": "Polygon", "coordinates": [[[2.287124539128718, 48.86220839147997], [2.2871122335900793, 48.863107670821115], [2.2884752338589758, 48.863115782137264], [2.2884875158726845, 48.862216502662704], [2.287124539128718, 48.86220839147997]]]}}, {"type": "Feature", "properties": {"ndvi_mean": 0.24247108399868011, "ndmi_mean": -0.06190059706568718, "ndbi_mean": 0.06190059706568718}, "geometry": {"type": "Polygon", "coordinates": [[[2.2884875158726845, 48.862216502662704], [2.2884752338589758, 48.863115782137264], [2.289838234551889, 48.863123877930576], [2.2898504930406456, 48.86222459832283], [2.2884875158726845, 48.862216502662704]]]}}, {"type": "Feature", "properties": {"ndvi_mean": 0.4315176010131836, "ndmi_mean": 0.06045864522457123, "ndbi_mean": -0.06045864522457123}, "geometry": {"type": "Polygon", "coordinates": [[[2.2898504930406456, 48.86222459832283], [2.289838234551889, 48.863123877930576], [2.291201235668006, 48.863131958201016], [2.2912134706317886, 48.86223267846036], [2.2898504930406456, 48.86222459832283]]]}}, {"type": "Feature", "properties": {"ndvi_mean": 0.45900824666023254, "ndmi_mean": 0.11027400195598602, "ndbi_mean": -0.11027400195598602}, "geometry": {"type": "Polygon", "coordinates": [[[2.2912134706317886, 48.86223267846036], [2.291201235668006, 48.863131958201016], [2.2925642372065154, 48.8631400229486], [2.2925764486453017, 48.862240743075276], [2.2912134706317886, 48.86223267846036]]]}}, {"type": "Feature", "properties": {"ndvi_mean": 0.283682644367218, "ndmi_mean": -0.010203327052295208, "ndbi_mean": 0.010203327052295208}, "geometry": {"type": "Polygon", "coordinates": [[[2.2925764486453017, 48.862240743075276], [2.2925642372065154, 48.8631400229486], [2.2939272391666043, 48.86314807217332], [2.2939394270803732, 48.86224879216759], [2.2925764486453017, 48.862240743075276]]]}}, {"type": "Feature", "properties": {"ndvi_mean": 0.284793883562088, "ndmi_mean": 0.08353614807128906, "ndbi_mean": -0.08353614807128906}, "geometry": {"type": "Polygon", "coordinates": [[[2.2939394270803732, 48.86224879216759], [2.2939272391666043, 48.86314807217332], [2.295290241547462, 48.86315610587515], [2.2953024059361913, 48.862256825737276], [2.2939394270803732, 48.86224879216759]]]}}, {"type": "Feature", "properties": {"ndvi_mean": 0.07864806801080704, "ndmi_mean": -0.054557546973228455, "ndbi_mean": 0.054557546973228455}, "geometry": {"type": "Polygon", "coordinates": [[[2.2953024059361913, 48.862256825737276], [2.295290241547462, 48.86315610587515], [2.296653244348275, 48.863164124054094], [2.296665385211943, 48.86226484378433], [2.2953024059361913, 48.862256825737276]]]}}, {"type": "Feature", "properties": {"ndvi_mean": -0.006251133047044277, "ndmi_mean": -0.11145015060901642, "ndbi_mean": 0.11145015060901642}, "geometry": {"type": "Polygon", "coordinates": [[[2.296665385211943, 48.86226484378433], [2.296653244348275, 48.863164124054094], [2.298016247568232, 48.863172126710175], [2.298028364906817, 48.862272846308755], [2.296665385211943, 48.86226484378433]]]}}, {"type": "Feature", "properties": {"ndvi_mean": 0.012750323861837387, "ndmi_mean": -0.09201185405254364, "ndbi_mean": 0.09201185405254364}, "geometry": {"type": "Polygon", "coordinates": [[[2.298028364906817, 48.862272846308755], [2.298016247568232, 48.863172126710175], [2.299379251206521, 48.86318011384331], [2.2993913450200014, 48.862280833310535], [2.298028364906817, 48.862272846308755]]]}}, {"type": "Feature", "properties": {"ndvi_mean": 0.2779274582862854, "ndmi_mean": 0.029874136671423912, "ndbi_mean": -0.029874136671423912}, "geometry": {"type": "Polygon", "coordinates": [[[2.2993913450200014, 48.862280833310535], [2.299379251206521, 48.86318011384331], [2.30074225526233, 48.86318808545357], [2.300754325550684, 48.86228880478965], [2.2993913450200014, 48.862280833310535]]]}}, {"type": "Feature", "properties": {"ndvi_mean": 0.06684143841266632, "ndmi_mean": -0.06674833595752716, "ndbi_mean": 0.06674833595752716}, "geometry": {"type": "Polygon", "coordinates": [[[2.300754325550684, 48.86228880478965], [2.30074225526233, 48.86318808545357], [2.302105259734847, 48.86319604154092], [2.302117306498053, 48.86229676074612], [2.300754325550684, 48.86228880478965]]]}}, {"type": "Feature", "properties": {"ndvi_mean": 0.24584132432937622, "ndmi_mean": -0.021142559126019478, "ndbi_mean": 0.021142559126019478}, "geometry": {"type": "Polygon", "coordinates": [[[2.302117306498053, 48.86229676074612], [2.302105259734847, 48.86319604154092], [2.303468264623259, 48.86320398210535], [2.303480287861296, 48.86230470117994], [2.302117306498053, 48.86229676074612]]]}}, {"type": "Feature", "properties": {"ndvi_mean": 0.3896426856517792, "ndmi_mean": 0.10294833779335022, "ndbi_mean": -0.10294833779335022}, "geometry": {"type": "Polygon", "coordinates": [[[2.303480287861296, 48.86230470117994], [2.303468264623259, 48.86320398210535], [2.3048312699267552, 48.86321190714687], [2.3048432696396013, 48.862312626091075], [2.303480287861296, 48.86230470117994]]]}}, {"type": "Feature", "properties": {"ndvi_mean": 0.3644493818283081, "ndmi_mean": 0.09176060557365417, "ndbi_mean": -0.09176060557365417}, "geometry": {"type": "Polygon", "coordinates": [[[2.3048432696396013, 48.862312626091075], [2.3048312699267552, 48.86321190714687], [2.3061942756445233, 48.86321981666543], [2.306206251832157, 48.86232053547954], [2.3048432696396013, 48.862312626091075]]]}}, {"type": "Feature", "properties": {"ndvi_mean": 0.35643988847732544, "ndmi_mean": 0.06678768992424011, "ndbi_mean": -0.06678768992424011}, "geometry": {"type": "Polygon", "coordinates": [[[2.306206251832157, 48.86232053547954], [2.3061942756445233, 48.86321981666543], [2.3075572817757504, 48.86322771066105], [2.3075692344381507, 48.862328429345325], [2.306206251832157, 48.86232053547954]]]}}, {"type": "Feature", "properties": {"ndvi_mean": 0.421617329120636, "ndmi_mean": 0.12616311013698578, "ndbi_mean": -0.12616311013698578}, "geometry": {"type": "Polygon", "coordinates": [[[2.3075692344381507, 48.862328429345325], [2.3075572817757504, 48.86322771066105], [2.3089202883196256, 48.86323558913375], [2.308932217456771, 48.8623363076884], [2.3075692344381507, 48.862328429345325]]]}}, {"type": "Feature", "properties": {"ndvi_mean": 0.28322353959083557, "ndmi_mean": 0.061063505709171295, "ndbi_mean": -0.061063505709171295}, "geometry": {"type": "Polygon", "coordinates": [[[2.308932217456771, 48.8623363076884], [2.3089202883196256, 48.86323558913375], [2.3102832952753363, 48.86324345208347], [2.310295200887205, 48.86234417050879], [2.308932217456771, 48.8623363076884]]]}}, {"type": "Feature", "properties": {"ndvi_mean": 0.25150927901268005, "ndmi_mean": 0.020749015733599663, "ndbi_mean": -0.020749015733599663}, "geometry": {"type": "Polygon", "coordinates": [[[2.310295200887205, 48.86234417050879], [2.3102832952753363, 48.86324345208347], [2.31164630264207, 48.863251299510246], [2.3116581847286413, 48.86235201780648], [2.310295200887205, 48.86234417050879]]]}}, {"type": "Feature", "properties": {"ndvi_mean": 0.18421922624111176, "ndmi_mean": -0.005289975553750992, "ndbi_mean": 0.005289975553750992}, "geometry": {"type": "Polygon", "coordinates": [[[2.3116581847286413, 48.86235201780648], [2.31164630264207, 48.863251299510246], [2.313009310419016, 48.86325913141406], [2.3130211689802676, 48.86235984958146], [2.3116581847286413, 48.86235201780648]]]}}, {"type": "Feature", "properties": {"ndvi_mean": 0.06911659985780716, "ndmi_mean": -0.054768677800893784, "ndbi_mean": 0.054768677800893784}, "geometry": {"type": "Polygon", "coordinates": [[[2.3130211689802676, 48.86235984958146], [2.313009310419016, 48.86325913141406], [2.3143723186053604, 48.863266947794905], [2.3143841536412726, 48.86236766583372], [2.3130211689802676, 48.86235984958146]]]}}, {"type": "Feature", "properties": {"ndvi_mean": 0.35318320989608765, "ndmi_mean": 0.123440220952034, "ndbi_mean": -0.123440220952034}, "geometry": {"type": "Polygon", "coordinates": [[[2.3143841536412726, 48.86236766583372], [2.3143723186053604, 48.863266947794905], [2.3157353272002927, 48.863274748652756], [2.3157471387108433, 48.862375466563265], [2.3143841536412726, 48.86236766583372]]]}}, {"type": "Feature", "properties": {"ndvi_mean": 0.3764120936393738, "ndmi_mean": 0.10672170668840408, "ndbi_mean": -0.10672170668840408}, "geometry": {"type": "Polygon", "coordinates": [[[2.3157471387108433, 48.862375466563265], [2.3157353272002927, 48.863274748652756], [2.3170983362030007, 48.863282533987636], [2.3171101241881686, 48.86238325177006], [2.3157471387108433, 48.862375466563265]]]}}, {"type": "Feature", "properties": {"ndvi_mean": 0.41653552651405334, "ndmi_mean": 0.12690335512161255, "ndbi_mean": -0.12690335512161255}, "geometry": {"type": "Polygon", "coordinates": [[[2.3171101241881686, 48.86238325177006], [2.3170983362030007, 48.863282533987636], [2.318461345612671, 48.86329030379951], [2.3184731100724356, 48.862391021454144], [2.3171101241881686, 48.86238325177006]]]}}, {"type": "Feature", "properties": {"ndvi_mean": 0.05525674670934677, "ndmi_mean": -0.10055927187204361, "ndbi_mean": 0.10055927187204361}, "geometry": {"type": "Polygon", "coordinates": [[[2.3184731100724356, 48.862391021454144], [2.318461345612671, 48.86329030379951], [2.3198243554284925, 48.863298058088404], [2.3198360963628333, 48.86239877561547], [2.3184731100724356, 48.862391021454144]]]}}, {"type": "Feature", "properties": {"ndvi_mean": -0.09346838295459747, "ndmi_mean": -0.0853196457028389, "ndbi_mean": 0.0853196457028389}, "geometry": {"type": "Polygon", "coordinates": [[[2.3198360963628333, 48.86239877561547], [2.3198243554284925, 48.863298058088404], [2.3211873656496538, 48.863305796854284], [2.3211990830585485, 48.86240651425405], [2.3198360963628333, 48.86239877561547]]]}}, {"type": "Feature", "properties": {"ndvi_mean": -0.023969998583197594, "ndmi_mean": -0.031178796663880348, "ndbi_mean": 0.031178796663880348}, "geometry": {"type": "Polygon", "coordinates": [[[2.3211990830585485, 48.86240651425405], [2.3211873656496538, 48.863305796854284], [2.3225503762753417, 48.86331352009713], [2.32256207015877, 48.862414237369876], [2.3211990830585485, 48.86240651425405]]]}}, {"type": "Feature", "properties": {"ndvi_mean": 0.22237621247768402, "ndmi_mean": 0.019773880019783974, "ndbi_mean": -0.019773880019783974}, "geometry": {"type": "Polygon", "coordinates": [[[2.32256207015877, 48.862414237369876], [2.3225503762753417, 48.86331352009713], [2.323913387304745, 48.863321227816975], [2.3239250576626858, 48.86242194496293], [2.32256207015877, 48.862414237369876]]]}}, {"type": "Feature", "properties": {"ndvi_mean": 0.3979382812976837, "ndmi_mean": 0.0899193063378334, "ndbi_mean": -0.0899193063378334}, "geometry": {"type": "Polygon", "coordinates": [[[2.3239250576626858, 48.86242194496293], [2.323913387304745, 48.863321227816975], [2.325276398737051, 48.86332892001381], [2.3252880455694833, 48.86242963703322], [2.3239250576626858, 48.86242194496293]]]}}, {"type": "Feature", "properties": {"ndvi_mean": 0.5985627770423889, "ndmi_mean": 0.17689436674118042, "ndbi_mean": -0.17689436674118042}, "geometry": {"type": "Polygon", "coordinates": [[[2.3252880455694833, 48.86242963703322], [2.325276398737051, 48.86332892001381], [2.326639410571447, 48.863336596687596], [2.326651033878351, 48.862437313580735], [2.3252880455694833, 48.86242963703322]]]}}, {"type": "Feature", "properties": {"ndvi_mean": 0.5006676316261292, "ndmi_mean": 0.1073208898305893, "ndbi_mean": -0.1073208898305893}, "geometry": {"type": "Polygon", "coordinates": [[[2.326651033878351, 48.862437313580735], [2.326639410571447, 48.863336596687596], [2.3280024228071228, 48.863344257838335], [2.3280140225884765, 48.86244497460547], [2.326651033878351, 48.862437313580735]]]}}, {"type": "Feature", "properties": {"ndvi_mean": 0.36574864387512207, "ndmi_mean": 0.09188304841518402, "ndbi_mean": -0.09188304841518402}, "geometry": {"type": "Polygon", "coordinates": [[[2.3280140225884765, 48.86244497460547], [2.3280024228071228, 48.863344257838335], [2.3293654354432647, 48.86335190346606], [2.329377011699048, 48.8624526201074], [2.3280140225884765, 48.86244497460547]]]}}, {"type": "Feature", "properties": {"ndvi_mean": 0.3265737295150757, "ndmi_mean": 0.07743645459413528, "ndbi_mean": -0.07743645459413528}, "geometry": {"type": "Polygon", "coordinates": [[[2.329377011699048, 48.8624526201074], [2.3293654354432647, 48.86335190346606], [2.3307284484790616, 48.8633595335707], [2.3307400012092536, 48.86246025008655], [2.329377011699048, 48.8624526201074]]]}}, {"type": "Feature", "properties": {"ndvi_mean": 0.4104941189289093, "ndmi_mean": 0.09550962597131729, "ndbi_mean": -0.09550962597131729}, "geometry": {"type": "Polygon", "coordinates": [[[2.3307400012092536, 48.86246025008655], [2.3307284484790616, 48.8633595335707], [2.3320914619137008, 48.863367148152314], [2.332102991118281, 48.862467864542886], [2.3307400012092536, 48.86246025008655]]]}}, {"type": "Feature", "properties": {"ndvi_mean": 0.3612913191318512, "ndmi_mean": 0.10365144908428192, "ndbi_mean": -0.10365144908428192}, "geometry": {"type": "Polygon", "coordinates": [[[2.332102991118281, 48.862467864542886], [2.3320914619137008, 48.863367148152314], [2.3334544757463704, 48.86337474721085], [2.3334659814253182, 48.86247546347642], [2.332102991118281, 48.862467864542886]]]}}, {"type": "Feature", "properties": {"ndvi_mean": 0.07025731354951859, "ndmi_mean": -0.04570872336626053, "ndbi_mean": 0.04570872336626053}, "geometry": {"type": "Polygon", "coordinates": [[[2.3334659814253182, 48.86247546347642], [2.3334544757463704, 48.86337474721085], [2.334817489976259, 48.86338233074632], [2.3348289721295536, 48.862483046887135], [2.3334659814253182, 48.86247546347642]]]}}, {"type": "Feature", "properties": {"ndvi_mean": 0.0016194318886846304, "ndmi_mean": -0.005605599377304316, "ndbi_mean": 0.005605599377304316}, "geometry": {"type": "Polygon", "coordinates": [[[2.3348289721295536, 48.862483046887135], [2.334817489976259, 48.86338233074632], [2.336180504602553, 48.8633898987587], [2.336191963230174, 48.86249061477504], [2.3348289721295536, 48.862483046887135]]]}}, {"type": "Feature", "properties": {"ndvi_mean": 0.2972978949546814, "ndmi_mean": -0.03251076489686966, "ndbi_mean": 0.03251076489686966}, "geometry": {"type": "Polygon", "coordinates": [[[2.284410939078018, 48.86129284274222], [2.284398586916015, 48.86219212254675], [2.285761562809557, 48.86220026477466], [2.2857738914474863, 48.86130098483618], [2.284410939078018, 48.86129284274222]]]}}, {"type": "Feature", "properties": {"ndvi_mean": 0.3923702538013458, "ndmi_mean": 0.07806552201509476, "ndbi_mean": -0.07806552201509476}, "geometry": {"type": "Polygon", "coordinates": [[[2.2857738914474863, 48.86130098483618], [2.285761562809557, 48.86220026477466], [2.287124539128718, 48.86220839147997], [2.2871368442425504, 48.86130911140782], [2.2857738914474863, 48.86130098483618]]]}}, {"type": "Feature", "properties": {"ndvi_mean": 0.21187420189380646, "ndmi_mean": -0.08927420526742935, "ndbi_mean": 0.08927420526742935}, "geometry": {"type": "Polygon", "coordinates": [[[2.2871368442425504, 48.86130911140782], [2.287124539128718, 48.86220839147997], [2.2884875158726845, 48.862216502662704], [2.2884997974623995, 48.86131722245712], [2.2871368442425504, 48.86130911140782]]]}}, {"type": "Feature", "properties": {"ndvi_mean": 0.15961720049381256, "ndmi_mean": -0.03893643617630005, "ndbi_mean": 0.03893643617630005}, "geometry": {"type": "Polygon", "coordinates": [[[2.2884997974623995, 48.86131722245712], [2.2884875158726845, 48.862216502662704], [2.2898504930406456, 48.86222459832283], [2.28986275110622, 48.86132531798409], [2.2884997974623995, 48.86131722245712]]]}}, {"type": "Feature", "properties": {"ndvi_mean": 0.3416541814804077, "ndmi_mean": 0.04371426999568939, "ndbi_mean": -0.04371426999568939}, "geometry": {"type": "Polygon", "coordinates": [[[2.28986275110622, 48.86132531798409], [2.2898504930406456, 48.86222459832283], [2.2912134706317886, 48.86223267846036], [2.291225705173201, 48.861333397988695], [2.28986275110622, 48.86132531798409]]]}}, {"type": "Feature", "properties": {"ndvi_mean": 0.5480307936668396, "ndmi_mean": 0.1504812091588974, "ndbi_mean": -0.1504812091588974}, "geometry": {"type": "Polygon", "coordinates": [[[2.291225705173201, 48.861333397988695], [2.2912134706317886, 48.86223267846036], [2.2925764486453017, 48.862240743075276], [2.2925886596625302, 48.86134146247097], [2.291225705173201, 48.861333397988695]]]}}, {"type": "Feature", "properties": {"ndvi_mean": 0.35995638370513916, "ndmi_mean": 0.12030733376741409, "ndbi_mean": -0.12030733376741409}, "geometry": {"type": "Polygon", "coordinates": [[[2.2925886596625302, 48.86134146247097], [2.2925764486453017, 48.862240743075276], [2.2939394270803732, 48.86224879216759], [2.293951614573396, 48.861349511430866], [2.2925886596625302, 48.86134146247097]]]}}, {"type": "Feature", "properties": {"ndvi_mean": -0.04695422947406769, "ndmi_mean": -0.03970840573310852, "ndbi_mean": 0.03970840573310852}, "geometry": {"type": "Polygon", "coordinates": [[[2.293951614573396, 48.861349511430866], [2.2939394270803732, 48.86224879216759], [2.2953024059361913, 48.862256825737276], [2.295314569904986, 48.86135754486841], [2.293951614573396, 48.861349511430866]]]}}, {"type": "Feature", "properties": {"ndvi_mean": 0.07120289653539658, "ndmi_mean": -0.08751104027032852, "ndbi_mean": 0.08751104027032852}, "geometry": {"type": "Polygon", "coordinates": [[[2.295314569904986, 48.86135754486841], [2.2953024059361913, 48.862256825737276], [2.296665385211943, 48.86226484378433], [2.2966775256564893, 48.86136556278357], [2.295314569904986, 48.86135754486841]]]}}, {"type": "Feature", "properties": {"ndvi_mean": 0.4287719428539276, "ndmi_mean": 0.12101425230503082, "ndbi_mean": -0.12101425230503082}, "geometry": {"type": "Polygon", "coordinates": [[[2.2966775256564893, 48.86136556278357], [2.296665385211943, 48.86226484378433], [2.298028364906817, 48.862272846308755], [2.2980404818270923, 48.86137356517636], [2.2966775256564893, 48.86136556278357]]]}}, {"type": "Feature", "properties": {"ndvi_mean": 0.3831889033317566, "ndmi_mean": 0.0870850458741188, "ndbi_mean": -0.0870850458741188}, "geometry": {"type": "Polygon", "coordinates": [[[2.2980404818270923, 48.86137356517636], [2.298028364906817, 48.862272846308755], [2.2993913450200014, 48.862280833310535], [2.299403438415984, 48.86138155204676], [2.2980404818270923, 48.86137356517636]]]}}, {"type": "Feature", "properties": {"ndvi_mean": 0.15062780678272247, "ndmi_mean": -0.03367825597524643, "ndbi_mean": 0.03367825597524643}, "geometry": {"type": "Polygon", "coordinates": [[[2.299403438415984, 48.86138155204676], [2.2993913450200014, 48.862280833310535], [2.300754325550684, 48.86228880478965], [2.300766395422352, 48.86138952339475], [2.299403438415984, 48.86138155204676]]]}}, {"type": "Feature", "properties": {"ndvi_mean": 0.3551078736782074, "ndmi_mean": 0.07471407204866409, "ndbi_mean": -0.07471407204866409}, "geometry": {"type": "Polygon", "coordinates": [[[2.300766395422352, 48.86138952339475], [2.300754325550684, 48.86228880478965], [2.302117306498053, 48.86229676074612], [2.3021293528453852, 48.86139747922035], [2.300766395422352, 48.86138952339475]]]}}, {"type": "Feature", "properties": {"ndvi_mean": 0.2670365571975708, "ndmi_mean": 0.0370267778635025, "ndbi_mean": -0.0370267778635025}, "geometry": {"type": "Polygon", "coordinates": [[[2.3021293528453852, 48.86139747922035], [2.302117306498053, 48.86229676074612], [2.303480287861296, 48.86230470117994], [2.303492310684271, 48.86140541952354], [2.3021293528453852, 48.86139747922035]]]}}, {"type": "Feature", "properties": {"ndvi_mean": 0.22145909070968628, "ndmi_mean": 0.0002885101130232215, "ndbi_mean": -0.0002885101130232215}, "geometry": {"type": "Polygon", "coordinates": [[[2.303492310684271, 48.86140541952354], [2.303480287861296, 48.86230470117994], [2.3048432696396013, 48.862312626091075], [2.3048552689381974, 48.86141334430432], [2.303492310684271, 48.86140541952354]]]}}, {"type": "Feature", "properties": {"ndvi_mean": 0.15644654631614685, "ndmi_mean": -0.02651546150445938, "ndbi_mean": 0.02651546150445938}, "geometry": {"type": "Polygon", "coordinates": [[[2.3048552689381974, 48.86141334430432], [2.3048432696396013, 48.862312626091075], [2.306206251832157, 48.86232053547954], [2.3062182276063528, 48.861421253562675], [2.3048552689381974, 48.86141334430432]]]}}, {"type": "Feature", "properties": {"ndvi_mean": 0.10879132896661758, "ndmi_mean": -0.05476660653948784, "ndbi_mean": 0.05476660653948784}, "geometry": {"type": "Polygon", "coordinates": [[[2.3062182276063528, 48.861421253562675], [2.306206251832157, 48.86232053547954], [2.3075692344381507, 48.862328429345325], [2.3075811866879246, 48.861429147298615], [2.3062182276063528, 48.861421253562675]]]}}, {"type": "Feature", "properties": {"ndvi_mean": 0.17858128249645233, "ndmi_mean": -0.036308933049440384, "ndbi_mean": 0.036308933049440384}, "geometry": {"type": "Polygon", "coordinates": [[[2.3075811866879246, 48.861429147298615], [2.3075692344381507, 48.862328429345325], [2.308932217456771, 48.8623363076884], [2.3089441461821014, 48.861437025512096], [2.3075811866879246, 48.861429147298615]]]}}, {"type": "Feature", "properties": {"ndvi_mean": 0.13327068090438843, "ndmi_mean": -0.06126894801855087, "ndbi_mean": 0.06126894801855087}, "geometry": {"type": "Polygon", "coordinates": [[[2.3089441461821014, 48.861437025512096], [2.308932217456771, 48.8623363076884], [2.310295200887205, 48.86234417050879], [2.310307106088071, 48.86144488820315], [2.3089441461821014, 48.861437025512096]]]}}, {"type": "Feature", "properties": {"ndvi_mean": 0.31279879808425903, "ndmi_mean": 0.09991107881069183, "ndbi_mean": -0.09991107881069183}, "geometry": {"type": "Polygon", "coordinates": [[[2.310307106088071, 48.86144488820315], [2.310295200887205, 48.86234417050879], [2.3116581847286413, 48.86235201780648], [2.311670066405022, 48.86145273537175], [2.310307106088071, 48.86144488820315]]]}}, {"type": "Feature", "properties": {"ndvi_mean": 0.42868006229400635, "ndmi_mean": 0.08543732762336731, "ndbi_mean": -0.08543732762336731}, "geometry": {"type": "Polygon", "coordinates": [[[2.311670066405022, 48.86145273537175], [2.3116581847286413, 48.86235201780648], [2.3130211689802676, 48.86235984958146], [2.313033027132142, 48.86146056701791], [2.311670066405022, 48.86145273537175]]]}}, {"type": "Feature", "properties": {"ndvi_mean": 0.27877527475357056, "ndmi_mean": 0.019492682069540024, "ndbi_mean": -0.019492682069540024}, "geometry": {"type": "Polygon", "coordinates": [[[2.313033027132142, 48.86146056701791], [2.3130211689802676, 48.86235984958146], [2.3143841536412726, 48.86236766583372], [2.3143959882686183, 48.8614683831416], [2.313033027132142, 48.86146056701791]]]}}, {"type": "Feature", "properties": {"ndvi_mean": 0.11074706166982651, "ndmi_mean": -0.006547240074723959, "ndbi_mean": 0.006547240074723959}, "geometry": {"type": "Polygon", "coordinates": [[[2.3143959882686183, 48.8614683831416], [2.3143841536412726, 48.86236766583372], [2.3157471387108433, 48.862375466563265], [2.31575894981364, 48.861476183742816], [2.3143959882686183, 48.8614683831416]]]}}, {"type": "Feature", "properties": {"ndvi_mean": 0.2624557912349701, "ndmi_mean": -0.010418960824608803, "ndbi_mean": 0.010418960824608803}, "geometry": {"type": "Polygon", "coordinates": [[[2.31575894981364, 48.861476183742816], [2.3157471387108433, 48.862375466563265], [2.3171101241881686, 48.86238325177006], [2.3171219117663946, 48.86148396882157], [2.31575894981364, 48.861476183742816]]]}}, {"type": "Feature", "properties": {"ndvi_mean": 0.251005083322525, "ndmi_mean": -0.01446342933923006, "ndbi_mean": 0.01446342933923006}, "geometry": {"type": "Polygon", "coordinates": [[[2.3171219117663946, 48.86148396882157], [2.3171101241881686, 48.86238325177006], [2.3184731100724356, 48.862391021454144], [2.3184848741260704, 48.86149173837782], [2.3171219117663946, 48.86148396882157]]]}}, {"type": "Feature", "properties": {"ndvi_mean": 0.15086673200130463, "ndmi_mean": -0.041891273111104965, "ndbi_mean": 0.041891273111104965}, "geometry": {"type": "Polygon", "coordinates": [[[2.3184848741260704, 48.86149173837782], [2.3184731100724356, 48.862391021454144], [2.3198360963628333, 48.86239877561547], [2.319847836891855, 48.861499492411596], [2.3184848741260704, 48.86149173837782]]]}}, {"type": "Feature", "properties": {"ndvi_mean": 0.2680038511753082, "ndmi_mean": 0.06350120902061462, "ndbi_mean": -0.06350120902061462}, "geometry": {"type": "Polygon", "coordinates": [[[2.319847836891855, 48.861499492411596], [2.3198360963628333, 48.86239877561547], [2.3211990830585485, 48.86240651425405], [2.321210800062937, 48.86150723092289], [2.319847836891855, 48.861499492411596]]]}}, {"type": "Feature", "properties": {"ndvi_mean": 0.25844353437423706, "ndmi_mean": 0.0586082749068737, "ndbi_mean": -0.0586082749068737}, "geometry": {"type": "Polygon", "coordinates": [[[2.321210800062937, 48.86150723092289], [2.3211990830585485, 48.86240651425405], [2.32256207015877, 48.862414237369876], [2.322573763638504, 48.86151495391167], [2.321210800062937, 48.86150723092289]]]}}, {"type": "Feature", "properties": {"ndvi_mean": 0.02678137831389904, "ndmi_mean": -0.06051163747906685, "ndbi_mean": 0.06051163747906685}, "geometry": {"type": "Polygon", "coordinates": [[[2.322573763638504, 48.86151495391167], [2.32256207015877, 48.862414237369876], [2.3239250576626858, 48.86242194496293], [2.3239367276177445, 48.861522661377926], [2.322573763638504, 48.86151495391167]]]}}, {"type": "Feature", "properties": {"ndvi_mean": 0.0523754246532917, "ndmi_mean": -0.1594580113887787, "ndbi_mean": 0.1594580113887787}, "geometry": {"type": "Polygon", "coordinates": [[[2.3239367276177445, 48.861522661377926], [2.3239250576626858, 48.86242194496293], [2.3252880455694833, 48.86242963703322], [2.325299691999846, 48.8615303533217], [2.3239367276177445, 48.861522661377926]]]}}, {"type": "Feature", "properties": {"ndvi_mean": 0.2865934371948242, "ndmi_mean": 0.008609282784163952, "ndbi_mean": -0.008609282784163952}, "geometry": {"type": "Polygon", "coordinates": [[[2.325299691999846, 48.8615303533217], [2.3252880455694833, 48.86242963703322], [2.326651033878351, 48.862437313580735], [2.3266626567839968, 48.86153802974293], [2.325299691999846, 48.8615303533217]]]}}, {"type": "Feature", "properties": {"ndvi_mean": 0.4321373701095581, "ndmi_mean": 0.0956234484910965, "ndbi_mean": -0.0956234484910965}, "geometry": {"type": "Polygon", "coordinates": [[[2.3266626567839968, 48.86153802974293], [2.326651033878351, 48.862437313580735], [2.3280140225884765, 48.86244497460547], [2.3280256219693842, 48.86154569064165], [2.3266626567839968, 48.86153802974293]]]}}, {"type": "Feature", "properties": {"ndvi_mean": 0.4407763183116913, "ndmi_mean": 0.10637328773736954, "ndbi_mean": -0.10637328773736954}, "geometry": {"type": "Polygon", "coordinates": [[[2.3280256219693842, 48.86154569064165], [2.3280140225884765, 48.86244497460547], [2.329377011699048, 48.8624526201074], [2.329388587555197, 48.861553336017806], [2.3280256219693842, 48.86154569064165]]]}}, {"type": "Feature", "properties": {"ndvi_mean": 0.4695546329021454, "ndmi_mean": 0.11419956386089325, "ndbi_mean": -0.11419956386089325}, "geometry": {"type": "Polygon", "coordinates": [[[2.329388587555197, 48.861553336017806], [2.329377011699048, 48.8624526201074], [2.3307400012092536, 48.86246025008655], [2.330751553540624, 48.861560965871455], [2.329388587555197, 48.861553336017806]]]}}, {"type": "Feature", "properties": {"ndvi_mean": 0.43166324496269226, "ndmi_mean": 0.12750139832496643, "ndbi_mean": -0.12750139832496643}, "geometry": {"type": "Polygon", "coordinates": [[[2.330751553540624, 48.861560965871455], [2.3307400012092536, 48.86246025008655], [2.332102991118281, 48.862467864542886], [2.3321145199248514, 48.86156858020254], [2.330751553540624, 48.861560965871455]]]}}, {"type": "Feature", "properties": {"ndvi_mean": 0.4237326681613922, "ndmi_mean": 0.10125408321619034, "ndbi_mean": -0.10125408321619034}, "geometry": {"type": "Polygon", "coordinates": [[[2.3321145199248514, 48.86156858020254], [2.332102991118281, 48.862467864542886], [2.3334659814253182, 48.86247546347642], [2.3334774867070682, 48.86157617901107], [2.3321145199248514, 48.86156858020254]]]}}, {"type": "Feature", "properties": {"ndvi_mean": 0.21388369798660278, "ndmi_mean": 0.036548808217048645, "ndbi_mean": -0.036548808217048645}, "geometry": {"type": "Polygon", "coordinates": [[[2.3334774867070682, 48.86157617901107], [2.3334659814253182, 48.86247546347642], [2.3348289721295536, 48.862483046887135], [2.334840453886462, 48.86158376229705], [2.3334774867070682, 48.86157617901107]]]}}, {"type": "Feature", "properties": {"ndvi_mean": 0.045823439955711365, "ndmi_mean": -0.058512549847364426, "ndbi_mean": 0.058512549847364426}, "geometry": {"type": "Polygon", "coordinates": [[[2.334840453886462, 48.86158376229705], [2.3348289721295536, 48.862483046887135], [2.336191963230174, 48.86249061477504], [2.3362034214622214, 48.86159133006046], [2.334840453886462, 48.86158376229705]]]}}, {"type": "Feature", "properties": {"ndvi_mean": 0.15689921379089355, "ndmi_mean": -0.022575076669454575, "ndbi_mean": 0.022575076669454575}, "geometry": {"type": "Polygon", "coordinates": [[[2.284423290813613, 48.86039356220691], [2.284410939078018, 48.86129284274222], [2.2857738914474863, 48.86130098483618], [2.285786219659819, 48.86040170416693], [2.284423290813613, 48.86039356220691]]]}}, {"type": "Feature", "properties": {"ndvi_mean": 0.255277544260025, "ndmi_mean": -0.004791782703250647, "ndbi_mean": 0.004791782703250647}, "geometry": {"type": "Polygon", "coordinates": [[[2.285786219659819, 48.86040170416693], [2.2857738914474863, 48.86130098483618], [2.2871368442425504, 48.86130911140782], [2.2871491489315994, 48.860409830604894], [2.285786219659819, 48.86040170416693]]]}}, {"type": "Feature", "properties": {"ndvi_mean": 0.4519093632698059, "ndmi_mean": 0.0782608687877655, "ndbi_mean": -0.0782608687877655}, "geometry": {"type": "Polygon", "coordinates": [[[2.2871491489315994, 48.860409830604894], [2.2871368442425504, 48.86130911140782], [2.2884997974623995, 48.86131722245712], [2.288512078628141, 48.86041794152078], [2.2871491489315994, 48.860409830604894]]]}}, {"type": "Feature", "properties": {"ndvi_mean": 0.3947819173336029, "ndmi_mean": 0.08580894768238068, "ndbi_mean": -0.08580894768238068}, "geometry": {"type": "Polygon", "coordinates": [[[2.288512078628141, 48.86041794152078], [2.2884997974623995, 48.86131722245712], [2.28986275110622, 48.86132531798409], [2.289875008748634, 48.86042603691457], [2.288512078628141, 48.86041794152078]]]}}, {"type": "Feature", "properties": {"ndvi_mean": 0.22087547183036804, "ndmi_mean": 0.013814344070851803, "ndbi_mean": -0.013814344070851803}, "geometry": {"type": "Polygon", "coordinates": [[[2.289875008748634, 48.86042603691457], [2.28986275110622, 48.86132531798409], [2.291225705173201, 48.861333397988695], [2.291237939292265, 48.86043411678628], [2.289875008748634, 48.86042603691457]]]}}, {"type": "Feature", "properties": {"ndvi_mean": 0.2899986505508423, "ndmi_mean": 0.04955165088176727, "ndbi_mean": -0.04955165088176727}, "geometry": {"type": "Polygon", "coordinates": [[[2.291237939292265, 48.86043411678628], [2.291225705173201, 48.861333397988695], [2.2925886596625302, 48.86134146247097], [2.2926008702582226, 48.86044218113589], [2.291237939292265, 48.86043411678628]]]}}, {"type": "Feature", "properties": {"ndvi_mean": -0.02646469883620739, "ndmi_mean": -0.04496404156088829, "ndbi_mean": 0.04496404156088829}, "geometry": {"type": "Polygon", "coordinates": [[[2.2926008702582226, 48.86044218113589], [2.2925886596625302, 48.86134146247097], [2.293951614573396, 48.861349511430866], [2.2939638016456945, 48.86045022996338], [2.2926008702582226, 48.86044218113589]]]}}, {"type": "Feature", "properties": {"ndvi_mean": 0.09210571646690369, "ndmi_mean": -0.015332651324570179, "ndbi_mean": 0.015332651324570179}, "geometry": {"type": "Polygon", "coordinates": [[[2.2939638016456945, 48.86045022996338], [2.293951614573396, 48.861349511430866], [2.295314569904986, 48.86135754486841], [2.295326733453869, 48.860458263268775], [2.2939638016456945, 48.86045022996338]]]}}, {"type": "Feature", "properties": {"ndvi_mean": 0.409616619348526, "ndmi_mean": 0.12111014127731323, "ndbi_mean": -0.12111014127731323}, "geometry": {"type": "Polygon", "coordinates": [[[2.295326733453869, 48.860458263268775], [2.295314569904986, 48.86135754486841], [2.2966775256564893, 48.86136556278357], [2.2966896656819342, 48.86046628105205], [2.295326733453869, 48.860458263268775]]]}}, {"type": "Feature", "properties": {"ndvi_mean": 0.48046886920928955, "ndmi_mean": 0.15298016369342804, "ndbi_mean": -0.15298016369342804}, "geometry": {"type": "Polygon", "coordinates": [[[2.2966896656819342, 48.86046628105205], [2.2966775256564893, 48.86136556278357], [2.2980404818270923, 48.86137356517636], [2.2980525983290785, 48.860474283313195], [2.2966896656819342, 48.86046628105205]]]}}, {"type": "Feature", "properties": {"ndvi_mean": 0.38981741666793823, "ndmi_mean": 0.11721770465373993, "ndbi_mean": -0.11721770465373993}, "geometry": {"type": "Polygon", "coordinates": [[[2.2980525983290785, 48.860474283313195], [2.2980404818270923, 48.86137356517636], [2.299403438415984, 48.86138155204676], [2.2994155313944895, 48.86048227005221], [2.2980525983290785, 48.860474283313195]]]}}, {"type": "Feature", "properties": {"ndvi_mean": 0.15147684514522552, "ndmi_mean": -0.02770400606095791, "ndbi_mean": 0.02770400606095791}, "geometry": {"type": "Polygon", "coordinates": [[[2.2994155313944895, 48.86048227005221], [2.299403438415984, 48.86138155204676], [2.300766395422352, 48.86138952339475], [2.3007784648773555, 48.86049024126909], [2.2994155313944895, 48.86048227005221]]]}}, {"type": "Feature", "properties": {"ndvi_mean": 0.3351333737373352, "ndmi_mean": 0.06056677922606468, "ndbi_mean": -0.06056677922606468}, "geometry": {"type": "Polygon", "coordinates": [[[2.3007784648773555, 48.86049024126909], [2.300766395422352, 48.86138952339475], [2.3021293528453852, 48.86139747922035], [2.3021413987768646, 48.86049819696381], [2.3007784648773555, 48.86049024126909]]]}}, {"type": "Feature", "properties": {"ndvi_mean": 0.2364838570356369, "ndmi_mean": 0.015051431953907013, "ndbi_mean": -0.015051431953907013}, "geometry": {"type": "Polygon", "coordinates": [[[2.3021413987768646, 48.86049819696381], [2.3021293528453852, 48.86139747922035], [2.303492310684271, 48.86140541952354], [2.3035043330922047, 48.86050613713641], [2.3021413987768646, 48.86049819696381]]]}}, {"type": "Feature", "properties": {"ndvi_mean": 0.16661539673805237, "ndmi_mean": -0.026580573990941048, "ndbi_mean": 0.026580573990941048}, "geometry": {"type": "Polygon", "coordinates": [[[2.3035043330922047, 48.86050613713641], [2.303492310684271, 48.86140541952354], [2.3048552689381974, 48.86141334430432], [2.304867267822565, 48.86051406178682], [2.3035043330922047, 48.86050613713641]]]}}, {"type": "Feature", "properties": {"ndvi_mean": 0.13287687301635742, "ndmi_mean": -0.04542907699942589, "ndbi_mean": 0.04542907699942589}, "geometry": {"type": "Polygon", "coordinates": [[[2.304867267822565, 48.86051406178682], [2.3048552689381974, 48.86141334430432], [2.3062182276063528, 48.861421253562675], [2.3062302029671318, 48.86052197091507], [2.304867267822565, 48.86051406178682]]]}}, {"type": "Feature", "properties": {"ndvi_mean": 0.06901083141565323, "ndmi_mean": -0.0658268928527832, "ndbi_mean": 0.0658268928527832}, "geometry": {"type": "Polygon", "coordinates": [[[2.3062302029671318, 48.86052197091507], [2.3062182276063528, 48.861421253562675], [2.3075811866879246, 48.861429147298615], [2.307593138525094, 48.86052986452117], [2.3062302029671318, 48.86052197091507]]]}}, {"type": "Feature", "properties": {"ndvi_mean": 0.14801955223083496, "ndmi_mean": -0.08164699375629425, "ndbi_mean": 0.08164699375629425}, "geometry": {"type": "Polygon", "coordinates": [[[2.307593138525094, 48.86052986452117], [2.3075811866879246, 48.861429147298615], [2.3089441461821014, 48.861437025512096], [2.3089560744956397, 48.860537742605054], [2.307593138525094, 48.86052986452117]]]}}, {"type": "Feature", "properties": {"ndvi_mean": 0.14279671013355255, "ndmi_mean": 0.007733347360044718, "ndbi_mean": -0.007733347360044718}, "geometry": {"type": "Polygon", "coordinates": [[[2.3089560744956397, 48.860537742605054], [2.3089441461821014, 48.861437025512096], [2.310307106088071, 48.86144488820315], [2.310319010877957, 48.86054560516678], [2.3089560744956397, 48.860537742605054]]]}}, {"type": "Feature", "properties": {"ndvi_mean": 0.2380623072385788, "ndmi_mean": 0.06011899560689926, "ndbi_mean": -0.06011899560689926}, "geometry": {"type": "Polygon", "coordinates": [[[2.310319010877957, 48.86054560516678], [2.310307106088071, 48.86144488820315], [2.311670066405022, 48.86145273537175], [2.311681947671234, 48.8605534522063], [2.310319010877957, 48.86054560516678]]]}}, {"type": "Feature", "properties": {"ndvi_mean": 0.6282892227172852, "ndmi_mean": 0.2087416648864746, "ndbi_mean": -0.2087416648864746}, "geometry": {"type": "Polygon", "coordinates": [[[2.311681947671234, 48.8605534522063], [2.311670066405022, 48.86145273537175], [2.313033027132142, 48.86146056701791], [2.3130448848746585, 48.860561283723634], [2.311681947671234, 48.8605534522063]]]}}, {"type": "Feature", "properties": {"ndvi_mean": 0.47698771953582764, "ndmi_mean": 0.11572768539190292, "ndbi_mean": -0.11572768539190292}, "geometry": {"type": "Polygon", "coordinates": [[[2.3130448848746585, 48.860561283723634], [2.313033027132142, 48.86146056701791], [2.3143959882686183, 48.8614683831416], [2.3144078224874187, 48.86056909971874], [2.3130448848746585, 48.860561283723634]]]}}, {"type": "Feature", "properties": {"ndvi_mean": 0.20640979707241058, "ndmi_mean": -0.00017476559150964022, "ndbi_mean": 0.00017476559150964022}, "geometry": {"type": "Polygon", "coordinates": [[[2.3144078224874187, 48.86056909971874], [2.3143959882686183, 48.8614683831416], [2.31575894981364, 48.861476183742816], [2.3157707605087032, 48.860576900191646], [2.3144078224874187, 48.86056909971874]]]}}, {"type": "Feature", "properties": {"ndvi_mean": 0.10264424234628677, "ndmi_mean": -0.03844121843576431, "ndbi_mean": 0.03844121843576431}, "geometry": {"type": "Polygon", "coordinates": [[[2.3157707605087032, 48.860576900191646], [2.31575894981364, 48.861476183742816], [2.3171219117663946, 48.86148396882157], [2.3171336989377, 48.86058468514233], [2.3157707605087032, 48.860576900191646]]]}}, {"type": "Feature", "properties": {"ndvi_mean": 0.11163259297609329, "ndmi_mean": -0.10900048911571503, "ndbi_mean": 0.10900048911571503}, "geometry": {"type": "Polygon", "coordinates": [[[2.3171336989377, 48.86058468514233], [2.3171219117663946, 48.86148396882157], [2.3184848741260704, 48.86149173837782], [2.318496637773596, 48.86059245457079], [2.3171336989377, 48.86058468514233]]]}}, {"type": "Feature", "properties": {"ndvi_mean": 0.1450445055961609, "ndmi_mean": -0.04723913222551346, "ndbi_mean": 0.04723913222551346}, "geometry": {"type": "Polygon", "coordinates": [[[2.318496637773596, 48.86059245457079], [2.3184848741260704, 48.86149173837782], [2.319847836891855, 48.861499492411596], [2.3198595770155808, 48.860600208477024], [2.318496637773596, 48.86059245457079]]]}}, {"type": "Feature", "properties": {"ndvi_mean": 0.2155037820339203, "ndmi_mean": -0.006631931755691767, "ndbi_mean": 0.006631931755691767}, "geometry": {"type": "Polygon", "coordinates": [[[2.3198595770155808, 48.860600208477024], [2.319847836891855, 48.861499492411596], [2.321210800062937, 48.86150723092289], [2.3212225166628406, 48.860607946860995], [2.3198595770155808, 48.860600208477024]]]}}, {"type": "Feature", "properties": {"ndvi_mean": 0.1835913509130478, "ndmi_mean": 0.05233070254325867, "ndbi_mean": -0.05233070254325867}, "geometry": {"type": "Polygon", "coordinates": [[[2.3212225166628406, 48.860607946860995], [2.321210800062937, 48.86150723092289], [2.322573763638504, 48.86151495391167], [2.3225854567145654, 48.86061566972273], [2.3212225166628406, 48.860607946860995]]]}}, {"type": "Feature", "properties": {"ndvi_mean": 0.2298024594783783, "ndmi_mean": 0.07038234174251556, "ndbi_mean": -0.07038234174251556}, "geometry": {"type": "Polygon", "coordinates": [[[2.3225854567145654, 48.86061566972273], [2.322573763638504, 48.86151495391167], [2.3239367276177445, 48.861522661377926], [2.3239483971699424, 48.86062337706224], [2.3225854567145654, 48.86061566972273]]]}}, {"type": "Feature", "properties": {"ndvi_mean": 0.1288338303565979, "ndmi_mean": -0.0320729985833168, "ndbi_mean": 0.0320729985833168}, "geometry": {"type": "Polygon", "coordinates": [[[2.3239483971699424, 48.86062337706224], [2.3239367276177445, 48.861522661377926], [2.325299691999846, 48.8615303533217], [2.32531133802816, 48.86063106887946], [2.3239483971699424, 48.86062337706224]]]}}, {"type": "Feature", "properties": {"ndvi_mean": -0.0022768573835492134, "ndmi_mean": -0.04396360367536545, "ndbi_mean": 0.04396360367536545}, "geometry": {"type": "Polygon", "coordinates": [[[2.32531133802816, 48.86063106887946], [2.325299691999846, 48.8615303533217], [2.3266626567839968, 48.86153802974293], [2.326674279288405, 48.86063874517443], [2.32531133802816, 48.86063106887946]]]}}, {"type": "Feature", "properties": {"ndvi_mean": 0.022153055295348167, "ndmi_mean": -0.05255387723445892, "ndbi_mean": 0.05255387723445892}, "geometry": {"type": "Polygon", "coordinates": [[[2.326674279288405, 48.86063874517443], [2.3266626567839968, 48.86153802974293], [2.3280256219693842, 48.86154569064165], [2.328037220949867, 48.86064640594711], [2.326674279288405, 48.86063874517443]]]}}, {"type": "Feature", "properties": {"ndvi_mean": 0.17809318006038666, "ndmi_mean": -0.033585209399461746, "ndbi_mean": 0.033585209399461746}, "geometry": {"type": "Polygon", "coordinates": [[[2.328037220949867, 48.86064640594711], [2.3280256219693842, 48.86154569064165], [2.329388587555197, 48.861553336017806], [2.3294001630117336, 48.86065405119752], [2.328037220949867, 48.86064640594711]]]}}, {"type": "Feature", "properties": {"ndvi_mean": 0.19686923921108246, "ndmi_mean": -0.017893793061375618, "ndbi_mean": 0.017893793061375618}, "geometry": {"type": "Polygon", "coordinates": [[[2.3294001630117336, 48.86065405119752], [2.329388587555197, 48.861553336017806], [2.330751553540624, 48.861560965871455], [2.330763105473193, 48.86066168092566], [2.3294001630117336, 48.86065405119752]]]}}, {"type": "Feature", "properties": {"ndvi_mean": 0.43830153346061707, "ndmi_mean": 0.14970985054969788, "ndbi_mean": -0.14970985054969788}, "geometry": {"type": "Polygon", "coordinates": [[[2.330763105473193, 48.86066168092566], [2.330751553540624, 48.861560965871455], [2.3321145199248514, 48.86156858020254], [2.3321260483334325, 48.86066929513149], [2.330763105473193, 48.86066168092566]]]}}, {"type": "Feature", "properties": {"ndvi_mean": 0.3716663420200348, "ndmi_mean": 0.09618714451789856, "ndbi_mean": -0.09618714451789856}, "geometry": {"type": "Polygon", "coordinates": [[[2.3321260483334325, 48.86066929513149], [2.3321145199248514, 48.86156858020254], [2.3334774867070682, 48.86157617901107], [2.333488991591641, 48.86067689381504], [2.3321260483334325, 48.86066929513149]]]}}, {"type": "Feature", "properties": {"ndvi_mean": 0.17215149104595184, "ndmi_mean": 0.023035243153572083, "ndbi_mean": -0.023035243153572083}, "geometry": {"type": "Polygon", "coordinates": [[[2.333488991591641, 48.86067689381504], [2.3334774867070682, 48.86157617901107], [2.334840453886462, 48.86158376229705], [2.3348519352470056, 48.86068447697627], [2.333488991591641, 48.86067689381504]]]}}, {"type": "Feature", "properties": {"ndvi_mean": 0.03918739780783653, "ndmi_mean": -0.046903979033231735, "ndbi_mean": 0.046903979033231735}, "geometry": {"type": "Polygon", "coordinates": [[[2.3348519352470056, 48.86068447697627], [2.334840453886462, 48.86158376229705], [2.3362034214622214, 48.86159133006046], [2.3362148792987156, 48.860692044615185], [2.3348519352470056, 48.86068447697627]]]}}, {"type": "Feature", "properties": {"ndvi_mean": 0.07175867259502411, "ndmi_mean": -0.015852181240916252, "ndbi_mean": 0.015852181240916252}, "geometry": {"type": "Polygon", "coordinates": [[[2.2844356421228222, 48.85949428094104], [2.284423290813613, 48.86039356220691], [2.285786219659819, 48.86040170416693], [2.2857985474465776, 48.85950242276713], [2.2844356421228222, 48.85949428094104]]]}}, {"type": "Feature", "properties": {"ndvi_mean": 0.16580890119075775, "ndmi_mean": -0.03832906857132912, "ndbi_mean": 0.03832906857132912}, "geometry": {"type": "Polygon", "coordinates": [[[2.2857985474465776, 48.85950242276713], [2.285786219659819, 48.86040170416693], [2.2871491489315994, 48.860409830604894], [2.287161453195886, 48.859510549071416], [2.2857985474465776, 48.85950242276713]]]}}, {"type": "Feature", "properties": {"ndvi_mean": 0.43195563554763794, "ndmi_mean": 0.09167825430631638, "ndbi_mean": -0.09167825430631638}, "geometry": {"type": "Polygon", "coordinates": [[[2.287161453195886, 48.859510549071416], [2.2871491489315994, 48.860409830604894], [2.288512078628141, 48.86041794152078], [2.2885243593699336, 48.859518659853876], [2.287161453195886, 48.859510549071416]]]}}, {"type": "Feature", "properties": {"ndvi_mean": 0.41945067048072815, "ndmi_mean": 0.08525201678276062, "ndbi_mean": -0.08525201678276062}, "geometry": {"type": "Polygon", "coordinates": [[[2.2885243593699336, 48.859518659853876], [2.288512078628141, 48.86041794152078], [2.289875008748634, 48.86042603691457], [2.2898872659679097, 48.85952675511451], [2.2885243593699336, 48.859518659853876]]]}}, {"type": "Feature", "properties": {"ndvi_mean": 0.2200554460287094, "ndmi_mean": 0.010649217292666435, "ndbi_mean": -0.010649217292666435}, "geometry": {"type": "Polygon", "coordinates": [[[2.2898872659679097, 48.85952675511451], [2.289875008748634, 48.86042603691457], [2.291237939292265, 48.86043411678628], [2.291250172989003, 48.8595348348533], [2.2898872659679097, 48.85952675511451]]]}}, {"type": "Feature", "properties": {"ndvi_mean": 0.019157104194164276, "ndmi_mean": -0.09219639748334885, "ndbi_mean": 0.09219639748334885}, "geometry": {"type": "Polygon", "coordinates": [[[2.291250172989003, 48.8595348348533], [2.291237939292265, 48.86043411678628], [2.2926008702582226, 48.86044218113589], [2.2926130804323996, 48.85954289907026], [2.291250172989003, 48.8595348348533]]]}}, {"type": "Feature", "properties": {"ndvi_mean": 0.060989875346422195, "ndmi_mean": -0.03824176639318466, "ndbi_mean": 0.03824176639318466}, "geometry": {"type": "Polygon", "coordinates": [[[2.2926130804323996, 48.85954289907026], [2.2926008702582226, 48.86044218113589], [2.2939638016456945, 48.86045022996338], [2.2939759882972903, 48.85955094776537], [2.2926130804323996, 48.85954289907026]]]}}, {"type": "Feature", "properties": {"ndvi_mean": 0.40374743938446045, "ndmi_mean": 0.12347792834043503, "ndbi_mean": -0.12347792834043503}, "geometry": {"type": "Polygon", "coordinates": [[[2.2939759882972903, 48.85955094776537], [2.2939638016456945, 48.86045022996338], [2.295326733453869, 48.860458263268775], [2.2953388965828614, 48.859558980938615], [2.2939759882972903, 48.85955094776537]]]}}, {"type": "Feature", "properties": {"ndvi_mean": 0.3612193167209625, "ndmi_mean": 0.10666737705469131, "ndbi_mean": -0.10666737705469131}, "geometry": {"type": "Polygon", "coordinates": [[[2.2953388965828614, 48.859558980938615], [2.295326733453869, 48.860458263268775], [2.2966896656819342, 48.86046628105205], [2.296701805288301, 48.859566998590005], [2.2953388965828614, 48.859558980938615]]]}}, {"type": "Feature", "properties": {"ndvi_mean": 0.16948644816875458, "ndmi_mean": 0.012893564999103546, "ndbi_mean": -0.012893564999103546}, "geometry": {"type": "Polygon", "coordinates": [[[2.296701805288301, 48.859566998590005], [2.2966896656819342, 48.86046628105205], [2.2980525983290785, 48.860474283313195], [2.298064714412798, 48.85957500071951], [2.296701805288301, 48.859566998590005]]]}}, {"type": "Feature", "properties": {"ndvi_mean": 0.1479363590478897, "ndmi_mean": -0.00295447139069438, "ndbi_mean": 0.00295447139069438}, "geometry": {"type": "Polygon", "coordinates": [[[2.298064714412798, 48.85957500071951], [2.2980525983290785, 48.860474283313195], [2.2994155313944895, 48.86048227005221], [2.2994276239555402, 48.85958298732716], [2.298064714412798, 48.85957500071951]]]}}, {"type": "Feature", "properties": {"ndvi_mean": 0.1397314965724945, "ndmi_mean": -0.012969405390322208, "ndbi_mean": 0.012969405390322208}, "geometry": {"type": "Polygon", "coordinates": [[[2.2994276239555402, 48.85958298732716], [2.2994155313944895, 48.86048227005221], [2.3007784648773555, 48.86049024126909], [2.300790533915716, 48.85959095841291], [2.2994276239555402, 48.85958298732716]]]}}, {"type": "Feature", "properties": {"ndvi_mean": 0.28602805733680725, "ndmi_mean": 0.031302597373723984, "ndbi_mean": -0.031302597373723984}, "geometry": {"type": "Polygon", "coordinates": [[[2.300790533915716, 48.85959095841291], [2.3007784648773555, 48.86049024126909], [2.3021413987768646, 48.86049819696381], [2.302153444292513, 48.859598913976775], [2.300790533915716, 48.85959095841291]]]}}, {"type": "Feature", "properties": {"ndvi_mean": 0.21447815001010895, "ndmi_mean": -0.027530023828148842, "ndbi_mean": 0.027530023828148842}, "geometry": {"type": "Polygon", "coordinates": [[[2.302153444292513, 48.859598913976775], [2.3021413987768646, 48.86049819696381], [2.3035043330922047, 48.86050613713641], [2.30351635508512, 48.85960685401875], [2.302153444292513, 48.859598913976775]]]}}, {"type": "Feature", "properties": {"ndvi_mean": 0.19192157685756683, "ndmi_mean": -0.012424142099916935, "ndbi_mean": 0.012424142099916935}, "geometry": {"type": "Polygon", "coordinates": [[[2.30351635508512, 48.85960685401875], [2.3035043330922047, 48.86050613713641], [2.304867267822565, 48.86051406178682], [2.304879266292725, 48.859614778538806], [2.30351635508512, 48.85960685401875]]]}}, {"type": "Feature", "properties": {"ndvi_mean": 0.11745555698871613, "ndmi_mean": -0.06405120342969894, "ndbi_mean": 0.06405120342969894}, "geometry": {"type": "Polygon", "coordinates": [[[2.304879266292725, 48.859614778538806], [2.304867267822565, 48.86051406178682], [2.3062302029671318, 48.86052197091507], [2.306242177914515, 48.85962268753696], [2.304879266292725, 48.859614778538806]]]}}, {"type": "Feature", "properties": {"ndvi_mean": 0.14438490569591522, "ndmi_mean": -0.04612498730421066, "ndbi_mean": 0.04612498730421066}, "geometry": {"type": "Polygon", "coordinates": [[[2.306242177914515, 48.85962268753696], [2.3062302029671318, 48.86052197091507], [2.307593138525094, 48.86052986452117], [2.3076050899496794, 48.8596305810132], [2.306242177914515, 48.85962268753696]]]}}, {"type": "Feature", "properties": {"ndvi_mean": 0.08247716724872589, "ndmi_mean": -0.10148555040359497, "ndbi_mean": 0.10148555040359497}, "geometry": {"type": "Polygon", "coordinates": [[[2.3076050899496794, 48.8596305810132], [2.307593138525094, 48.86052986452117], [2.3089560744956397, 48.860537742605054], [2.3089680023974064, 48.85963845896751], [2.3076050899496794, 48.8596305810132]]]}}, {"type": "Feature", "properties": {"ndvi_mean": 0.14514142274856567, "ndmi_mean": -0.003604397177696228, "ndbi_mean": 0.003604397177696228}, "geometry": {"type": "Polygon", "coordinates": [[[2.3089680023974064, 48.85963845896751], [2.3089560744956397, 48.860537742605054], [2.310319010877957, 48.86054560516678], [2.3103309152568827, 48.85964632139989], [2.3089680023974064, 48.85963845896751]]]}}, {"type": "Feature", "properties": {"ndvi_mean": 0.21525989472866058, "ndmi_mean": 0.020773310214281082, "ndbi_mean": -0.020773310214281082}, "geometry": {"type": "Polygon", "coordinates": [[[2.3103309152568827, 48.85964632139989], [2.310319010877957, 48.86054560516678], [2.311681947671234, 48.8605534522063], [2.311693828527298, 48.859654168310335], [2.3103309152568827, 48.85964632139989]]]}}, {"type": "Feature", "properties": {"ndvi_mean": 0.5794322490692139, "ndmi_mean": 0.16501960158348083, "ndbi_mean": -0.16501960158348083}, "geometry": {"type": "Polygon", "coordinates": [[[2.311693828527298, 48.859654168310335], [2.311681947671234, 48.8605534522063], [2.3130448848746585, 48.860561283723634], [2.3130567422078396, 48.859661999698844], [2.311693828527298, 48.859654168310335]]]}}, {"type": "Feature", "properties": {"ndvi_mean": 0.5208118557929993, "ndmi_mean": 0.12916287779808044, "ndbi_mean": -0.12916287779808044}, "geometry": {"type": "Polygon", "coordinates": [[[2.3130567422078396, 48.859661999698844], [2.3130448848746585, 48.860561283723634], [2.3144078224874187, 48.86056909971874], [2.314419656297696, 48.85966981556538], [2.3130567422078396, 48.859661999698844]]]}}, {"type": "Feature", "properties": {"ndvi_mean": 0.19063065946102142, "ndmi_mean": 0.03497570380568504, "ndbi_mean": -0.03497570380568504}, "geometry": {"type": "Polygon", "coordinates": [[[2.314419656297696, 48.85966981556538], [2.3144078224874187, 48.86056909971874], [2.3157707605087032, 48.860576900191646], [2.315782570796055, 48.85967761590998], [2.314419656297696, 48.85966981556538]]]}}, {"type": "Feature", "properties": {"ndvi_mean": 0.12410082668066025, "ndmi_mean": -0.03227342292666435, "ndbi_mean": 0.03227342292666435}, "geometry": {"type": "Polygon", "coordinates": [[[2.315782570796055, 48.85967761590998], [2.3157707605087032, 48.860576900191646], [2.3171336989377, 48.86058468514233], [2.3171454857021048, 48.85968540073261], [2.315782570796055, 48.85967761590998]]]}}, {"type": "Feature", "properties": {"ndvi_mean": 0.08777568489313126, "ndmi_mean": -0.05240929499268532, "ndbi_mean": 0.05240929499268532}, "geometry": {"type": "Polygon", "coordinates": [[[2.3171454857021048, 48.85968540073261], [2.3171336989377, 48.86058468514233], [2.318496637773596, 48.86059245457079], [2.3185084010150336, 48.85969317003326], [2.3171454857021048, 48.85968540073261]]]}}, {"type": "Feature", "properties": {"ndvi_mean": 0.2825923264026642, "ndmi_mean": 0.04551166668534279, "ndbi_mean": -0.04551166668534279}, "geometry": {"type": "Polygon", "coordinates": [[[2.3185084010150336, 48.85969317003326], [2.318496637773596, 48.86059245457079], [2.3198595770155808, 48.860600208477024], [2.3198713167340292, 48.859700923811936], [2.3185084010150336, 48.85969317003326]]]}}, {"type": "Feature", "properties": {"ndvi_mean": 0.37994301319122314, "ndmi_mean": 0.06626792997121811, "ndbi_mean": -0.06626792997121811}, "geometry": {"type": "Polygon", "coordinates": [[[2.3198713167340292, 48.859700923811936], [2.3198595770155808, 48.860600208477024], [2.3212225166628406, 48.860607946860995], [2.3212342328582802, 48.859708662068634], [2.3198713167340292, 48.859700923811936]]]}}, {"type": "Feature", "properties": {"ndvi_mean": 0.30044814944267273, "ndmi_mean": 0.07961899042129517, "ndbi_mean": -0.07961899042129517}, "geometry": {"type": "Polygon", "coordinates": [[[2.3212342328582802, 48.859708662068634], [2.3212225166628406, 48.860607946860995], [2.3225854567145654, 48.86061566972273], [2.322597149386974, 48.859716384803335], [2.3212342328582802, 48.859708662068634]]]}}, {"type": "Feature", "properties": {"ndvi_mean": 0.04682975262403488, "ndmi_mean": -0.06317697465419769, "ndbi_mean": 0.06317697465419769}, "geometry": {"type": "Polygon", "coordinates": [[[2.322597149386974, 48.859716384803335], [2.3225854567145654, 48.86061566972273], [2.3239483971699424, 48.86062337706224], [2.3239600663193, 48.859724092016044], [2.322597149386974, 48.859716384803335]]]}}, {"type": "Feature", "properties": {"ndvi_mean": 0.050936732441186905, "ndmi_mean": -0.03227582201361656, "ndbi_mean": 0.03227582201361656}, "geometry": {"type": "Polygon", "coordinates": [[[2.3239600663193, 48.859724092016044], [2.3239483971699424, 48.86062337706224], [2.32531133802816, 48.86063106887946], [2.325322983654445, 48.859731783706756], [2.3239600663193, 48.859724092016044]]]}}, {"type": "Feature", "properties": {"ndvi_mean": -0.006605967413634062, "ndmi_mean": 0.05041707679629326, "ndbi_mean": -0.05041707679629326}, "geometry": {"type": "Polygon", "coordinates": [[[2.325322983654445, 48.859731783706756], [2.32531133802816, 48.86063106887946], [2.326674279288405, 48.86063874517443], [2.3266859013915977, 48.859739459875435], [2.325322983654445, 48.859731783706756]]]}}, {"type": "Feature", "properties": {"ndvi_mean": 0.038940612226724625, "ndmi_mean": -0.04718957468867302, "ndbi_mean": 0.04718957468867302}, "geometry": {"type": "Polygon", "coordinates": [[[2.3266859013915977, 48.859739459875435], [2.326674279288405, 48.86063874517443], [2.328037220949867, 48.86064640594711], [2.3280488195299456, 48.85974712052212], [2.3266859013915977, 48.859739459875435]]]}}, {"type": "Feature", "properties": {"ndvi_mean": -0.08553706854581833, "ndmi_mean": -0.05720683932304382, "ndbi_mean": 0.05720683932304382}, "geometry": {"type": "Polygon", "coordinates": [[[2.3280488195299456, 48.85974712052212], [2.328037220949867, 48.86064640594711], [2.3294001630117336, 48.86065405119752], [2.3294117380686776, 48.85975476564678], [2.3280488195299456, 48.85974712052212]]]}}, {"type": "Feature", "properties": {"ndvi_mean": 0.000330078590195626, "ndmi_mean": -0.10351838916540146, "ndbi_mean": 0.10351838916540146}, "geometry": {"type": "Polygon", "coordinates": [[[2.3294117380686776, 48.85975476564678], [2.3294001630117336, 48.86065405119752], [2.330763105473193, 48.86066168092566], [2.330774657006981, 48.85976239524939], [2.3294117380686776, 48.85975476564678]]]}}, {"type": "Feature", "properties": {"ndvi_mean": 0.1687210202217102, "ndmi_mean": -0.01282126922160387, "ndbi_mean": 0.01282126922160387}, "geometry": {"type": "Polygon", "coordinates": [[[2.330774657006981, 48.85976239524939], [2.330763105473193, 48.86066168092566], [2.3321260483334325, 48.86066929513149], [2.3321375763440453, 48.85977000932998], [2.330774657006981, 48.85976239524939]]]}}, {"type": "Feature", "properties": {"ndvi_mean": 0.1107461079955101, "ndmi_mean": -0.05398238077759743, "ndbi_mean": 0.05398238077759743}, "geometry": {"type": "Polygon", "coordinates": [[[2.3321375763440453, 48.85977000932998], [2.3321260483334325, 48.86066929513149], [2.333488991591641, 48.86067689381504], [2.3335004960790564, 48.85977760788852], [2.3321375763440453, 48.85977000932998]]]}}, {"type": "Feature", "properties": {"ndvi_mean": 0.08327694237232208, "ndmi_mean": -0.06637179851531982, "ndbi_mean": 0.06637179851531982}, "geometry": {"type": "Polygon", "coordinates": [[[2.3335004960790564, 48.85977760788852], [2.333488991591641, 48.86067689381504], [2.3348519352470056, 48.86068447697627], [2.3348634162112045, 48.85978519092502], [2.3335004960790564, 48.85977760788852]]]}}, {"type": "Feature", "properties": {"ndvi_mean": 0.05854056775569916, "ndmi_mean": -0.10619229823350906, "ndbi_mean": 0.10619229823350906}, "geometry": {"type": "Polygon", "coordinates": [[[2.3348634162112045, 48.85978519092502], [2.3348519352470056, 48.86068447697627], [2.3362148792987156, 48.860692044615185], [2.3362263367396765, 48.85979275843947], [2.3348634162112045, 48.85978519092502]]]}}, {"type": "Feature", "properties": {"ndvi_mean": 0.20380917191505432, "ndmi_mean": -0.01649167574942112, "ndbi_mean": 0.01649167574942112}, "geometry": {"type": "Polygon", "coordinates": [[[2.284447993005667, 48.85859499894484], [2.2844356421228222, 48.85949428094104], [2.2857985474465776, 48.85950242276713], [2.2858108748077846, 48.858603140637], [2.284447993005667, 48.85859499894484]]]}}, {"type": "Feature", "properties": {"ndvi_mean": 0.29014384746551514, "ndmi_mean": 0.0066049592569470406, "ndbi_mean": -0.0066049592569470406}, "geometry": {"type": "Polygon", "coordinates": [[[2.2858108748077846, 48.858603140637], [2.2857985474465776, 48.85950242276713], [2.287161453195886, 48.859510549071416], [2.2871737570354322, 48.858611266807614], [2.2858108748077846, 48.858603140637]]]}}, {"type": "Feature", "properties": {"ndvi_mean": 0.2776561379432678, "ndmi_mean": 0.02765142172574997, "ndbi_mean": -0.02765142172574997}, "geometry": {"type": "Polygon", "coordinates": [[[2.2871737570354322, 48.858611266807614], [2.287161453195886, 48.859510549071416], [2.2885243593699336, 48.859518659853876], [2.2885366396877975, 48.85861937745668], [2.2871737570354322, 48.858611266807614]]]}}, {"type": "Feature", "properties": {"ndvi_mean": 0.5178949236869812, "ndmi_mean": 0.16784822940826416, "ndbi_mean": -0.16784822940826416}, "geometry": {"type": "Polygon", "coordinates": [[[2.2885366396877975, 48.85861937745668], [2.2885243593699336, 48.859518659853876], [2.2898872659679097, 48.85952675511451], [2.289899522764069, 48.85862747258413], [2.2885366396877975, 48.85861937745668]]]}}, {"type": "Feature", "properties": {"ndvi_mean": 0.10029090195894241, "ndmi_mean": -0.04020640254020691, "ndbi_mean": 0.04020640254020691}, "geometry": {"type": "Polygon", "coordinates": [[[2.289899522764069, 48.85862747258413], [2.2898872659679097, 48.85952675511451], [2.291250172989003, 48.8595348348533], [2.291262406263436, 48.85863555219003], [2.289899522764069, 48.85862747258413]]]}}, {"type": "Feature", "properties": {"ndvi_mean": 0.04886868968605995, "ndmi_mean": -0.06892644613981247, "ndbi_mean": 0.06892644613981247}, "geometry": {"type": "Polygon", "coordinates": [[[2.291262406263436, 48.85863555219003], [2.291250172989003, 48.8595348348533], [2.2926130804323996, 48.85954289907026], [2.292625290185085, 48.858643616274335], [2.291262406263436, 48.85863555219003]]]}}, {"type": "Feature", "properties": {"ndvi_mean": 0.10397472977638245, "ndmi_mean": -0.06847669184207916, "ndbi_mean": 0.06847669184207916}, "geometry": {"type": "Polygon", "coordinates": [[[2.292625290185085, 48.858643616274335], [2.2926130804323996, 48.85954289907026], [2.2939759882972903, 48.85955094776537], [2.2939881745282054, 48.85865166483704], [2.292625290185085, 48.858643616274335]]]}}, {"type": "Feature", "properties": {"ndvi_mean": 0.5386304259300232, "ndmi_mean": 0.1735459268093109, "ndbi_mean": -0.1735459268093109}, "geometry": {"type": "Polygon", "coordinates": [[[2.2939881745282054, 48.85865166483704], [2.2939759882972903, 48.85955094776537], [2.2953388965828614, 48.859558980938615], [2.2953510592919844, 48.858659697878146], [2.2939881745282054, 48.85865166483704]]]}}, {"type": "Feature", "properties": {"ndvi_mean": 0.6348702311515808, "ndmi_mean": 0.23988857865333557, "ndbi_mean": -0.23988857865333557}, "geometry": {"type": "Polygon", "coordinates": [[[2.2953510592919844, 48.858659697878146], [2.2953388965828614, 48.859558980938615], [2.296701805288301, 48.859566998590005], [2.29671394447561, 48.85866771539766], [2.2953510592919844, 48.858659697878146]]]}}, {"type": "Feature", "properties": {"ndvi_mean": 0.3702131509780884, "ndmi_mean": 0.13993962109088898, "ndbi_mean": -0.13993962109088898}, "geometry": {"type": "Polygon", "coordinates": [[[2.29671394447561, 48.85866771539766], [2.296701805288301, 48.859566998590005], [2.298064714412798, 48.85957500071951], [2.2980768300782723, 48.85867571739554], [2.29671394447561, 48.85866771539766]]]}}, {"type": "Feature", "properties": {"ndvi_mean": 0.12054480612277985, "ndmi_mean": -0.04507988318800926, "ndbi_mean": 0.04507988318800926}, "geometry": {"type": "Polygon", "coordinates": [[[2.2980768300782723, 48.85867571739554], [2.298064714412798, 48.85957500071951], [2.2994276239555402, 48.85958298732716], [2.2994397160991573, 48.8586837038718], [2.2980768300782723, 48.85867571739554]]]}}, {"type": "Feature", "properties": {"ndvi_mean": 0.24548348784446716, "ndmi_mean": 0.020400524139404297, "ndbi_mean": -0.020400524139404297}, "geometry": {"type": "Polygon", "coordinates": [[[2.2994397160991573, 48.8586837038718], [2.2994276239555402, 48.85958298732716], [2.300790533915716, 48.85959095841291], [2.3008026025374546, 48.858691674826446], [2.2994397160991573, 48.8586837038718]]]}}, {"type": "Feature", "properties": {"ndvi_mean": 0.07166168093681335, "ndmi_mean": -0.055102553218603134, "ndbi_mean": 0.055102553218603134}, "geometry": {"type": "Polygon", "coordinates": [[[2.3008026025374546, 48.858691674826446], [2.300790533915716, 48.85959095841291], [2.302153444292513, 48.859598913976775], [2.302165489392352, 48.858699630259444], [2.3008026025374546, 48.858691674826446]]]}}, {"type": "Feature", "properties": {"ndvi_mean": 0.15447911620140076, "ndmi_mean": 0.014447279274463654, "ndbi_mean": -0.014447279274463654}, "geometry": {"type": "Polygon", "coordinates": [[[2.302165489392352, 48.858699630259444], [2.302153444292513, 48.859598913976775], [2.30351635508512, 48.85960685401875], [2.3035283766630372, 48.85870757017081], [2.302165489392352, 48.858699630259444]]]}}, {"type": "Feature", "properties": {"ndvi_mean": 0.19468311965465546, "ndmi_mean": -0.03370635211467743, "ndbi_mean": 0.03370635211467743}, "geometry": {"type": "Polygon", "coordinates": [[[2.3035283766630372, 48.85870757017081], [2.30351635508512, 48.85960685401875], [2.304879266292725, 48.859614778538806], [2.3048912643486985, 48.8587154945605], [2.3035283766630372, 48.85870757017081]]]}}, {"type": "Feature", "properties": {"ndvi_mean": 0.1419614851474762, "ndmi_mean": -0.09190522879362106, "ndbi_mean": 0.09190522879362106}, "geometry": {"type": "Polygon", "coordinates": [[[2.3048912643486985, 48.8587154945605], [2.304879266292725, 48.859614778538806], [2.306242177914515, 48.85962268753696], [2.3062541524485245, 48.85872340342857], [2.3048912643486985, 48.8587154945605]]]}}, {"type": "Feature", "properties": {"ndvi_mean": 0.09411004930734634, "ndmi_mean": -0.06576082110404968, "ndbi_mean": 0.06576082110404968}, "geometry": {"type": "Polygon", "coordinates": [[[2.3062541524485245, 48.85872340342857], [2.306242177914515, 48.85962268753696], [2.3076050899496794, 48.8596305810132], [2.3076170409617034, 48.858731296774955], [2.3062541524485245, 48.85872340342857]]]}}, {"type": "Feature", "properties": {"ndvi_mean": 0.040927108377218246, "ndmi_mean": -0.05466747656464577, "ndbi_mean": 0.05466747656464577}, "geometry": {"type": "Polygon", "coordinates": [[[2.3076170409617034, 48.858731296774955], [2.3076050899496794, 48.8596305810132], [2.3089680023974064, 48.85963845896751], [2.3089799298874225, 48.858739174599684], [2.3076170409617034, 48.858731296774955]]]}}, {"type": "Feature", "properties": {"ndvi_mean": 0.20940372347831726, "ndmi_mean": 0.020888924598693848, "ndbi_mean": -0.020888924598693848}, "geometry": {"type": "Polygon", "coordinates": [[[2.3089799298874225, 48.858739174599684], [2.3089680023974064, 48.85963845896751], [2.3103309152568827, 48.85964632139989], [2.3103428192248705, 48.85874703690274], [2.3089799298874225, 48.858739174599684]]]}}, {"type": "Feature", "properties": {"ndvi_mean": 0.22851569950580597, "ndmi_mean": 0.012287571094930172, "ndbi_mean": -0.012287571094930172}, "geometry": {"type": "Polygon", "coordinates": [[[2.3103428192248705, 48.85874703690274], [2.3103309152568827, 48.85964632139989], [2.311693828527298, 48.859654168310335], [2.311705708973236, 48.8587548836841], [2.3103428192248705, 48.85874703690274]]]}}, {"type": "Feature", "properties": {"ndvi_mean": 0.5393331050872803, "ndmi_mean": 0.1286269724369049, "ndbi_mean": -0.1286269724369049}, "geometry": {"type": "Polygon", "coordinates": [[[2.311705708973236, 48.8587548836841], [2.311693828527298, 48.859654168310335], [2.3130567422078396, 48.859661999698844], [2.3130685991317064, 48.85876271494378], [2.311705708973236, 48.8587548836841]]]}}, {"type": "Feature", "properties": {"ndvi_mean": 0.4881981611251831, "ndmi_mean": 0.0840073972940445, "ndbi_mean": -0.0840073972940445}, "geometry": {"type": "Polygon", "coordinates": [[[2.3130685991317064, 48.85876271494378], [2.3130567422078396, 48.859661999698844], [2.314419656297696, 48.85966981556538], [2.31443148969947, 48.85877053068176], [2.3130685991317064, 48.85876271494378]]]}}, {"type": "Feature", "properties": {"ndvi_mean": 0.28016531467437744, "ndmi_mean": 0.04906858876347542, "ndbi_mean": -0.04906858876347542}, "geometry": {"type": "Polygon", "coordinates": [[[2.31443148969947, 48.85877053068176], [2.314419656297696, 48.85966981556538], [2.315782570796055, 48.85967761590998], [2.3157943806757157, 48.85877833089804], [2.31443148969947, 48.85877053068176]]]}}, {"type": "Feature", "properties": {"ndvi_mean": 0.4790773093700409, "ndmi_mean": 0.17275355756282806, "ndbi_mean": -0.17275355756282806}, "geometry": {"type": "Polygon", "coordinates": [[[2.3157943806757157, 48.85877833089804], [2.315782570796055, 48.85967761590998], [2.3171454857021048, 48.85968540073261], [2.317157272059631, 48.85878611559262], [2.3157943806757157, 48.85877833089804]]]}}, {"type": "Feature", "properties": {"ndvi_mean": 0.21471530199050903, "ndmi_mean": 0.007490850519388914, "ndbi_mean": -0.007490850519388914}, "geometry": {"type": "Polygon", "coordinates": [[[2.317157272059631, 48.85878611559262], [2.3171454857021048, 48.85968540073261], [2.3185084010150336, 48.85969317003326], [2.318520163850404, 48.85879388476547], [2.317157272059631, 48.85878611559262]]]}}, {"type": "Feature", "properties": {"ndvi_mean": 0.22607314586639404, "ndmi_mean": 0.0174354687333107, "ndbi_mean": -0.0174354687333107}, "geometry": {"type": "Polygon", "coordinates": [[[2.318520163850404, 48.85879388476547], [2.3185084010150336, 48.85969317003326], [2.3198713167340292, 48.859700923811936], [2.3198830560472232, 48.8588016384166], [2.318520163850404, 48.85879388476547]]]}}, {"type": "Feature", "properties": {"ndvi_mean": 0.19164083898067474, "ndmi_mean": -0.037138186395168304, "ndbi_mean": 0.037138186395168304}, "geometry": {"type": "Polygon", "coordinates": [[[2.3198830560472232, 48.8588016384166], [2.3198713167340292, 48.859700923811936], [2.3212342328582802, 48.859708662068634], [2.3212459486492762, 48.85880937654601], [2.3198830560472232, 48.8588016384166]]]}}, {"type": "Feature", "properties": {"ndvi_mean": 0.17412158846855164, "ndmi_mean": -0.006849579978734255, "ndbi_mean": 0.006849579978734255}, "geometry": {"type": "Polygon", "coordinates": [[[2.3212459486492762, 48.85880937654601], [2.3212342328582802, 48.859708662068634], [2.322597149386974, 48.859716384803335], [2.322608841655752, 48.858817099153676], [2.3212459486492762, 48.85880937654601]]]}}, {"type": "Feature", "properties": {"ndvi_mean": 0.07299163937568665, "ndmi_mean": -0.06651125848293304, "ndbi_mean": 0.06651125848293304}, "geometry": {"type": "Polygon", "coordinates": [[[2.322608841655752, 48.858817099153676], [2.322597149386974, 48.859716384803335], [2.3239600663193, 48.859724092016044], [2.3239717350658378, 48.8588248062396], [2.322608841655752, 48.858817099153676]]]}}, {"type": "Feature", "properties": {"ndvi_mean": 0.20267383754253387, "ndmi_mean": 0.04385094717144966, "ndbi_mean": -0.04385094717144966}, "geometry": {"type": "Polygon", "coordinates": [[[2.3239717350658378, 48.8588248062396], [2.3239600663193, 48.859724092016044], [2.325322983654445, 48.859731783706756], [2.325334628878722, 48.858832497803796], [2.3239717350658378, 48.8588248062396]]]}}, {"type": "Feature", "properties": {"ndvi_mean": 0.13059569895267487, "ndmi_mean": 0.013931007124483585, "ndbi_mean": -0.013931007124483585}, "geometry": {"type": "Polygon", "coordinates": [[[2.325334628878722, 48.858832497803796], [2.325322983654445, 48.859731783706756], [2.3266859013915977, 48.859739459875435], [2.3266975230935936, 48.858840173846204], [2.325334628878722, 48.858832497803796]]]}}, {"type": "Feature", "properties": {"ndvi_mean": -0.0037077225279062986, "ndmi_mean": -0.041806191205978394, "ndbi_mean": 0.041806191205978394}, "geometry": {"type": "Polygon", "coordinates": [[[2.3266975230935936, 48.858840173846204], [2.3266859013915977, 48.859739459875435], [2.3280488195299456, 48.85974712052212], [2.32806041770964, 48.85884783436687], [2.3266975230935936, 48.858840173846204]]]}}, {"type": "Feature", "properties": {"ndvi_mean": -0.011024616658687592, "ndmi_mean": -0.12022607773542404, "ndbi_mean": 0.12022607773542404}, "geometry": {"type": "Polygon", "coordinates": [[[2.32806041770964, 48.85884783436687], [2.3280488195299456, 48.85974712052212], [2.3294117380686776, 48.85975476564678], [2.3294233127260493, 48.85885547936577], [2.32806041770964, 48.85884783436687]]]}}, {"type": "Feature", "properties": {"ndvi_mean": 0.05681517720222473, "ndmi_mean": -0.0653800293803215, "ndbi_mean": 0.0653800293803215}, "geometry": {"type": "Polygon", "coordinates": [[[2.3294233127260493, 48.85885547936577], [2.3294117380686776, 48.85975476564678], [2.330774657006981, 48.85976239524939], [2.3307862081420097, 48.85886310884288], [2.3294233127260493, 48.85885547936577]]]}}, {"type": "Feature", "properties": {"ndvi_mean": -0.020562326535582542, "ndmi_mean": -0.011019858531653881, "ndbi_mean": 0.011019858531653881}, "geometry": {"type": "Polygon", "coordinates": [[[2.3307862081420097, 48.85886310884288], [2.330774657006981, 48.85976239524939], [2.3321375763440453, 48.85977000932998], [2.3321491039567093, 48.85887072279824], [2.3307862081420097, 48.85886310884288]]]}}, {"type": "Feature", "properties": {"ndvi_mean": -0.0412408672273159, "ndmi_mean": -0.13486286997795105, "ndbi_mean": 0.13486286997795105}, "geometry": {"type": "Polygon", "coordinates": [[[2.3321491039567093, 48.85887072279824], [2.3321375763440453, 48.85977000932998], [2.3335004960790564, 48.85977760788852], [2.3335120001693364, 48.85887832123179], [2.3321491039567093, 48.85887072279824]]]}}, {"type": "Feature", "properties": {"ndvi_mean": -0.046557892113924026, "ndmi_mean": -0.0807616114616394, "ndbi_mean": 0.0807616114616394}, "geometry": {"type": "Polygon", "coordinates": [[[2.3335120001693364, 48.85887832123179], [2.3335004960790564, 48.85977760788852], [2.3348634162112045, 48.85978519092502], [2.3348748967790787, 48.85888590414355], [2.3335120001693364, 48.85887832123179]]]}}, {"type": "Feature", "properties": {"ndvi_mean": 0.0676088035106659, "ndmi_mean": -0.020311495289206505, "ndbi_mean": 0.020311495289206505}, "geometry": {"type": "Polygon", "coordinates": [[[2.3348748967790787, 48.85888590414355], [2.3348634162112045, 48.85978519092502], [2.3362263367396765, 48.85979275843947], [2.3362377937851253, 48.85889347153349], [2.3348748967790787, 48.85888590414355]]]}}, {"type": "Feature", "properties": {"ndvi_mean": 0.10551834106445312, "ndmi_mean": -0.08681032806634903, "ndbi_mean": 0.08681032806634903}, "geometry": {"type": "Polygon", "coordinates": [[[2.284460343462171, 48.85769571621854], [2.284447993005667, 48.85859499894484], [2.2858108748077846, 48.858603140637], [2.285823201743461, 48.85770385777679], [2.284460343462171, 48.85769571621854]]]}}, {"type": "Feature", "properties": {"ndvi_mean": 0.2245459109544754, "ndmi_mean": -0.019625652581453323, "ndbi_mean": 0.019625652581453323}, "geometry": {"type": "Polygon", "coordinates": [[[2.285823201743461, 48.85770385777679], [2.2858108748077846, 48.858603140637], [2.2871737570354322, 48.858611266807614], [2.28718606045026, 48.85771198381373], [2.285823201743461, 48.85770385777679]]]}}, {"type": "Feature", "properties": {"ndvi_mean": 0.20548392832279205, "ndmi_mean": -0.002467998070642352, "ndbi_mean": 0.002467998070642352}, "geometry": {"type": "Polygon", "coordinates": [[[2.28718606045026, 48.85771198381373], [2.2871737570354322, 48.858611266807614], [2.2885366396877975, 48.85861937745668], [2.2885489195817548, 48.857720094329366], [2.28718606045026, 48.85771198381373]]]}}, {"type": "Feature", "properties": {"ndvi_mean": 0.1175655871629715, "ndmi_mean": -0.0029502464458346367, "ndbi_mean": 0.0029502464458346367}, "geometry": {"type": "Polygon", "coordinates": [[[2.2885489195817548, 48.857720094329366], [2.2885366396877975, 48.85861937745668], [2.289899522764069, 48.85862747258413], [2.2899117791371344, 48.85772818932366], [2.2885489195817548, 48.857720094329366]]]}}, {"type": "Feature", "properties": {"ndvi_mean": 0.05937328189611435, "ndmi_mean": -0.01888410747051239, "ndbi_mean": 0.01888410747051239}, "geometry": {"type": "Polygon", "coordinates": [[[2.2899117791371344, 48.85772818932366], [2.289899522764069, 48.85862747258413], [2.291262406263436, 48.85863555219003], [2.2912746391155863, 48.85773626879667], [2.2899117791371344, 48.85772818932366]]]}}, {"type": "Feature", "properties": {"ndvi_mean": 0.33872926235198975, "ndmi_mean": 0.06751471757888794, "ndbi_mean": -0.06751471757888794}, "geometry": {"type": "Polygon", "coordinates": [[[2.2912746391155863, 48.85773626879667], [2.291262406263436, 48.85863555219003], [2.292625290185085, 48.858643616274335], [2.2926374995162986, 48.85774433274832], [2.2912746391155863, 48.85773626879667]]]}}, {"type": "Feature", "properties": {"ndvi_mean": 0.5350203514099121, "ndmi_mean": 0.18894916772842407, "ndbi_mean": -0.18894916772842407}, "geometry": {"type": "Polygon", "coordinates": [[[2.2926374995162986, 48.85774433274832], [2.292625290185085, 48.858643616274335], [2.2939881745282054, 48.85865166483704], [2.294000360338461, 48.857752381178635], [2.2926374995162986, 48.85774433274832]]]}}, {"type": "Feature", "properties": {"ndvi_mean": 0.18779858946800232, "ndmi_mean": 0.0785130187869072, "ndbi_mean": -0.0785130187869072}, "geometry": {"type": "Polygon", "coordinates": [[[2.294000360338461, 48.857752381178635], [2.2939881745282054, 48.85865166483704], [2.2953510592919844, 48.858659697878146], [2.29536322158126, 48.85776041408762], [2.294000360338461, 48.857752381178635]]]}}, {"type": "Feature", "properties": {"ndvi_mean": 0.4577513039112091, "ndmi_mean": 0.16008609533309937, "ndbi_mean": -0.16008609533309937}, "geometry": {"type": "Polygon", "coordinates": [[[2.29536322158126, 48.85776041408762], [2.2953510592919844, 48.858659697878146], [2.29671394447561, 48.85866771539766], [2.2967260832438843, 48.85776843147522], [2.29536322158126, 48.85776041408762]]]}}, {"type": "Feature", "properties": {"ndvi_mean": 0.4394191801548004, "ndmi_mean": 0.12542031705379486, "ndbi_mean": -0.12542031705379486}, "geometry": {"type": "Polygon", "coordinates": [[[2.2967260832438843, 48.85776843147522], [2.29671394447561, 48.85866771539766], [2.2980768300782723, 48.85867571739554], [2.298088945325523, 48.85777643334149], [2.2967260832438843, 48.85776843147522]]]}}, {"type": "Feature", "properties": {"ndvi_mean": 0.30217820405960083, "ndmi_mean": 0.08179944008588791, "ndbi_mean": -0.08179944008588791}, "geometry": {"type": "Polygon", "coordinates": [[[2.298088945325523, 48.85777643334149], [2.2980768300782723, 48.85867571739554], [2.2994397160991573, 48.8586837038718], [2.299451807825363, 48.85778441968637], [2.298088945325523, 48.85777643334149]]]}}, {"type": "Feature", "properties": {"ndvi_mean": 0.2761861979961395, "ndmi_mean": 0.06318388134241104, "ndbi_mean": -0.06318388134241104}, "geometry": {"type": "Polygon", "coordinates": [[[2.299451807825363, 48.85778441968637], [2.2994397160991573, 48.8586837038718], [2.3008026025374546, 48.858691674826446], [2.3008146707425934, 48.85779239050989], [2.299451807825363, 48.85778441968637]]]}}, {"type": "Feature", "properties": {"ndvi_mean": 0.0617617703974247, "ndmi_mean": -0.16573335230350494, "ndbi_mean": 0.16573335230350494}, "geometry": {"type": "Polygon", "coordinates": [[[2.3008146707425934, 48.85779239050989], [2.3008026025374546, 48.858691674826446], [2.302165489392352, 48.858699630259444], [2.3021775340764026, 48.85780034581204], [2.3008146707425934, 48.85779239050989]]]}}, {"type": "Feature", "properties": {"ndvi_mean": 0.14453797042369843, "ndmi_mean": -0.001076052780263126, "ndbi_mean": 0.001076052780263126}, "geometry": {"type": "Polygon", "coordinates": [[[2.3021775340764026, 48.85780034581204], [2.302165489392352, 48.858699630259444], [2.3035283766630372, 48.85870757017081], [2.3035403978259783, 48.85780828559279], [2.3021775340764026, 48.85780034581204]]]}}, {"type": "Feature", "properties": {"ndvi_mean": 0.42911556363105774, "ndmi_mean": 0.06898614764213562, "ndbi_mean": -0.06898614764213562}, "geometry": {"type": "Polygon", "coordinates": [[[2.3035403978259783, 48.85780828559279], [2.3035283766630372, 48.85870757017081], [2.3048912643486985, 48.8587154945605], [2.3049032619905083, 48.85781620985215], [2.3035403978259783, 48.85780828559279]]]}}, {"type": "Feature", "properties": {"ndvi_mean": 0.1476692259311676, "ndmi_mean": -0.07098229974508286, "ndbi_mean": 0.07098229974508286}, "geometry": {"type": "Polygon", "coordinates": [[[2.3049032619905083, 48.85781620985215], [2.3048912643486985, 48.8587154945605], [2.3062541524485245, 48.85872340342857], [2.3062661265691813, 48.857824118590116], [2.3049032619905083, 48.85781620985215]]]}}, {"type": "Feature", "properties": {"ndvi_mean": 0.12776117026805878, "ndmi_mean": -0.026226714253425598, "ndbi_mean": 0.026226714253425598}, "geometry": {"type": "Polygon", "coordinates": [[[2.3062661265691813, 48.857824118590116], [2.3062541524485245, 48.85872340342857], [2.3076170409617034, 48.858731296774955], [2.307628991561186, 48.85783201180667], [2.3062661265691813, 48.857824118590116]]]}}, {"type": "Feature", "properties": {"ndvi_mean": 0.10374068468809128, "ndmi_mean": -0.008877723477780819, "ndbi_mean": 0.008877723477780819}, "geometry": {"type": "Polygon", "coordinates": [[[2.307628991561186, 48.85783201180667], [2.3076170409617034, 48.858731296774955], [2.3089799298874225, 48.858739174599684], [2.3089918569657097, 48.85783988950181], [2.307628991561186, 48.85783201180667]]]}}, {"type": "Feature", "properties": {"ndvi_mean": 0.19538159668445587, "ndmi_mean": 0.0011259627062827349, "ndbi_mean": -0.0011259627062827349}, "geometry": {"type": "Polygon", "coordinates": [[[2.3089918569657097, 48.85783988950181], [2.3089799298874225, 48.858739174599684], [2.3103428192248705, 48.85874703690274], [2.3103547227819408, 48.857847751675536], [2.3089918569657097, 48.85783988950181]]]}}, {"type": "Feature", "properties": {"ndvi_mean": 0.2336748242378235, "ndmi_mean": 0.023937176913022995, "ndbi_mean": -0.023937176913022995}, "geometry": {"type": "Polygon", "coordinates": [[[2.3103547227819408, 48.857847751675536], [2.3103428192248705, 48.85874703690274], [2.311705708973236, 48.8587548836841], [2.3117175890090684, 48.857855598327816], [2.3103547227819408, 48.857847751675536]]]}}, {"type": "Feature", "properties": {"ndvi_mean": 0.25620606541633606, "ndmi_mean": -0.000760407536290586, "ndbi_mean": 0.000760407536290586}, "geometry": {"type": "Polygon", "coordinates": [[[2.3117175890090684, 48.857855598327816], [2.311705708973236, 48.8587548836841], [2.3130685991317064, 48.85876271494378], [2.3130804556462796, 48.857863429458675], [2.3117175890090684, 48.857855598327816]]]}}, {"type": "Feature", "properties": {"ndvi_mean": 0.28289949893951416, "ndmi_mean": 0.0095636872574687, "ndbi_mean": -0.0095636872574687}, "geometry": {"type": "Polygon", "coordinates": [[[2.3130804556462796, 48.857863429458675], [2.3130685991317064, 48.85876271494378], [2.31443148969947, 48.85877053068176], [2.314443322692763, 48.857871245068104], [2.3130804556462796, 48.857863429458675]]]}}, {"type": "Feature", "properties": {"ndvi_mean": 0.16832447052001953, "ndmi_mean": -0.034743018448352814, "ndbi_mean": 0.034743018448352814}, "geometry": {"type": "Polygon", "coordinates": [[[2.314443322692763, 48.857871245068104], [2.31443148969947, 48.85877053068176], [2.3157943806757157, 48.85877833089804], [2.3158061901477067, 48.85787904515607], [2.314443322692763, 48.857871245068104]]]}}, {"type": "Feature", "properties": {"ndvi_mean": 0.4443652331829071, "ndmi_mean": 0.14811237156391144, "ndbi_mean": -0.14811237156391144}, "geometry": {"type": "Polygon", "coordinates": [[[2.3158061901477067, 48.85787904515607], [2.3157943806757157, 48.85877833089804], [2.317157272059631, 48.85878611559262], [2.317169058010299, 48.85788682972259], [2.3158061901477067, 48.85787904515607]]]}}, {"type": "Feature", "properties": {"ndvi_mean": 0.20014730095863342, "ndmi_mean": 0.030770763754844666, "ndbi_mean": -0.030770763754844666}, "geometry": {"type": "Polygon", "coordinates": [[[2.317169058010299, 48.85788682972259], [2.317157272059631, 48.85878611559262], [2.318520163850404, 48.85879388476547], [2.3185319262797286, 48.85789459876765], [2.317169058010299, 48.85788682972259]]]}}, {"type": "Feature", "properties": {"ndvi_mean": 0.1394439935684204, "ndmi_mean": -0.024656329303979874, "ndbi_mean": 0.024656329303979874}, "geometry": {"type": "Polygon", "coordinates": [[[2.3185319262797286, 48.85789459876765], [2.318520163850404, 48.85879388476547], [2.3198830560472232, 48.8588016384166], [2.3198947949551827, 48.85790235229124], [2.3185319262797286, 48.85789459876765]]]}}, {"type": "Feature", "properties": {"ndvi_mean": 0.17285196483135223, "ndmi_mean": 0.0024454458616673946, "ndbi_mean": -0.0024454458616673946}, "geometry": {"type": "Polygon", "coordinates": [[[2.3198947949551827, 48.85790235229124], [2.3198830560472232, 48.8588016384166], [2.3212459486492762, 48.85880937654601], [2.3212576640358504, 48.85791009029335], [2.3198947949551827, 48.85790235229124]]]}}, {"type": "Feature", "properties": {"ndvi_mean": 0.12457554787397385, "ndmi_mean": -0.05797547474503517, "ndbi_mean": 0.05797547474503517}, "geometry": {"type": "Polygon", "coordinates": [[[2.3212576640358504, 48.85791009029335], [2.3212459486492762, 48.85880937654601], [2.322608841655752, 48.858817099153676], [2.322620533520919, 48.857917812774], [2.3212576640358504, 48.85791009029335]]]}}, {"type": "Feature", "properties": {"ndvi_mean": 0.25683560967445374, "ndmi_mean": 0.05848746374249458, "ndbi_mean": -0.05848746374249458}, "geometry": {"type": "Polygon", "coordinates": [[[2.322620533520919, 48.857917812774], [2.322608841655752, 48.858817099153676], [2.3239717350658378, 48.8588248062396], [2.3239834034095774, 48.85792551973315], [2.322620533520919, 48.857917812774]]]}}, {"type": "Feature", "properties": {"ndvi_mean": 0.17779991030693054, "ndmi_mean": -0.005053740926086903, "ndbi_mean": 0.005053740926086903}, "geometry": {"type": "Polygon", "coordinates": [[[2.3239834034095774, 48.85792551973315], [2.3239717350658378, 48.8588248062396], [2.325334628878722, 48.858832497803796], [2.3253462737010135, 48.85793321117081], [2.3239834034095774, 48.85792551973315]]]}}, {"type": "Feature", "properties": {"ndvi_mean": 0.11226242780685425, "ndmi_mean": -0.03906266391277313, "ndbi_mean": 0.03906266391277313}, "geometry": {"type": "Polygon", "coordinates": [[[2.3253462737010135, 48.85793321117081], [2.325334628878722, 48.858832497803796], [2.3266975230935936, 48.858840173846204], [2.3267091443944157, 48.85794088708697], [2.3253462737010135, 48.85793321117081]]]}}, {"type": "Feature", "properties": {"ndvi_mean": 0.04187857732176781, "ndmi_mean": -0.046865835785865784, "ndbi_mean": 0.046865835785865784}, "geometry": {"type": "Polygon", "coordinates": [[[2.3267091443944157, 48.85794088708697], [2.3266975230935936, 48.858840173846204], [2.32806041770964, 48.85884783436687], [2.3280720154889716, 48.85794854748163], [2.3267091443944157, 48.85794088708697]]]}}, {"type": "Feature", "properties": {"ndvi_mean": 0.018419338390231133, "ndmi_mean": -0.12061317265033722, "ndbi_mean": 0.12061317265033722}, "geometry": {"type": "Polygon", "coordinates": [[[2.3280720154889716, 48.85794854748163], [2.32806041770964, 48.85884783436687], [2.3294233127260493, 48.85885547936577], [2.3294348869838695, 48.85795619235478], [2.3280720154889716, 48.85794854748163]]]}}, {"type": "Feature", "properties": {"ndvi_mean": 0.012587076053023338, "ndmi_mean": -0.11014322191476822, "ndbi_mean": 0.11014322191476822}, "geometry": {"type": "Polygon", "coordinates": [[[2.3294348869838695, 48.85795619235478], [2.3294233127260493, 48.85885547936577], [2.3307862081420097, 48.85886310884288], [2.330797758878299, 48.85796382170638], [2.3294348869838695, 48.85795619235478]]]}}, {"type": "Feature", "properties": {"ndvi_mean": 0.04628394544124603, "ndmi_mean": -0.05748818442225456, "ndbi_mean": 0.05748818442225456}, "geometry": {"type": "Polygon", "coordinates": [[[2.330797758878299, 48.85796382170638], [2.3307862081420097, 48.85886310884288], [2.3321491039567093, 48.85887072279824], [2.3321606311714467, 48.85797143553647], [2.330797758878299, 48.85796382170638]]]}}, {"type": "Feature", "properties": {"ndvi_mean": 0.0889149084687233, "ndmi_mean": -0.03815030679106712, "ndbi_mean": 0.03815030679106712}, "geometry": {"type": "Polygon", "coordinates": [[[2.3321606311714467, 48.85797143553647], [2.3321491039567093, 48.85887072279824], [2.3335120001693364, 48.85887832123179], [2.3335235038625006, 48.85797903384504], [2.3321606311714467, 48.85797143553647]]]}}, {"type": "Feature", "properties": {"ndvi_mean": 0.20139245688915253, "ndmi_mean": 0.054822225123643875, "ndbi_mean": -0.054822225123643875}, "geometry": {"type": "Polygon", "coordinates": [[[2.3335235038625006, 48.85797903384504], [2.3335120001693364, 48.85887832123179], [2.3348748967790787, 48.85888590414355], [2.3348863769506503, 48.857986616632054], [2.3335235038625006, 48.85797903384504]]]}}, {"type": "Feature", "properties": {"ndvi_mean": 0.08900105953216553, "ndmi_mean": 0.053162019699811935, "ndbi_mean": -0.053162019699811935}, "geometry": {"type": "Polygon", "coordinates": [[[2.3348863769506503, 48.857986616632054], [2.3348748967790787, 48.85888590414355], [2.3362377937851253, 48.85889347153349], [2.336249250435083, 48.85799418389754], [2.3348863769506503, 48.857986616632054]]]}}, {"type": "Feature", "properties": {"ndvi_mean": 0.25514405965805054, "ndmi_mean": 0.028379356488585472, "ndbi_mean": -0.028379356488585472}, "geometry": {"type": "Polygon", "coordinates": [[[2.2844726934923543, 48.85679643276241], [2.284460343462171, 48.85769571621854], [2.285823201743461, 48.85770385777679], [2.2858355282536302, 48.85680457418672], [2.2844726934923543, 48.85679643276241]]]}}, {"type": "Feature", "properties": {"ndvi_mean": 0.2957940101623535, "ndmi_mean": 0.03931635245680809, "ndbi_mean": -0.03931635245680809}, "geometry": {"type": "Polygon", "coordinates": [[[2.2858355282536302, 48.85680457418672], [2.285823201743461, 48.85770385777679], [2.28718606045026, 48.85771198381373], [2.2871983634403916, 48.856812700089996], [2.2858355282536302, 48.85680457418672]]]}}, {"type": "Feature", "properties": {"ndvi_mean": 0.14920787513256073, "ndmi_mean": 0.018136635422706604, "ndbi_mean": -0.018136635422706604}, "geometry": {"type": "Polygon", "coordinates": [[[2.2871983634403916, 48.856812700089996], [2.28718606045026, 48.85771198381373], [2.2885489195817548, 48.857720094329366], [2.288561199051828, 48.856820810472215], [2.2871983634403916, 48.856812700089996]]]}}, {"type": "Feature", "properties": {"ndvi_mean": -0.01849169097840786, "ndmi_mean": -0.028458908200263977, "ndbi_mean": 0.028458908200263977}, "geometry": {"type": "Polygon", "coordinates": [[[2.288561199051828, 48.856820810472215], [2.2885489195817548, 48.857720094329366], [2.2899117791371344, 48.85772818932366], [2.289924035087126, 48.856828905333366], [2.288561199051828, 48.856820810472215]]]}}, {"type": "Feature", "properties": {"ndvi_mean": 0.4240695834159851, "ndmi_mean": 0.1246989443898201, "ndbi_mean": -0.1246989443898201}, "geometry": {"type": "Polygon", "coordinates": [[[2.289924035087126, 48.856828905333366], [2.2899117791371344, 48.85772818932366], [2.2912746391155863, 48.85773626879667], [2.2912868715454757, 48.85683698467347], [2.289924035087126, 48.856828905333366]]]}}, {"type": "Feature", "properties": {"ndvi_mean": 0.41381382942199707, "ndmi_mean": 0.11800277978181839, "ndbi_mean": -0.11800277978181839}, "geometry": {"type": "Polygon", "coordinates": [[[2.2912868715454757, 48.85683698467347], [2.2912746391155863, 48.85773626879667], [2.2926374995162986, 48.85774433274832], [2.2926497084260635, 48.85684504849247], [2.2912868715454757, 48.85683698467347]]]}}, {"type": "Feature", "properties": {"ndvi_mean": 0.6762107610702515, "ndmi_mean": 0.2671617865562439, "ndbi_mean": -0.2671617865562439}, "geometry": {"type": "Polygon", "coordinates": [[[2.2926497084260635, 48.85684504849247], [2.2926374995162986, 48.85774433274832], [2.294000360338461, 48.857752381178635], [2.294012545728079, 48.856853096790395], [2.2926497084260635, 48.85684504849247]]]}}, {"type": "Feature", "properties": {"ndvi_mean": 0.37565672397613525, "ndmi_mean": 0.12657791376113892, "ndbi_mean": -0.12657791376113892}, "geometry": {"type": "Polygon", "coordinates": [[[2.294012545728079, 48.856853096790395], [2.294000360338461, 48.857752381178635], [2.29536322158126, 48.85776041408762], [2.2953753834507102, 48.856861129567235], [2.294012545728079, 48.856853096790395]]]}}, {"type": "Feature", "properties": {"ndvi_mean": 0.41975611448287964, "ndmi_mean": 0.09819752722978592, "ndbi_mean": -0.09819752722978592}, "geometry": {"type": "Polygon", "coordinates": [[[2.2953753834507102, 48.856861129567235], [2.29536322158126, 48.85776041408762], [2.2967260832438843, 48.85776843147522], [2.2967382215931447, 48.856869146822966], [2.2953753834507102, 48.856861129567235]]]}}, {"type": "Feature", "properties": {"ndvi_mean": 0.5546591281890869, "ndmi_mean": 0.17658597230911255, "ndbi_mean": -0.17658597230911255}, "geometry": {"type": "Polygon", "coordinates": [[[2.2967382215931447, 48.856869146822966], [2.2967260832438843, 48.85776843147522], [2.298088945325523, 48.85777643334149], [2.2981010601545715, 48.856877148557594], [2.2967382215931447, 48.856869146822966]]]}}, {"type": "Feature", "properties": {"ndvi_mean": 0.5386898517608643, "ndmi_mean": 0.18014350533485413, "ndbi_mean": -0.18014350533485413}, "geometry": {"type": "Polygon", "coordinates": [[[2.2981010601545715, 48.856877148557594], [2.298088945325523, 48.85777643334149], [2.299451807825363, 48.85778441968637], [2.2994638991341785, 48.856885134771126], [2.2981010601545715, 48.856877148557594]]]}}, {"type": "Feature", "properties": {"ndvi_mean": 0.3736351728439331, "ndmi_mean": 0.11061480641365051, "ndbi_mean": -0.11061480641365051}, "geometry": {"type": "Polygon", "coordinates": [[[2.2994638991341785, 48.856885134771126], [2.299451807825363, 48.85778441968637], [2.3008146707425934, 48.85779239050989], [2.3008267385311543, 48.85689310546352], [2.2994638991341785, 48.856885134771126]]]}}, {"type": "Feature", "properties": {"ndvi_mean": 0.12180093675851822, "ndmi_mean": -0.037085410207509995, "ndbi_mean": 0.037085410207509995}, "geometry": {"type": "Polygon", "coordinates": [[[2.3008267385311543, 48.85689310546352], [2.3008146707425934, 48.85779239050989], [2.3021775340764026, 48.85780034581204], [2.3021895783446866, 48.85690106063482], [2.3008267385311543, 48.85689310546352]]]}}, {"type": "Feature", "properties": {"ndvi_mean": 0.06545595079660416, "ndmi_mean": -0.09430160373449326, "ndbi_mean": 0.09430160373449326}, "geometry": {"type": "Polygon", "coordinates": [[[2.3021895783446866, 48.85690106063482], [2.3021775340764026, 48.85780034581204], [2.3035403978259783, 48.85780828559279], [2.303552418573964, 48.856909000284965], [2.3021895783446866, 48.85690106063482]]]}}, {"type": "Feature", "properties": {"ndvi_mean": 0.2237636148929596, "ndmi_mean": 0.040482573211193085, "ndbi_mean": -0.040482573211193085}, "geometry": {"type": "Polygon", "coordinates": [[[2.303552418573964, 48.856909000284965], [2.3035403978259783, 48.85780828559279], [2.3049032619905083, 48.85781620985215], [2.3049152592181748, 48.85691692441398], [2.303552418573964, 48.856909000284965]]]}}, {"type": "Feature", "properties": {"ndvi_mean": 0.04489864408969879, "ndmi_mean": -0.12416714429855347, "ndbi_mean": 0.12416714429855347}, "geometry": {"type": "Polygon", "coordinates": [[[2.3049152592181748, 48.85691692441398], [2.3049032619905083, 48.85781620985215], [2.3062661265691813, 48.857824118590116], [2.3062781002765074, 48.856924833021836], [2.3049152592181748, 48.85691692441398]]]}}, {"type": "Feature", "properties": {"ndvi_mean": 0.05229637771844864, "ndmi_mean": -0.0835251733660698, "ndbi_mean": 0.0835251733660698}, "geometry": {"type": "Polygon", "coordinates": [[[2.3062781002765074, 48.856924833021836], [2.3062661265691813, 48.857824118590116], [2.307628991561186, 48.85783201180667], [2.307640941748149, 48.85693272610856], [2.3062781002765074, 48.856924833021836]]]}}, {"type": "Feature", "properties": {"ndvi_mean": 0.2215401530265808, "ndmi_mean": 0.029113028198480606, "ndbi_mean": -0.029113028198480606}, "geometry": {"type": "Polygon", "coordinates": [[[2.307640941748149, 48.85693272610856], [2.307628991561186, 48.85783201180667], [2.3089918569657097, 48.85783988950181], [2.3090037836322894, 48.85694060367412], [2.307640941748149, 48.85693272610856]]]}}, {"type": "Feature", "properties": {"ndvi_mean": 0.3505941331386566, "ndmi_mean": 0.08739551901817322, "ndbi_mean": -0.08739551901817322}, "geometry": {"type": "Polygon", "coordinates": [[[2.3090037836322894, 48.85694060367412], [2.3089918569657097, 48.85783988950181], [2.3103547227819408, 48.857847751675536], [2.3103666259281157, 48.85694846571851], [2.3090037836322894, 48.85694060367412]]]}}, {"type": "Feature", "properties": {"ndvi_mean": 0.4647060036659241, "ndmi_mean": 0.12680870294570923, "ndbi_mean": -0.12680870294570923}, "geometry": {"type": "Polygon", "coordinates": [[[2.3103666259281157, 48.85694846571851], [2.3103547227819408, 48.857847751675536], [2.3117175890090684, 48.857855598327816], [2.3117294686348164, 48.856956312241735], [2.3103666259281157, 48.85694846571851]]]}}, {"type": "Feature", "properties": {"ndvi_mean": 0.3801789879798889, "ndmi_mean": 0.07867922633886337, "ndbi_mean": -0.07867922633886337}, "geometry": {"type": "Polygon", "coordinates": [[[2.3117294686348164, 48.856956312241735], [2.3117175890090684, 48.857855598327816], [2.3130804556462796, 48.857863429458675], [2.3130923117515807, 48.856964143243765], [2.3117294686348164, 48.856956312241735]]]}}, {"type": "Feature", "properties": {"ndvi_mean": 0.43363717198371887, "ndmi_mean": 0.09741926938295364, "ndbi_mean": -0.09741926938295364}, "geometry": {"type": "Polygon", "coordinates": [[[2.3130923117515807, 48.856964143243765], [2.3130804556462796, 48.857863429458675], [2.314443322692763, 48.857871245068104], [2.314455155277595, 48.85697195872463], [2.3130923117515807, 48.856964143243765]]]}}, {"type": "Feature", "properties": {"ndvi_mean": 0.4851127564907074, "ndmi_mean": 0.12332000583410263, "ndbi_mean": -0.12332000583410263}, "geometry": {"type": "Polygon", "coordinates": [[[2.314455155277595, 48.85697195872463], [2.314443322692763, 48.857871245068104], [2.3158061901477067, 48.85787904515607], [2.315817999212049, 48.8569797586843], [2.314455155277595, 48.85697195872463]]]}}, {"type": "Feature", "properties": {"ndvi_mean": 0.18444828689098358, "ndmi_mean": 0.003128781681880355, "ndbi_mean": -0.003128781681880355}, "geometry": {"type": "Polygon", "coordinates": [[[2.315817999212049, 48.8569797586843], [2.3158061901477067, 48.85787904515607], [2.317169058010299, 48.85788682972259], [2.317180843554131, 48.85698754312276], [2.315817999212049, 48.8569797586843]]]}}, {"type": "Feature", "properties": {"ndvi_mean": 0.04211733862757683, "ndmi_mean": -0.051025256514549255, "ndbi_mean": 0.051025256514549255}, "geometry": {"type": "Polygon", "coordinates": [[[2.317180843554131, 48.85698754312276], [2.317169058010299, 48.85788682972259], [2.3185319262797286, 48.85789459876765], [2.318543688303028, 48.85699531204003], [2.317180843554131, 48.85698754312276]]]}}, {"type": "Feature", "properties": {"ndvi_mean": 0.1391797810792923, "ndmi_mean": -0.01090940460562706, "ndbi_mean": 0.01090940460562706}, "geometry": {"type": "Polygon", "coordinates": [[[2.318543688303028, 48.85699531204003], [2.3185319262797286, 48.85789459876765], [2.3198947949551827, 48.85790235229124], [2.3199065334579294, 48.857003065436075], [2.318543688303028, 48.85699531204003]]]}}, {"type": "Feature", "properties": {"ndvi_mean": 0.48695769906044006, "ndmi_mean": 0.17922918498516083, "ndbi_mean": -0.17922918498516083}, "geometry": {"type": "Polygon", "coordinates": [[[2.3199065334579294, 48.857003065436075], [2.3198947949551827, 48.85790235229124], [2.3212576640358504, 48.85791009029335], [2.3212693790180223, 48.857010803310914], [2.3199065334579294, 48.857003065436075]]]}}, {"type": "Feature", "properties": {"ndvi_mean": 0.2560007572174072, "ndmi_mean": 0.0208165030926466, "ndbi_mean": -0.0208165030926466}, "geometry": {"type": "Polygon", "coordinates": [[[2.3212693790180223, 48.857010803310914], [2.3212576640358504, 48.85791009029335], [2.322620533520919, 48.857917812774], [2.322632224982496, 48.857018525664515], [2.3212693790180223, 48.857010803310914]]]}}, {"type": "Feature", "properties": {"ndvi_mean": 0.31540074944496155, "ndmi_mean": 0.08764683455228806, "ndbi_mean": -0.08764683455228806}, "geometry": {"type": "Polygon", "coordinates": [[[2.322632224982496, 48.857018525664515], [2.322620533520919, 48.857917812774], [2.3239834034095774, 48.85792551973315], [2.323995071350539, 48.85702623249689], [2.322632224982496, 48.857018525664515]]]}}, {"type": "Feature", "properties": {"ndvi_mean": 0.3330160975456238, "ndmi_mean": 0.06864477694034576, "ndbi_mean": -0.06864477694034576}, "geometry": {"type": "Polygon", "coordinates": [[[2.323995071350539, 48.85702623249689], [2.3239834034095774, 48.85792551973315], [2.3253462737010135, 48.85793321117081], [2.3253579181213384, 48.85703392380805], [2.323995071350539, 48.85702623249689]]]}}, {"type": "Feature", "properties": {"ndvi_mean": 0.420847624540329, "ndmi_mean": 0.11637916415929794, "ndbi_mean": -0.11637916415929794}, "geometry": {"type": "Polygon", "coordinates": [[[2.3253579181213384, 48.85703392380805], [2.3253462737010135, 48.85793321117081], [2.3267091443944157, 48.85794088708697], [2.3267207652940827, 48.857041599597935], [2.3253579181213384, 48.85703392380805]]]}}, {"type": "Feature", "properties": {"ndvi_mean": 0.11893071979284286, "ndmi_mean": -0.0430673249065876, "ndbi_mean": 0.0430673249065876}, "geometry": {"type": "Polygon", "coordinates": [[[2.3267207652940827, 48.857041599597935], [2.3267091443944157, 48.85794088708697], [2.3280720154889716, 48.85794854748163], [2.3280836128679603, 48.85704925986658], [2.3267207652940827, 48.857041599597935]]]}}, {"type": "Feature", "properties": {"ndvi_mean": 0.06349646300077438, "ndmi_mean": -0.11015349626541138, "ndbi_mean": 0.11015349626541138}, "geometry": {"type": "Polygon", "coordinates": [[[2.3280836128679603, 48.85704925986658], [2.3280720154889716, 48.85794854748163], [2.3294348869838695, 48.85795619235478], [2.32944646084216, 48.85705690461396], [2.3280836128679603, 48.85704925986658]]]}}, {"type": "Feature", "properties": {"ndvi_mean": 0.13118857145309448, "ndmi_mean": -0.02659475803375244, "ndbi_mean": 0.02659475803375244}, "geometry": {"type": "Polygon", "coordinates": [[[2.32944646084216, 48.85705690461396], [2.3294348869838695, 48.85795619235478], [2.330797758878299, 48.85796382170638], [2.3308093092158693, 48.85706453384008], [2.32944646084216, 48.85705690461396]]]}}, {"type": "Feature", "properties": {"ndvi_mean": 0.12854675948619843, "ndmi_mean": -0.016979534178972244, "ndbi_mean": 0.016979534178972244}, "geometry": {"type": "Polygon", "coordinates": [[[2.3308093092158693, 48.85706453384008], [2.330797758878299, 48.85796382170638], [2.3321606311714467, 48.85797143553647], [2.332172157988276, 48.85707214754494], [2.3308093092158693, 48.85706453384008]]]}}, {"type": "Feature", "properties": {"ndvi_mean": 0.11653690040111542, "ndmi_mean": -0.0267040953040123, "ndbi_mean": 0.0267040953040123}, "geometry": {"type": "Polygon", "coordinates": [[[2.332172157988276, 48.85707214754494], [2.3321606311714467, 48.85797143553647], [2.3335235038625006, 48.85797903384504], [2.3335350071585697, 48.85707974572852], [2.332172157988276, 48.85707214754494]]]}}, {"type": "Feature", "properties": {"ndvi_mean": 0.1743975132703781, "ndmi_mean": 0.0021005684975534678, "ndbi_mean": -0.0021005684975534678}, "geometry": {"type": "Polygon", "coordinates": [[[2.3335350071585697, 48.85707974572852], [2.3335235038625006, 48.85797903384504], [2.3348863769506503, 48.857986616632054], [2.334897856725938, 48.857087328390804], [2.3335350071585697, 48.85707974572852]]]}}, {"type": "Feature", "properties": {"ndvi_mean": 0.1543186455965042, "ndmi_mean": -0.020404566079378128, "ndbi_mean": 0.020404566079378128}, "geometry": {"type": "Polygon", "coordinates": [[[2.334897856725938, 48.857087328390804], [2.3348863769506503, 48.857986616632054], [2.336249250435083, 48.85799418389754], [2.3362607066895684, 48.857094895531816], [2.334897856725938, 48.857087328390804]]]}}, {"type": "Feature", "properties": {"ndvi_mean": 0.1414342224597931, "ndmi_mean": 0.020541995763778687, "ndbi_mean": -0.020541995763778687}, "geometry": {"type": "Polygon", "coordinates": [[[2.2844850430962405, 48.85589714857661], [2.2844726934923543, 48.85679643276241], [2.2858355282536302, 48.85680457418672], [2.285847854338313, 48.855905289867025], [2.2844850430962405, 48.85589714857661]]]}}, {"type": "Feature", "properties": {"ndvi_mean": 0.29348617792129517, "ndmi_mean": 0.06293177604675293, "ndbi_mean": -0.06293177604675293}, "geometry": {"type": "Polygon", "coordinates": [[[2.285847854338313, 48.855905289867025], [2.2858355282536302, 48.85680457418672], [2.2871983634403916, 48.856812700089996], [2.2872106660058495, 48.85591341563663], [2.285847854338313, 48.855905289867025]]]}}, {"type": "Feature", "properties": {"ndvi_mean": -0.06555847078561783, "ndmi_mean": -0.014547999948263168, "ndbi_mean": 0.014547999948263168}, "geometry": {"type": "Polygon", "coordinates": [[[2.2872106660058495, 48.85591341563663], [2.2871983634403916, 48.856812700089996], [2.288561199051828, 48.856820810472215], [2.2885734780980385, 48.85592152588544], [2.2872106660058495, 48.85591341563663]]]}}, {"type": "Feature", "properties": {"ndvi_mean": 0.17149335145950317, "ndmi_mean": 0.01982092671096325, "ndbi_mean": -0.01982092671096325}, "geometry": {"type": "Polygon", "coordinates": [[[2.2885734780980385, 48.85592152588544], [2.288561199051828, 48.856820810472215], [2.289924035087126, 48.856828905333366], [2.289936290614068, 48.855929620613445], [2.2885734780980385, 48.85592152588544]]]}}, {"type": "Feature", "properties": {"ndvi_mean": 0.38838985562324524, "ndmi_mean": 0.06738146394491196, "ndbi_mean": -0.06738146394491196}, "geometry": {"type": "Polygon", "coordinates": [[[2.289936290614068, 48.855929620613445], [2.289924035087126, 48.856828905333366], [2.2912868715454757, 48.85683698467347], [2.291299103553126, 48.85593769982062], [2.289936290614068, 48.855929620613445]]]}}, {"type": "Feature", "properties": {"ndvi_mean": 0.2650704085826874, "ndmi_mean": -0.052604176104068756, "ndbi_mean": 0.052604176104068756}, "geometry": {"type": "Polygon", "coordinates": [[[2.291299103553126, 48.85593769982062], [2.2912868715454757, 48.85683698467347], [2.2926497084260635, 48.85684504849247], [2.292661916914401, 48.85594576350699], [2.291299103553126, 48.85593769982062]]]}}, {"type": "Feature", "properties": {"ndvi_mean": 0.30029311776161194, "ndmi_mean": 0.09340331703424454, "ndbi_mean": -0.09340331703424454}, "geometry": {"type": "Polygon", "coordinates": [[[2.292661916914401, 48.85594576350699], [2.2926497084260635, 48.85684504849247], [2.294012545728079, 48.856853096790395], [2.2940247306970822, 48.85595381167253], [2.292661916914401, 48.85594576350699]]]}}, {"type": "Feature", "properties": {"ndvi_mean": 0.48321306705474854, "ndmi_mean": 0.149989053606987, "ndbi_mean": -0.149989053606987}, "geometry": {"type": "Polygon", "coordinates": [[[2.2940247306970822, 48.85595381167253], [2.294012545728079, 48.856853096790395], [2.2953753834507102, 48.856861129567235], [2.2953875449003567, 48.85596184431723], [2.2940247306970822, 48.85595381167253]]]}}, {"type": "Feature", "properties": {"ndvi_mean": 0.5670584440231323, "ndmi_mean": 0.18149258196353912, "ndbi_mean": -0.18149258196353912}, "geometry": {"type": "Polygon", "coordinates": [[[2.2953875449003567, 48.85596184431723], [2.2953753834507102, 48.856861129567235], [2.2967382215931447, 48.856869146822966], [2.296750359523413, 48.8559698614411], [2.2953875449003567, 48.85596184431723]]]}}, {"type": "Feature", "properties": {"ndvi_mean": 0.40624743700027466, "ndmi_mean": 0.13062961399555206, "ndbi_mean": -0.13062961399555206}, "geometry": {"type": "Polygon", "coordinates": [[[2.296750359523413, 48.8559698614411], [2.2967382215931447, 48.856869146822966], [2.2981010601545715, 48.856877148557594], [2.2981131745654397, 48.85597786304411], [2.296750359523413, 48.8559698614411]]]}}, {"type": "Feature", "properties": {"ndvi_mean": 0.4254590570926666, "ndmi_mean": 0.16956208646297455, "ndbi_mean": -0.16956208646297455}, "geometry": {"type": "Polygon", "coordinates": [[[2.2981131745654397, 48.85597786304411], [2.2981010601545715, 48.856877148557594], [2.2994638991341785, 48.856885134771126], [2.299475990025625, 48.85598584912626], [2.2981131745654397, 48.85597786304411]]]}}, {"type": "Feature", "properties": {"ndvi_mean": 0.5112199783325195, "ndmi_mean": 0.17688028514385223, "ndbi_mean": -0.17688028514385223}, "geometry": {"type": "Polygon", "coordinates": [[[2.299475990025625, 48.85598584912626], [2.2994638991341785, 48.856885134771126], [2.3008267385311543, 48.85689310546352], [2.300838805903158, 48.85599381968756], [2.299475990025625, 48.85598584912626]]]}}, {"type": "Feature", "properties": {"ndvi_mean": 0.25560280680656433, "ndmi_mean": 0.07237837463617325, "ndbi_mean": -0.07237837463617325}, "geometry": {"type": "Polygon", "coordinates": [[[2.300838805903158, 48.85599381968756], [2.3008267385311543, 48.85689310546352], [2.3021895783446866, 48.85690106063482], [2.3022016221972255, 48.856001774727986], [2.300838805903158, 48.85599381968756]]]}}, {"type": "Feature", "properties": {"ndvi_mean": 0.1386810839176178, "ndmi_mean": -0.0457616001367569, "ndbi_mean": 0.0457616001367569}, "geometry": {"type": "Polygon", "coordinates": [[[2.3022016221972255, 48.856001774727986], [2.3021895783446866, 48.85690106063482], [2.303552418573964, 48.856909000284965], [2.303564438907017, 48.85600971424753], [2.3022016221972255, 48.856001774727986]]]}}, {"type": "Feature", "properties": {"ndvi_mean": 0.1736976057291031, "ndmi_mean": 0.02379334531724453, "ndbi_mean": -0.02379334531724453}, "geometry": {"type": "Polygon", "coordinates": [[[2.303564438907017, 48.85600971424753], [2.303552418573964, 48.856909000284965], [2.3049152592181748, 48.85691692441398], [2.30492725603172, 48.8560176382462], [2.303564438907017, 48.85600971424753]]]}}, {"type": "Feature", "properties": {"ndvi_mean": 0.051000408828258514, "ndmi_mean": -0.06676971167325974, "ndbi_mean": 0.06676971167325974}, "geometry": {"type": "Polygon", "coordinates": [[[2.30492725603172, 48.8560176382462], [2.3049152592181748, 48.85691692441398], [2.3062781002765074, 48.856924833021836], [2.306290073570523, 48.856025546723984], [2.30492725603172, 48.8560176382462]]]}}, {"type": "Feature", "properties": {"ndvi_mean": 0.05342283099889755, "ndmi_mean": -0.08691483736038208, "ndbi_mean": 0.08691483736038208}, "geometry": {"type": "Polygon", "coordinates": [[[2.306290073570523, 48.856025546723984], [2.3062781002765074, 48.856924833021836], [2.307640941748149, 48.85693272610856], [2.3076528915226144, 48.856033439680864], [2.306290073570523, 48.856025546723984]]]}}, {"type": "Feature", "properties": {"ndvi_mean": 0.20889602601528168, "ndmi_mean": -0.011181593872606754, "ndbi_mean": 0.011181593872606754}, "geometry": {"type": "Polygon", "coordinates": [[[2.3076528915226144, 48.856033439680864], [2.307640941748149, 48.85693272610856], [2.3090037836322894, 48.85694060367412], [2.309015709887183, 48.85604131711683], [2.3076528915226144, 48.856033439680864]]]}}, {"type": "Feature", "properties": {"ndvi_mean": 0.3028264045715332, "ndmi_mean": 0.03165053203701973, "ndbi_mean": -0.03165053203701973}, "geometry": {"type": "Polygon", "coordinates": [[[2.309015709887183, 48.85604131711683], [2.3090037836322894, 48.85694060367412], [2.3103666259281157, 48.85694846571851], [2.310378528663416, 48.856049179031906], [2.309015709887183, 48.85604131711683]]]}}, {"type": "Feature", "properties": {"ndvi_mean": 0.1943359225988388, "ndmi_mean": -0.05756039544939995, "ndbi_mean": 0.05756039544939995}, "geometry": {"type": "Polygon", "coordinates": [[[2.310378528663416, 48.856049179031906], [2.3103666259281157, 48.85694846571851], [2.3117294686348164, 48.856956312241735], [2.3117413478505022, 48.856057025426054], [2.310378528663416, 48.856049179031906]]]}}, {"type": "Feature", "properties": {"ndvi_mean": 0.13619697093963623, "ndmi_mean": -0.018358198925852776, "ndbi_mean": 0.018358198925852776}, "geometry": {"type": "Polygon", "coordinates": [[[2.3117413478505022, 48.856057025426054], [2.3117294686348164, 48.856956312241735], [2.3130923117515807, 48.856964143243765], [2.3131041674476305, 48.856064856299284], [2.3117413478505022, 48.856057025426054]]]}}, {"type": "Feature", "properties": {"ndvi_mean": 0.24667011201381683, "ndmi_mean": -0.01999720372259617, "ndbi_mean": 0.01999720372259617}, "geometry": {"type": "Polygon", "coordinates": [[[2.3131041674476305, 48.856064856299284], [2.3130923117515807, 48.856964143243765], [2.314455155277595, 48.85697195872463], [2.3144669874539883, 48.85607267165158], [2.3131041674476305, 48.856064856299284]]]}}, {"type": "Feature", "properties": {"ndvi_mean": 0.4731002748012543, "ndmi_mean": 0.11205148696899414, "ndbi_mean": -0.11205148696899414}, "geometry": {"type": "Polygon", "coordinates": [[[2.3144669874539883, 48.85607267165158], [2.314455155277595, 48.85697195872463], [2.315817999212049, 48.8569797586843], [2.315829807868764, 48.85608047148295], [2.3144669874539883, 48.85607267165158]]]}}, {"type": "Feature", "properties": {"ndvi_mean": 0.22064213454723358, "ndmi_mean": 0.02066810056567192, "ndbi_mean": -0.02066810056567192}, "geometry": {"type": "Polygon", "coordinates": [[[2.315829807868764, 48.85608047148295], [2.315817999212049, 48.8569797586843], [2.317180843554131, 48.85698754312276], [2.317192628691146, 48.856088255793374], [2.315829807868764, 48.85608047148295]]]}}, {"type": "Feature", "properties": {"ndvi_mean": 0.09115641564130783, "ndmi_mean": -0.026930207386612892, "ndbi_mean": 0.026930207386612892}, "geometry": {"type": "Polygon", "coordinates": [[[2.317192628691146, 48.856088255793374], [2.317180843554131, 48.85698754312276], [2.318543688303028, 48.85699531204003], [2.318555449920323, 48.856096024582826], [2.317192628691146, 48.856088255793374]]]}}, {"type": "Feature", "properties": {"ndvi_mean": 0.25643548369407654, "ndmi_mean": 0.09064392000436783, "ndbi_mean": -0.09064392000436783}, "geometry": {"type": "Polygon", "coordinates": [[[2.318555449920323, 48.856096024582826], [2.318543688303028, 48.85699531204003], [2.3199065334579294, 48.857003065436075], [2.3199182715554834, 48.85610377785135], [2.318555449920323, 48.856096024582826]]]}}, {"type": "Feature", "properties": {"ndvi_mean": 0.04746546596288681, "ndmi_mean": -0.01267994288355112, "ndbi_mean": 0.01267994288355112}, "geometry": {"type": "Polygon", "coordinates": [[[2.3199182715554834, 48.85610377785135], [2.3199065334579294, 48.857003065436075], [2.3212693790180223, 48.857010803310914], [2.3212810935958146, 48.856111515598904], [2.3199182715554834, 48.85610377785135]]]}}, {"type": "Feature", "properties": {"ndvi_mean": 0.06873902678489685, "ndmi_mean": -0.08166030049324036, "ndbi_mean": 0.08166030049324036}, "geometry": {"type": "Polygon", "coordinates": [[[2.3212810935958146, 48.856111515598904], [2.3212693790180223, 48.857010803310914], [2.322632224982496, 48.857018525664515], [2.3226439160405055, 48.85611923782548], [2.3212810935958146, 48.856111515598904]]]}}, {"type": "Feature", "properties": {"ndvi_mean": 0.38072970509529114, "ndmi_mean": 0.0988137274980545, "ndbi_mean": -0.0988137274980545}, "geometry": {"type": "Polygon", "coordinates": [[[2.3226439160405055, 48.85611923782548], [2.322632224982496, 48.857018525664515], [2.323995071350539, 48.85702623249689], [2.3240067388887438, 48.85612694453109], [2.3226439160405055, 48.85611923782548]]]}}, {"type": "Feature", "properties": {"ndvi_mean": 0.2575845718383789, "ndmi_mean": 0.08589767664670944, "ndbi_mean": -0.08589767664670944}, "geometry": {"type": "Polygon", "coordinates": [[[2.3240067388887438, 48.85612694453109], [2.323995071350539, 48.85702623249689], [2.3253579181213384, 48.85703392380805], [2.325369562139718, 48.85613463571571], [2.3240067388887438, 48.85612694453109]]]}}, {"type": "Feature", "properties": {"ndvi_mean": 0.16936445236206055, "ndmi_mean": -0.07329677790403366, "ndbi_mean": 0.07329677790403366}, "geometry": {"type": "Polygon", "coordinates": [[[2.325369562139718, 48.85613463571571], [2.3253579181213384, 48.85703392380805], [2.3267207652940827, 48.857041599597935], [2.3267323857926168, 48.856142311379344], [2.325369562139718, 48.85613463571571]]]}}, {"type": "Feature", "properties": {"ndvi_mean": 0.08483421057462692, "ndmi_mean": -0.07563278079032898, "ndbi_mean": 0.07563278079032898}, "geometry": {"type": "Polygon", "coordinates": [[[2.3267323857926168, 48.856142311379344], [2.3267207652940827, 48.857041599597935], [2.3280836128679603, 48.85704925986658], [2.3280952098466283, 48.85614997152198], [2.3267323857926168, 48.856142311379344]]]}}, {"type": "Feature", "properties": {"ndvi_mean": 0.3151719570159912, "ndmi_mean": 0.06632618606090546, "ndbi_mean": -0.06632618606090546}, "geometry": {"type": "Polygon", "coordinates": [[[2.3280952098466283, 48.85614997152198], [2.3280836128679603, 48.85704925986658], [2.32944646084216, 48.85705690461396], [2.3294580343009406, 48.85615761614363], [2.3280952098466283, 48.85614997152198]]]}}, {"type": "Feature", "properties": {"ndvi_mean": 0.11055143177509308, "ndmi_mean": -0.03812797740101814, "ndbi_mean": 0.03812797740101814}, "geometry": {"type": "Polygon", "coordinates": [[[2.3294580343009406, 48.85615761614363], [2.32944646084216, 48.85705690461396], [2.3308093092158693, 48.85706453384008], [2.3308208591547417, 48.856165245244256], [2.3294580343009406, 48.85615761614363]]]}}, {"type": "Feature", "properties": {"ndvi_mean": 0.052177343517541885, "ndmi_mean": -0.06949666887521744, "ndbi_mean": 0.06949666887521744}, "geometry": {"type": "Polygon", "coordinates": [[[2.3308208591547417, 48.856165245244256], [2.3308093092158693, 48.85706453384008], [2.332172157988276, 48.85707214754494], [2.3321836844072203, 48.856172858823854], [2.3308208591547417, 48.856165245244256]]]}}, {"type": "Feature", "properties": {"ndvi_mean": 0.04916349798440933, "ndmi_mean": -0.05805106461048126, "ndbi_mean": 0.05805106461048126}, "geometry": {"type": "Polygon", "coordinates": [[[2.3321836844072203, 48.856172858823854], [2.332172157988276, 48.85707214754494], [2.3335350071585697, 48.85707974572852], [2.3335465100575647, 48.856180456882456], [2.3321836844072203, 48.856172858823854]]]}}, {"type": "Feature", "properties": {"ndvi_mean": 0.07299765944480896, "ndmi_mean": -0.07302749902009964, "ndbi_mean": 0.07302749902009964}, "geometry": {"type": "Polygon", "coordinates": [[[2.3335465100575647, 48.856180456882456], [2.3335350071585697, 48.85707974572852], [2.334897856725938, 48.857087328390804], [2.3349093361049627, 48.85618803942002], [2.3335465100575647, 48.856180456882456]]]}}, {"type": "Feature", "properties": {"ndvi_mean": 0.03240089863538742, "ndmi_mean": -0.10913188010454178, "ndbi_mean": 0.10913188010454178}, "geometry": {"type": "Polygon", "coordinates": [[[2.3349093361049627, 48.85618803942002], [2.334897856725938, 48.857087328390804], [2.3362607066895684, 48.857094895531816], [2.336272162548603, 48.85619560643654], [2.3349093361049627, 48.85618803942002]]]}}, {"type": "Feature", "properties": {"ndvi_mean": 0.3592389225959778, "ndmi_mean": 0.11277906596660614, "ndbi_mean": -0.11277906596660614}, "geometry": {"type": "Polygon", "coordinates": [[[2.2844973922738507, 48.854997863661424], [2.2844850430962405, 48.85589714857661], [2.285847854338313, 48.855905289867025], [2.285860179997532, 48.85500600481792], [2.2844973922738507, 48.854997863661424]]]}}, {"type": "Feature", "properties": {"ndvi_mean": 0.09973583370447159, "ndmi_mean": 0.013187553733587265, "ndbi_mean": -0.013187553733587265}, "geometry": {"type": "Polygon", "coordinates": [[[2.285860179997532, 48.85500600481792], [2.285847854338313, 48.855905289867025], [2.2872106660058495, 48.85591341563663], [2.287222968146655, 48.85501413045387], [2.285860179997532, 48.85500600481792]]]}}, {"type": "Feature", "properties": {"ndvi_mean": 0.08312179893255234, "ndmi_mean": -0.06381170451641083, "ndbi_mean": 0.06381170451641083}, "geometry": {"type": "Polygon", "coordinates": [[[2.287222968146655, 48.85501413045387], [2.2872106660058495, 48.85591341563663], [2.2885734780980385, 48.85592152588544], [2.2885857567204084, 48.85502224056927], [2.287222968146655, 48.85501413045387]]]}}, {"type": "Feature", "properties": {"ndvi_mean": 0.307766854763031, "ndmi_mean": 0.06798721104860306, "ndbi_mean": -0.06798721104860306}, "geometry": {"type": "Polygon", "coordinates": [[[2.2885857567204084, 48.85502224056927], [2.2885734780980385, 48.85592152588544], [2.289936290614068, 48.855929620613445], [2.2899485457179805, 48.855030335164116], [2.2885857567204084, 48.85502224056927]]]}}, {"type": "Feature", "properties": {"ndvi_mean": 0.3338189423084259, "ndmi_mean": -0.022780565544962883, "ndbi_mean": 0.022780565544962883}, "geometry": {"type": "Polygon", "coordinates": [[[2.2899485457179805, 48.855030335164116], [2.289936290614068, 48.855929620613445], [2.291299103553126, 48.85593769982062], [2.2913113351385594, 48.855038414238415], [2.2899485457179805, 48.855030335164116]]]}}, {"type": "Feature", "properties": {"ndvi_mean": 0.2667417824268341, "ndmi_mean": -0.011386019177734852, "ndbi_mean": 0.011386019177734852}, "geometry": {"type": "Polygon", "coordinates": [[[2.2913113351385594, 48.855038414238415], [2.291299103553126, 48.85593769982062], [2.292661916914401, 48.85594576350699], [2.292674124981333, 48.85504647779213], [2.2913113351385594, 48.855038414238415]]]}}, {"type": "Feature", "properties": {"ndvi_mean": 0.35662612318992615, "ndmi_mean": 0.012011178769171238, "ndbi_mean": -0.012011178769171238}, "geometry": {"type": "Polygon", "coordinates": [[[2.292674124981333, 48.85504647779213], [2.292661916914401, 48.85594576350699], [2.2940247306970822, 48.85595381167253], [2.2940369152454916, 48.85505452582529], [2.292674124981333, 48.85504647779213]]]}}, {"type": "Feature", "properties": {"ndvi_mean": 0.25893470644950867, "ndmi_mean": 0.018307365477085114, "ndbi_mean": -0.018307365477085114}, "geometry": {"type": "Polygon", "coordinates": [[[2.2940369152454916, 48.85505452582529], [2.2940247306970822, 48.85595381167253], [2.2953875449003567, 48.85596184431723], [2.295399705930221, 48.85506255833786], [2.2940369152454916, 48.85505452582529]]]}}, {"type": "Feature", "properties": {"ndvi_mean": 0.5126731991767883, "ndmi_mean": 0.17059089243412018, "ndbi_mean": -0.17059089243412018}, "geometry": {"type": "Polygon", "coordinates": [[[2.295399705930221, 48.85506255833786], [2.2953875449003567, 48.85596184431723], [2.296750359523413, 48.8559698614411], [2.296762497034711, 48.85507057532984], [2.295399705930221, 48.85506255833786]]]}}, {"type": "Feature", "properties": {"ndvi_mean": 0.43589329719543457, "ndmi_mean": 0.17945045232772827, "ndbi_mean": -0.17945045232772827}, "geometry": {"type": "Polygon", "coordinates": [[[2.296762497034711, 48.85507057532984], [2.296750359523413, 48.8559698614411], [2.2981131745654397, 48.85597786304411], [2.29812528855815, 48.85507857680124], [2.296762497034711, 48.85507057532984]]]}}, {"type": "Feature", "properties": {"ndvi_mean": 0.5015822052955627, "ndmi_mean": 0.16776834428310394, "ndbi_mean": -0.16776834428310394}, "geometry": {"type": "Polygon", "coordinates": [[[2.29812528855815, 48.85507857680124], [2.2981131745654397, 48.85597786304411], [2.299475990025625, 48.85598584912626], [2.2994880804997253, 48.85508656275203], [2.29812528855815, 48.85507857680124]]]}}, {"type": "Feature", "properties": {"ndvi_mean": 0.5841237306594849, "ndmi_mean": 0.18407562375068665, "ndbi_mean": -0.18407562375068665}, "geometry": {"type": "Polygon", "coordinates": [[[2.2994880804997253, 48.85508656275203], [2.299475990025625, 48.85598584912626], [2.300838805903158, 48.85599381968756], [2.3008508728586268, 48.85509453318221], [2.2994880804997253, 48.85508656275203]]]}}, {"type": "Feature", "properties": {"ndvi_mean": 0.46186545491218567, "ndmi_mean": 0.12883009016513824, "ndbi_mean": -0.12883009016513824}, "geometry": {"type": "Polygon", "coordinates": [[[2.3008508728586268, 48.85509453318221], [2.300838805903158, 48.85599381968756], [2.3022016221972255, 48.856001774727986], [2.3022136656340413, 48.85510248809178], [2.3008508728586268, 48.85509453318221]]]}}, {"type": "Feature", "properties": {"ndvi_mean": 0.2657187581062317, "ndmi_mean": 0.037177398800849915, "ndbi_mean": -0.037177398800849915}, "geometry": {"type": "Polygon", "coordinates": [[[2.3022136656340413, 48.85510248809178], [2.3022016221972255, 48.856001774727986], [2.303564438907017, 48.85600971424753], [2.303576458825158, 48.85511042748074], [2.3022136656340413, 48.85510248809178]]]}}, {"type": "Feature", "properties": {"ndvi_mean": 0.08745162189006805, "ndmi_mean": -0.058877959847450256, "ndbi_mean": 0.058877959847450256}, "geometry": {"type": "Polygon", "coordinates": [[[2.303576458825158, 48.85511042748074], [2.303564438907017, 48.85600971424753], [2.30492725603172, 48.8560176382462], [2.304939252431165, 48.85511835134907], [2.303576458825158, 48.85511042748074]]]}}, {"type": "Feature", "properties": {"ndvi_mean": 0.15118712186813354, "ndmi_mean": -0.03702034428715706, "ndbi_mean": 0.03702034428715706}, "geometry": {"type": "Polygon", "coordinates": [[[2.304939252431165, 48.85511835134907], [2.30492725603172, 48.8560176382462], [2.306290073570523, 48.856025546723984], [2.3063020464512505, 48.85512625969675], [2.304939252431165, 48.85511835134907]]]}}, {"type": "Feature", "properties": {"ndvi_mean": 0.1712009608745575, "ndmi_mean": -0.03374938666820526, "ndbi_mean": 0.03374938666820526}, "geometry": {"type": "Polygon", "coordinates": [[[2.3063020464512505, 48.85512625969675], [2.306290073570523, 48.856025546723984], [2.3076528915226144, 48.856033439680864], [2.307664840884603, 48.855134152523796], [2.3063020464512505, 48.85512625969675]]]}}, {"type": "Feature", "properties": {"ndvi_mean": 0.13802556693553925, "ndmi_mean": -0.016739509999752045, "ndbi_mean": 0.016739509999752045}, "geometry": {"type": "Polygon", "coordinates": [[[2.307664840884603, 48.855134152523796], [2.3076528915226144, 48.856033439680864], [2.309015709887183, 48.85604131711683], [2.309027635730411, 48.85514202983019], [2.307664840884603, 48.855134152523796]]]}}, {"type": "Feature", "properties": {"ndvi_mean": 0.29284268617630005, "ndmi_mean": 0.010520552285015583, "ndbi_mean": -0.010520552285015583}, "geometry": {"type": "Polygon", "coordinates": [[[2.309027635730411, 48.85514202983019], [2.309015709887183, 48.85604131711683], [2.310378528663416, 48.856049179031906], [2.3103904309878627, 48.85514989161594], [2.309027635730411, 48.85514202983019]]]}}, {"type": "Feature", "properties": {"ndvi_mean": 0.20336873829364777, "ndmi_mean": -0.05422737076878548, "ndbi_mean": 0.05422737076878548}, "geometry": {"type": "Polygon", "coordinates": [[[2.3103904309878627, 48.85514989161594], [2.310378528663416, 48.856049179031906], [2.3117413478505022, 48.856057025426054], [2.3117532266561467, 48.85515773788102], [2.3103904309878627, 48.85514989161594]]]}}, {"type": "Feature", "properties": {"ndvi_mean": 0.14324714243412018, "ndmi_mean": -0.08842279762029648, "ndbi_mean": 0.08842279762029648}, "geometry": {"type": "Polygon", "coordinates": [[[2.3117532266561467, 48.85515773788102], [2.3117413478505022, 48.856057025426054], [2.3131041674476305, 48.856064856299284], [2.3131160227344503, 48.85516556862545], [2.3117532266561467, 48.85515773788102]]]}}, {"type": "Feature", "properties": {"ndvi_mean": 0.20646542310714722, "ndmi_mean": -0.07143283635377884, "ndbi_mean": 0.07143283635377884}, "geometry": {"type": "Polygon", "coordinates": [[[2.3131160227344503, 48.85516556862545], [2.3131041674476305, 48.856064856299284], [2.3144669874539883, 48.85607267165158], [2.314478819221963, 48.85517338384919], [2.3131160227344503, 48.85516556862545]]]}}, {"type": "Feature", "properties": {"ndvi_mean": 0.34678563475608826, "ndmi_mean": 0.0358235239982605, "ndbi_mean": -0.0358235239982605}, "geometry": {"type": "Polygon", "coordinates": [[[2.314478819221963, 48.85517338384919], [2.3144669874539883, 48.85607267165158], [2.315829807868764, 48.85608047148295], [2.3158416161178725, 48.855181183552254], [2.314478819221963, 48.85517338384919]]]}}, {"type": "Feature", "properties": {"ndvi_mean": 0.2349162995815277, "ndmi_mean": -0.010459516197443008, "ndbi_mean": 0.010459516197443008}, "geometry": {"type": "Polygon", "coordinates": [[[2.3158416161178725, 48.855181183552254], [2.315829807868764, 48.85608047148295], [2.317192628691146, 48.856088255793374], [2.3172044134213676, 48.85518896773463], [2.3158416161178725, 48.855181183552254]]]}}, {"type": "Feature", "properties": {"ndvi_mean": 0.11241698265075684, "ndmi_mean": -0.040186457335948944, "ndbi_mean": 0.040186457335948944}, "geometry": {"type": "Polygon", "coordinates": [[[2.3172044134213676, 48.85518896773463], [2.317192628691146, 48.856088255793374], [2.318555449920323, 48.856096024582826], [2.318567211131636, 48.8551967363963], [2.3172044134213676, 48.85518896773463]]]}}, {"type": "Feature", "properties": {"ndvi_mean": 0.4863671064376831, "ndmi_mean": 0.13962151110172272, "ndbi_mean": -0.13962151110172272}, "geometry": {"type": "Polygon", "coordinates": [[[2.318567211131636, 48.8551967363963], [2.318555449920323, 48.856096024582826], [2.3199182715554834, 48.85610377785135], [2.3199300092478667, 48.855204489537286], [2.318567211131636, 48.8551967363963]]]}}, {"type": "Feature", "properties": {"ndvi_mean": 0.24443653225898743, "ndmi_mean": 0.05942612513899803, "ndbi_mean": -0.05942612513899803}, "geometry": {"type": "Polygon", "coordinates": [[[2.3199300092478667, 48.855204489537286], [2.3199182715554834, 48.85610377785135], [2.3212810935958146, 48.856111515598904], [2.321292807769247, 48.85521222715755], [2.3199300092478667, 48.855204489537286]]]}}, {"type": "Feature", "properties": {"ndvi_mean": 0.38811424374580383, "ndmi_mean": 0.09767138212919235, "ndbi_mean": -0.09767138212919235}, "geometry": {"type": "Polygon", "coordinates": [[[2.321292807769247, 48.85521222715755], [2.3212810935958146, 48.856111515598904], [2.3226439160405055, 48.85611923782548], [2.3226556066949664, 48.855219949257105], [2.321292807769247, 48.85521222715755]]]}}, {"type": "Feature", "properties": {"ndvi_mean": 0.10122482478618622, "ndmi_mean": -0.03692275658249855, "ndbi_mean": 0.03692275658249855}, "geometry": {"type": "Polygon", "coordinates": [[[2.3226556066949664, 48.855219949257105], [2.3226439160405055, 48.85611923782548], [2.3240067388887438, 48.85612694453109], [2.324018406024212, 48.85522765583595], [2.3226556066949664, 48.855219949257105]]]}}, {"type": "Feature", "properties": {"ndvi_mean": 0.06070645898580551, "ndmi_mean": -0.04833105206489563, "ndbi_mean": 0.04833105206489563}, "geometry": {"type": "Polygon", "coordinates": [[[2.324018406024212, 48.85522765583595], [2.3240067388887438, 48.85612694453109], [2.325369562139718, 48.85613463571571], [2.3253812057561736, 48.85523534689406], [2.324018406024212, 48.85522765583595]]]}}, {"type": "Feature", "properties": {"ndvi_mean": 0.1992579698562622, "ndmi_mean": 0.023257743567228317, "ndbi_mean": -0.023257743567228317}, "geometry": {"type": "Polygon", "coordinates": [[[2.3253812057561736, 48.85523534689406], [2.325369562139718, 48.85613463571571], [2.3267323857926168, 48.856142311379344], [2.3267440058900384, 48.85524302243143], [2.3253812057561736, 48.85523534689406]]]}}, {"type": "Feature", "properties": {"ndvi_mean": 0.157048299908638, "ndmi_mean": 0.035098426043987274, "ndbi_mean": -0.035098426043987274}, "geometry": {"type": "Polygon", "coordinates": [[[2.3267440058900384, 48.85524302243143], [2.3267323857926168, 48.856142311379344], [2.3280952098466283, 48.85614997152198], [2.328106806424995, 48.85525068244807], [2.3267440058900384, 48.85524302243143]]]}}, {"type": "Feature", "properties": {"ndvi_mean": 0.24307209253311157, "ndmi_mean": 0.07400422543287277, "ndbi_mean": -0.07400422543287277}, "geometry": {"type": "Polygon", "coordinates": [[[2.328106806424995, 48.85525068244807], [2.3280952098466283, 48.85614997152198], [2.3294580343009406, 48.85615761614363], [2.329469607360232, 48.85525832694397], [2.328106806424995, 48.85525068244807]]]}}, {"type": "Feature", "properties": {"ndvi_mean": 0.1370566040277481, "ndmi_mean": -0.00010455879964865744, "ndbi_mean": 0.00010455879964865744}, "geometry": {"type": "Polygon", "coordinates": [[[2.329469607360232, 48.85525832694397], [2.3294580343009406, 48.85615761614363], [2.3308208591547417, 48.856165245244256], [2.330832408694937, 48.855265955919094], [2.329469607360232, 48.85525832694397]]]}}, {"type": "Feature", "properties": {"ndvi_mean": 0.09719359129667282, "ndmi_mean": -0.15452712774276733, "ndbi_mean": 0.15452712774276733}, "geometry": {"type": "Polygon", "coordinates": [[[2.330832408694937, 48.855265955919094], [2.3308208591547417, 48.856165245244256], [2.3321836844072203, 48.856172858823854], [2.3321952104282984, 48.855273569373466], [2.330832408694937, 48.855265955919094]]]}}, {"type": "Feature", "properties": {"ndvi_mean": 0.12684963643550873, "ndmi_mean": -0.10897595435380936, "ndbi_mean": 0.10897595435380936}, "geometry": {"type": "Polygon", "coordinates": [[[2.3321952104282984, 48.855273569373466], [2.3321836844072203, 48.856172858823854], [2.3335465100575647, 48.856180456882456], [2.3335580125595055, 48.855281167307076], [2.3321952104282984, 48.855273569373466]]]}}, {"type": "Feature", "properties": {"ndvi_mean": 0.054727181792259216, "ndmi_mean": -0.06840541958808899, "ndbi_mean": 0.06840541958808899}, "geometry": {"type": "Polygon", "coordinates": [[[2.3335580125595055, 48.855281167307076], [2.3335465100575647, 48.856180456882456], [2.3349093361049627, 48.85618803942002], [2.3349208150877456, 48.85528874971991], [2.3335580125595055, 48.855281167307076]]]}}, {"type": "Feature", "properties": {"ndvi_mean": 0.23776991665363312, "ndmi_mean": -0.004682707134634256, "ndbi_mean": 0.004682707134634256}, "geometry": {"type": "Polygon", "coordinates": [[[2.3349208150877456, 48.85528874971991], [2.3349093361049627, 48.85618803942002], [2.336272162548603, 48.85619560643654], [2.336283618012207, 48.85529631661197], [2.3349208150877456, 48.85528874971991]]]}}, {"type": "Feature", "properties": {"ndvi_mean": 0.11991389095783234, "ndmi_mean": 0.037180833518505096, "ndbi_mean": -0.037180833518505096}, "geometry": {"type": "Polygon", "coordinates": [[[2.2845097410252078, 48.85409857801708], [2.2844973922738507, 48.854997863661424], [2.285860179997532, 48.85500600481792], [2.285872505231309, 48.854106719039635], [2.2845097410252078, 48.85409857801708]]]}}, {"type": "Feature", "properties": {"ndvi_mean": 0.319510817527771, "ndmi_mean": 0.05721690505743027, "ndbi_mean": -0.05721690505743027}, "geometry": {"type": "Polygon", "coordinates": [[[2.285872505231309, 48.854106719039635], [2.285860179997532, 48.85500600481792], [2.287222968146655, 48.85501413045387], [2.28723526986283, 48.85411484454193], [2.285872505231309, 48.854106719039635]]]}}, {"type": "Feature", "properties": {"ndvi_mean": 0.12573108077049255, "ndmi_mean": -0.04640941694378853, "ndbi_mean": 0.04640941694378853}, "geometry": {"type": "Polygon", "coordinates": [[[2.28723526986283, 48.85411484454193], [2.287222968146655, 48.85501413045387], [2.2885857567204084, 48.85502224056927], [2.28859803491896, 48.85412295452393], [2.28723526986283, 48.85411484454193]]]}}, {"type": "Feature", "properties": {"ndvi_mean": 0.13248620927333832, "ndmi_mean": -0.03345637023448944, "ndbi_mean": 0.03345637023448944}, "geometry": {"type": "Polygon", "coordinates": [[[2.28859803491896, 48.85412295452393], [2.2885857567204084, 48.85502224056927], [2.2899485457179805, 48.855030335164116], [2.2899608003988865, 48.85413104898563], [2.28859803491896, 48.85412295452393]]]}}, {"type": "Feature", "properties": {"ndvi_mean": 0.2617305517196655, "ndmi_mean": -0.057310570031404495, "ndbi_mean": 0.057310570031404495}, "geometry": {"type": "Polygon", "coordinates": [[[2.2899608003988865, 48.85413104898563], [2.2899485457179805, 48.855030335164116], [2.2913113351385594, 48.855038414238415], [2.2913235663017972, 48.85413912792704], [2.2899608003988865, 48.85413104898563]]]}}, {"type": "Feature", "properties": {"ndvi_mean": 0.35701557993888855, "ndmi_mean": 0.002050679177045822, "ndbi_mean": -0.002050679177045822}, "geometry": {"type": "Polygon", "coordinates": [[[2.2913235663017972, 48.85413912792704], [2.2913113351385594, 48.855038414238415], [2.292674124981333, 48.85504647779213], [2.2926863326268823, 48.85414719134811], [2.2913235663017972, 48.85413912792704]]]}}, {"type": "Feature", "properties": {"ndvi_mean": 0.28042396903038025, "ndmi_mean": -0.038513682782649994, "ndbi_mean": 0.038513682782649994}, "geometry": {"type": "Polygon", "coordinates": [[[2.2926863326268823, 48.85414719134811], [2.292674124981333, 48.85504647779213], [2.2940369152454916, 48.85505452582529], [2.294049099373329, 48.85415523924889], [2.2926863326268823, 48.85414719134811]]]}}, {"type": "Feature", "properties": {"ndvi_mean": 0.25792616605758667, "ndmi_mean": 0.02025388740003109, "ndbi_mean": -0.02025388740003109}, "geometry": {"type": "Polygon", "coordinates": [[[2.294049099373329, 48.85415523924889], [2.2940369152454916, 48.85505452582529], [2.295399705930221, 48.85506255833786], [2.2954118665403254, 48.85416327162933], [2.294049099373329, 48.85415523924889]]]}}, {"type": "Feature", "properties": {"ndvi_mean": 0.3817273676395416, "ndmi_mean": 0.09151165932416916, "ndbi_mean": -0.09151165932416916}, "geometry": {"type": "Polygon", "coordinates": [[[2.2954118665403254, 48.85416327162933], [2.295399705930221, 48.85506255833786], [2.296762497034711, 48.85507057532984], [2.2967746341270603, 48.85417128848943], [2.2954118665403254, 48.85416327162933]]]}}, {"type": "Feature", "properties": {"ndvi_mean": 0.5570991635322571, "ndmi_mean": 0.1867409199476242, "ndbi_mean": -0.1867409199476242}, "geometry": {"type": "Polygon", "coordinates": [[[2.2967746341270603, 48.85417128848943], [2.296762497034711, 48.85507057532984], [2.29812528855815, 48.85507857680124], [2.2981374021327228, 48.85417928982922], [2.2967746341270603, 48.85417128848943]]]}}, {"type": "Feature", "properties": {"ndvi_mean": 0.6218814253807068, "ndmi_mean": 0.2121317982673645, "ndbi_mean": -0.2121317982673645}, "geometry": {"type": "Polygon", "coordinates": [[[2.2981374021327228, 48.85417928982922], [2.29812528855815, 48.85507857680124], [2.2994880804997253, 48.85508656275203], [2.2995001705565, 48.85418727564865], [2.2981374021327228, 48.85417928982922]]]}}, {"type": "Feature", "properties": {"ndvi_mean": 0.39437389373779297, "ndmi_mean": 0.09635574370622635, "ndbi_mean": -0.09635574370622635}, "geometry": {"type": "Polygon", "coordinates": [[[2.2995001705565, 48.85418727564865], [2.2994880804997253, 48.85508656275203], [2.3008508728586268, 48.85509453318221], [2.300862939397581, 48.85419524594773], [2.2995001705565, 48.85418727564865]]]}}, {"type": "Feature", "properties": {"ndvi_mean": 0.35677292943000793, "ndmi_mean": 0.06288673728704453, "ndbi_mean": -0.06288673728704453}, "geometry": {"type": "Polygon", "coordinates": [[[2.300862939397581, 48.85419524594773], [2.3008508728586268, 48.85509453318221], [2.3022136656340413, 48.85510248809178], [2.302225708655155, 48.854203200726445], [2.300862939397581, 48.85419524594773]]]}}, {"type": "Feature", "properties": {"ndvi_mean": 0.4030039310455322, "ndmi_mean": 0.09668395668268204, "ndbi_mean": -0.09668395668268204}, "geometry": {"type": "Polygon", "coordinates": [[[2.302225708655155, 48.854203200726445], [2.3022136656340413, 48.85510248809178], [2.303576458825158, 48.85511042748074], [2.3035884783284084, 48.85421113998481], [2.302225708655155, 48.854203200726445]]]}}, {"type": "Feature", "properties": {"ndvi_mean": 0.22136400640010834, "ndmi_mean": -0.020420603454113007, "ndbi_mean": 0.020420603454113007}, "geometry": {"type": "Polygon", "coordinates": [[[2.3035884783284084, 48.85421113998481], [2.303576458825158, 48.85511042748074], [2.304939252431165, 48.85511835134907], [2.304951248416531, 48.85421906372279], [2.3035884783284084, 48.85421113998481]]]}}, {"type": "Feature", "properties": {"ndvi_mean": 0.275626003742218, "ndmi_mean": 0.06063658744096756, "ndbi_mean": -0.06063658744096756}, "geometry": {"type": "Polygon", "coordinates": [[[2.304951248416531, 48.85421906372279], [2.304939252431165, 48.85511835134907], [2.3063020464512505, 48.85512625969675], [2.306314018918711, 48.854226971940385], [2.304951248416531, 48.85421906372279]]]}}, {"type": "Feature", "properties": {"ndvi_mean": 0.11349856108427048, "ndmi_mean": -0.031564511358737946, "ndbi_mean": 0.031564511358737946}, "geometry": {"type": "Polygon", "coordinates": [[[2.306314018918711, 48.854226971940385], [2.3063020464512505, 48.85512625969675], [2.307664840884603, 48.855134152523796], [2.307676789834136, 48.854234864637604], [2.306314018918711, 48.854226971940385]]]}}, {"type": "Feature", "properties": {"ndvi_mean": 0.09867823868989944, "ndmi_mean": -0.034061405807733536, "ndbi_mean": 0.034061405807733536}, "geometry": {"type": "Polygon", "coordinates": [[[2.307676789834136, 48.854234864637604], [2.307664840884603, 48.855134152523796], [2.309027635730411, 48.85514202983019], [2.309039561161996, 48.854242741814424], [2.307676789834136, 48.854234864637604]]]}}, {"type": "Feature", "properties": {"ndvi_mean": 0.36032435297966003, "ndmi_mean": 0.06519679725170135, "ndbi_mean": -0.06519679725170135}, "geometry": {"type": "Polygon", "coordinates": [[[2.309039561161996, 48.854242741814424], [2.309027635730411, 48.85514202983019], [2.3103904309878627, 48.85514989161594], [2.310402332901478, 48.85425060347086], [2.309039561161996, 48.854242741814424]]]}}, {"type": "Feature", "properties": {"ndvi_mean": 0.3296382427215576, "ndmi_mean": 0.026485031470656395, "ndbi_mean": -0.026485031470656395}, "geometry": {"type": "Polygon", "coordinates": [[[2.310402332901478, 48.85425060347086], [2.3103904309878627, 48.85514989161594], [2.3117532266561467, 48.85515773788102], [2.3117651050517702, 48.85425844960687], [2.310402332901478, 48.85425060347086]]]}}, {"type": "Feature", "properties": {"ndvi_mean": 0.27429699897766113, "ndmi_mean": 0.033423203974962234, "ndbi_mean": -0.033423203974962234}, "geometry": {"type": "Polygon", "coordinates": [[[2.3117651050517702, 48.85425844960687], [2.3117532266561467, 48.85515773788102], [2.3131160227344503, 48.85516556862545], [2.313127877612062, 48.85426628022248], [2.3117651050517702, 48.85425844960687]]]}}, {"type": "Feature", "properties": {"ndvi_mean": 0.2728408873081207, "ndmi_mean": 0.00949649978429079, "ndbi_mean": -0.00949649978429079}, "geometry": {"type": "Polygon", "coordinates": [[[2.313127877612062, 48.85426628022248], [2.3131160227344503, 48.85516556862545], [2.314478819221963, 48.85517338384919], [2.314490650581541, 48.854274095317685], [2.313127877612062, 48.85426628022248]]]}}, {"type": "Feature", "properties": {"ndvi_mean": 0.5723346471786499, "ndmi_mean": 0.19254881143569946, "ndbi_mean": -0.19254881143569946}, "geometry": {"type": "Polygon", "coordinates": [[[2.314490650581541, 48.854274095317685], [2.314478819221963, 48.85517338384919], [2.3158416161178725, 48.855181183552254], [2.3158534239593958, 48.854281894892445], [2.314490650581541, 48.854274095317685]]]}}, {"type": "Feature", "properties": {"ndvi_mean": 0.652199387550354, "ndmi_mean": 0.18954680860042572, "ndbi_mean": -0.18954680860042572}, "geometry": {"type": "Polygon", "coordinates": [[[2.3158534239593958, 48.854281894892445], [2.3158416161178725, 48.855181183552254], [2.3172044134213676, 48.85518896773463], [2.317216197744815, 48.854289678946785], [2.3158534239593958, 48.854281894892445]]]}}, {"type": "Feature", "properties": {"ndvi_mean": 0.29597845673561096, "ndmi_mean": 0.0046647596172988415, "ndbi_mean": -0.0046647596172988415}, "geometry": {"type": "Polygon", "coordinates": [[[2.317216197744815, 48.854289678946785], [2.3172044134213676, 48.85518896773463], [2.318567211131636, 48.8551967363963], [2.3185789719369865, 48.85429744748066], [2.317216197744815, 48.854289678946785]]]}}, {"type": "Feature", "properties": {"ndvi_mean": 0.10029953718185425, "ndmi_mean": -0.03921334072947502, "ndbi_mean": 0.03921334072947502}, "geometry": {"type": "Polygon", "coordinates": [[[2.3185789719369865, 48.85429744748066], [2.318567211131636, 48.8551967363963], [2.3199300092478667, 48.855204489537286], [2.319941746535099, 48.85430520049411], [2.3185789719369865, 48.85429744748066]]]}}, {"type": "Feature", "properties": {"ndvi_mean": 0.1350574642419815, "ndmi_mean": -0.017317527905106544, "ndbi_mean": 0.017317527905106544}, "geometry": {"type": "Polygon", "coordinates": [[[2.319941746535099, 48.85430520049411], [2.3199300092478667, 48.855204489537286], [2.321292807769247, 48.85521222715755], [2.321304521538341, 48.8543129379871], [2.319941746535099, 48.85430520049411]]]}}, {"type": "Feature", "properties": {"ndvi_mean": 0.32571154832839966, "ndmi_mean": 0.047725334763526917, "ndbi_mean": -0.047725334763526917}, "geometry": {"type": "Polygon", "coordinates": [[[2.321304521538341, 48.8543129379871], [2.321292807769247, 48.85521222715755], [2.3226556066949664, 48.855219949257105], [2.322667296945901, 48.85432065995963], [2.321304521538341, 48.8543129379871]]]}}, {"type": "Feature", "properties": {"ndvi_mean": 0.25058141350746155, "ndmi_mean": 0.02629193291068077, "ndbi_mean": -0.02629193291068077}, "geometry": {"type": "Polygon", "coordinates": [[[2.322667296945901, 48.85432065995963], [2.3226556066949664, 48.855219949257105], [2.324018406024212, 48.85522765583595], [2.324030072756966, 48.8543283664117], [2.322667296945901, 48.85432065995963]]]}}, {"type": "Feature", "properties": {"ndvi_mean": 0.04445704445242882, "ndmi_mean": -0.0861615240573883, "ndbi_mean": 0.0861615240573883}, "geometry": {"type": "Polygon", "coordinates": [[[2.324030072756966, 48.8543283664117], [2.324018406024212, 48.85522765583595], [2.3253812057561736, 48.85523534689406], [2.3253928489707256, 48.8543360573433], [2.324030072756966, 48.8543283664117]]]}}, {"type": "Feature", "properties": {"ndvi_mean": 0.14216400682926178, "ndmi_mean": -0.009348791092634201, "ndbi_mean": 0.009348791092634201}, "geometry": {"type": "Polygon", "coordinates": [[[2.3253928489707256, 48.8543360573433], [2.3253812057561736, 48.85523534689406], [2.3267440058900384, 48.85524302243143], [2.326755625586368, 48.85434373275442], [2.3253928489707256, 48.8543360573433]]]}}, {"type": "Feature", "properties": {"ndvi_mean": 0.3105900287628174, "ndmi_mean": 0.059412360191345215, "ndbi_mean": -0.059412360191345215}, "geometry": {"type": "Polygon", "coordinates": [[[2.326755625586368, 48.85434373275442], [2.3267440058900384, 48.85524302243143], [2.328106806424995, 48.85525068244807], [2.3281184026030814, 48.85435139264505], [2.326755625586368, 48.85434373275442]]]}}, {"type": "Feature", "properties": {"ndvi_mean": 0.23654460906982422, "ndmi_mean": 0.03467491269111633, "ndbi_mean": -0.03467491269111633}, "geometry": {"type": "Polygon", "coordinates": [[[2.3281184026030814, 48.85435139264505], [2.328106806424995, 48.85525068244807], [2.329469607360232, 48.85525832694397], [2.3294811800200543, 48.85435903701519], [2.3281184026030814, 48.85435139264505]]]}}, {"type": "Feature", "properties": {"ndvi_mean": 0.2201160490512848, "ndmi_mean": 0.027644643560051918, "ndbi_mean": -0.027644643560051918}, "geometry": {"type": "Polygon", "coordinates": [[[2.3294811800200543, 48.85435903701519], [2.329469607360232, 48.85525832694397], [2.330832408694937, 48.855265955919094], [2.330843957836475, 48.854366665864845], [2.3294811800200543, 48.85435903701519]]]}}, {"type": "Feature", "properties": {"ndvi_mean": 0.1545458883047104, "ndmi_mean": -0.08992055058479309, "ndbi_mean": 0.08992055058479309}, "geometry": {"type": "Polygon", "coordinates": [[[2.330843957836475, 48.854366665864845], [2.330832408694937, 48.855265955919094], [2.3321952104282984, 48.855273569373466], [2.332206736051532, 48.854374279193976], [2.330843957836475, 48.854366665864845]]]}}, {"type": "Feature", "properties": {"ndvi_mean": 0.12282709777355194, "ndmi_mean": -0.046391744166612625, "ndbi_mean": 0.046391744166612625}, "geometry": {"type": "Polygon", "coordinates": [[[2.332206736051532, 48.854374279193976], [2.3321952104282984, 48.855273569373466], [2.3335580125595055, 48.855281167307076], [2.3335695146644126, 48.854381877002616], [2.332206736051532, 48.854374279193976]]]}}, {"type": "Feature", "properties": {"ndvi_mean": 0.06787306070327759, "ndmi_mean": -0.09120737761259079, "ndbi_mean": 0.09120737761259079}, "geometry": {"type": "Polygon", "coordinates": [[[2.3335695146644126, 48.854381877002616], [2.3335580125595055, 48.855281167307076], [2.3349208150877456, 48.85528874971991], [2.334932293674307, 48.85438945929072], [2.3335695146644126, 48.854381877002616]]]}}, {"type": "Feature", "properties": {"ndvi_mean": 0.27395832538604736, "ndmi_mean": -0.017077120020985603, "ndbi_mean": 0.017077120020985603}, "geometry": {"type": "Polygon", "coordinates": [[[2.334932293674307, 48.85438945929072], [2.3349208150877456, 48.85528874971991], [2.336283618012207, 48.85529631661197], [2.3362950730804015, 48.854397026058315], [2.334932293674307, 48.85438945929072]]]}}, {"type": "Feature", "properties": {"ndvi_mean": 0.3331858515739441, "ndmi_mean": 0.035464245826005936, "ndbi_mean": -0.035464245826005936}, "geometry": {"type": "Polygon", "coordinates": [[[2.284522089350333, 48.85319929164377], [2.2845097410252078, 48.85409857801708], [2.285872505231309, 48.854106719039635], [2.285884830039666, 48.85320743253243], [2.284522089350333, 48.85319929164377]]]}}, {"type": "Feature", "properties": {"ndvi_mean": 0.283346027135849, "ndmi_mean": 0.03090362623333931, "ndbi_mean": -0.03090362623333931}, "geometry": {"type": "Polygon", "coordinates": [[[2.285884830039666, 48.85320743253243], [2.285872505231309, 48.854106719039635], [2.28723526986283, 48.85411484454193], [2.2872475711543974, 48.853215557901066], [2.285884830039666, 48.85320743253243]]]}}, {"type": "Feature", "properties": {"ndvi_mean": 0.22406183183193207, "ndmi_mean": -0.0227494016289711, "ndbi_mean": 0.0227494016289711}, "geometry": {"type": "Polygon", "coordinates": [[[2.2872475711543974, 48.853215557901066], [2.28723526986283, 48.85411484454193], [2.28859803491896, 48.85412295452393], [2.2886103126937147, 48.85322366774967], [2.2872475711543974, 48.853215557901066]]]}}, {"type": "Feature", "properties": {"ndvi_mean": 0.17374779284000397, "ndmi_mean": -0.029855309054255486, "ndbi_mean": 0.029855309054255486}, "geometry": {"type": "Polygon", "coordinates": [[[2.2886103126937147, 48.85322366774967], [2.28859803491896, 48.85412295452393], [2.2899608003988865, 48.85413104898563], [2.289973054656807, 48.85323176207822], [2.2886103126937147, 48.85322366774967]]]}}, {"type": "Feature", "properties": {"ndvi_mean": 0.2378561794757843, "ndmi_mean": -0.0387088805437088, "ndbi_mean": 0.0387088805437088}, "geometry": {"type": "Polygon", "coordinates": [[[2.289973054656807, 48.85323176207822], [2.2899608003988865, 48.85413104898563], [2.2913235663017972, 48.85413912792704], [2.291335797042862, 48.85323984088672], [2.289973054656807, 48.85323176207822]]]}}, {"type": "Feature", "properties": {"ndvi_mean": 0.25167012214660645, "ndmi_mean": 0.02667304314672947, "ndbi_mean": -0.02667304314672947}, "geometry": {"type": "Polygon", "coordinates": [[[2.291335797042862, 48.85323984088672], [2.2913235663017972, 48.85413912792704], [2.2926863326268823, 48.85414719134811], [2.2926985398510684, 48.85324790417518], [2.291335797042862, 48.85323984088672]]]}}, {"type": "Feature", "properties": {"ndvi_mean": 0.28143399953842163, "ndmi_mean": -0.03647078946232796, "ndbi_mean": 0.03647078946232796}, "geometry": {"type": "Polygon", "coordinates": [[[2.2926985398510684, 48.85324790417518], [2.2926863326268823, 48.85414719134811], [2.294049099373329, 48.85415523924889], [2.2940612830806155, 48.853255951943574], [2.2926985398510684, 48.85324790417518]]]}}, {"type": "Feature", "properties": {"ndvi_mean": 0.21073687076568604, "ndmi_mean": -0.05763157457113266, "ndbi_mean": 0.05763157457113266}, "geometry": {"type": "Polygon", "coordinates": [[[2.2940612830806155, 48.853255951943574], [2.294049099373329, 48.85415523924889], [2.2954118665403254, 48.85416327162933], [2.2954240267306907, 48.853263984191884], [2.2940612830806155, 48.853255951943574]]]}}, {"type": "Feature", "properties": {"ndvi_mean": 0.1817881166934967, "ndmi_mean": -0.04402146860957146, "ndbi_mean": 0.04402146860957146}, "geometry": {"type": "Polygon", "coordinates": [[[2.2954240267306907, 48.853263984191884], [2.2954118665403254, 48.85416327162933], [2.2967746341270603, 48.85417128848943], [2.296786770800483, 48.85327200092012], [2.2954240267306907, 48.853263984191884]]]}}, {"type": "Feature", "properties": {"ndvi_mean": 0.2552993893623352, "ndmi_mean": 0.011742424219846725, "ndbi_mean": -0.011742424219846725}, "geometry": {"type": "Polygon", "coordinates": [[[2.296786770800483, 48.85327200092012], [2.2967746341270603, 48.85417128848943], [2.2981374021327228, 48.85417928982922], [2.29814951528918, 48.85328000212828], [2.296786770800483, 48.85327200092012]]]}}, {"type": "Feature", "properties": {"ndvi_mean": 0.5239995121955872, "ndmi_mean": 0.15757927298545837, "ndbi_mean": -0.15757927298545837}, "geometry": {"type": "Polygon", "coordinates": [[[2.29814951528918, 48.85328000212828], [2.2981374021327228, 48.85417928982922], [2.2995001705565, 48.85418727564865], [2.2995122601959705, 48.85328798781636], [2.29814951528918, 48.85328000212828]]]}}, {"type": "Feature", "properties": {"ndvi_mean": 0.4796292781829834, "ndmi_mean": 0.12987548112869263, "ndbi_mean": -0.12987548112869263}, "geometry": {"type": "Polygon", "coordinates": [[[2.2995122601959705, 48.85328798781636], [2.2995001705565, 48.85418727564865], [2.300862939397581, 48.85419524594773], [2.300875005520044, 48.85329595798433], [2.2995122601959705, 48.85328798781636]]]}}, {"type": "Feature", "properties": {"ndvi_mean": 0.4365372061729431, "ndmi_mean": 0.07832909375429153, "ndbi_mean": -0.07832909375429153}, "geometry": {"type": "Polygon", "coordinates": [[[2.300875005520044, 48.85329595798433], [2.300862939397581, 48.85419524594773], [2.302225708655155, 48.854203200726445], [2.302237751260588, 48.8533039126322], [2.300875005520044, 48.85329595798433]]]}}, {"type": "Feature", "properties": {"ndvi_mean": 0.2960338294506073, "ndmi_mean": 0.06742314249277115, "ndbi_mean": -0.06742314249277115}, "geometry": {"type": "Polygon", "coordinates": [[[2.302237751260588, 48.8533039126322], [2.302225708655155, 48.854203200726445], [2.3035884783284084, 48.85421113998481], [2.30360049741679, 48.853311851759976], [2.302237751260588, 48.8533039126322]]]}}, {"type": "Feature", "properties": {"ndvi_mean": 0.2604089081287384, "ndmi_mean": 0.03050481714308262, "ndbi_mean": -0.03050481714308262}, "geometry": {"type": "Polygon", "coordinates": [[[2.30360049741679, 48.853311851759976], [2.3035884783284084, 48.85421113998481], [2.304951248416531, 48.85421906372279], [2.30496324398784, 48.853319775367616], [2.30360049741679, 48.853311851759976]]]}}, {"type": "Feature", "properties": {"ndvi_mean": 0.13789764046669006, "ndmi_mean": -0.07032477855682373, "ndbi_mean": 0.07032477855682373}, "geometry": {"type": "Polygon", "coordinates": [[[2.30496324398784, 48.853319775367616], [2.304951248416531, 48.85421906372279], [2.306314018918711, 48.854226971940385], [2.3063259909729257, 48.85332768345512], [2.30496324398784, 48.853319775367616]]]}}, {"type": "Feature", "properties": {"ndvi_mean": 0.3058564066886902, "ndmi_mean": 0.003934027161449194, "ndbi_mean": -0.003934027161449194}, "geometry": {"type": "Polygon", "coordinates": [[[2.3063259909729257, 48.85332768345512], [2.306314018918711, 48.854226971940385], [2.307676789834136, 48.854234864637604], [2.307688738371236, 48.85333557602251], [2.3063259909729257, 48.85332768345512]]]}}, {"type": "Feature", "properties": {"ndvi_mean": 0.2003869116306305, "ndmi_mean": 0.014686185866594315, "ndbi_mean": -0.014686185866594315}, "geometry": {"type": "Polygon", "coordinates": [[[2.307688738371236, 48.85333557602251], [2.307676789834136, 48.854234864637604], [2.309039561161996, 48.854242741814424], [2.3090514861819584, 48.85334345306977], [2.307688738371236, 48.85333557602251]]]}}, {"type": "Feature", "properties": {"ndvi_mean": 0.297624409198761, "ndmi_mean": 0.03841394931077957, "ndbi_mean": -0.03841394931077957}, "geometry": {"type": "Polygon", "coordinates": [[[2.3090514861819584, 48.85334345306977], [2.309039561161996, 48.854242741814424], [2.310402332901478, 48.85425060347086], [2.310414234404282, 48.85335131459688], [2.3090514861819584, 48.85334345306977]]]}}, {"type": "Feature", "properties": {"ndvi_mean": 0.34695571660995483, "ndmi_mean": 0.04404209181666374, "ndbi_mean": -0.04404209181666374}, "geometry": {"type": "Polygon", "coordinates": [[[2.310414234404282, 48.85335131459688], [2.310402332901478, 48.85425060347086], [2.3117651050517702, 48.85425844960687], [2.3117769830373947, 48.85335916060384], [2.310414234404282, 48.85335131459688]]]}}, {"type": "Feature", "properties": {"ndvi_mean": 0.2108522653579712, "ndmi_mean": -0.011309155263006687, "ndbi_mean": 0.011309155263006687}, "geometry": {"type": "Polygon", "coordinates": [[[2.3117769830373947, 48.85335916060384], [2.3117651050517702, 48.85425844960687], [2.313127877612062, 48.85426628022248], [2.313139732080486, 48.85336699109065], [2.3117769830373947, 48.85335916060384]]]}}, {"type": "Feature", "properties": {"ndvi_mean": 0.3190067410469055, "ndmi_mean": 0.04117847606539726, "ndbi_mean": -0.04117847606539726}, "geometry": {"type": "Polygon", "coordinates": [[[2.313139732080486, 48.85336699109065], [2.313127877612062, 48.85426628022248], [2.314490650581541, 48.854274095317685], [2.314502481532743, 48.85337480605728], [2.313139732080486, 48.85336699109065]]]}}, {"type": "Feature", "properties": {"ndvi_mean": 0.5606468319892883, "ndmi_mean": 0.180862694978714, "ndbi_mean": -0.180862694978714}, "geometry": {"type": "Polygon", "coordinates": [[[2.314502481532743, 48.85337480605728], [2.314490650581541, 48.854274095317685], [2.3158534239593958, 48.854281894892445], [2.3158652313933548, 48.85338260550375], [2.314502481532743, 48.85337480605728]]]}}, {"type": "Feature", "properties": {"ndvi_mean": 0.641609787940979, "ndmi_mean": 0.19222873449325562, "ndbi_mean": -0.19222873449325562}, "geometry": {"type": "Polygon", "coordinates": [[[2.3158652313933548, 48.85338260550375], [2.3158534239593958, 48.854281894892445], [2.317216197744815, 48.854289678946785], [2.31722798166151, 48.85339038943004], [2.3158652313933548, 48.85338260550375]]]}}, {"type": "Feature", "properties": {"ndvi_mean": 0.40309974551200867, "ndmi_mean": 0.06521908938884735, "ndbi_mean": -0.06521908938884735}, "geometry": {"type": "Polygon", "coordinates": [[[2.31722798166151, 48.85339038943004], [2.317216197744815, 48.854289678946785], [2.3185789719369865, 48.85429744748066], [2.3185907323363963, 48.85339815783614], [2.31722798166151, 48.85339038943004]]]}}, {"type": "Feature", "properties": {"ndvi_mean": 0.23953858017921448, "ndmi_mean": -0.023673448711633682, "ndbi_mean": 0.023673448711633682}, "geometry": {"type": "Polygon", "coordinates": [[[2.3185907323363963, 48.85339815783614], [2.3185789719369865, 48.85429744748066], [2.319941746535099, 48.85430520049411], [2.3199534834172026, 48.85340591072205], [2.3185907323363963, 48.85339815783614]]]}}, {"type": "Feature", "properties": {"ndvi_mean": 0.4355144500732422, "ndmi_mean": 0.11460098624229431, "ndbi_mean": -0.11460098624229431}, "geometry": {"type": "Polygon", "coordinates": [[[2.3199534834172026, 48.85340591072205], [2.319941746535099, 48.85430520049411], [2.321304521538341, 48.8543129379871], [2.3213162349031173, 48.85341364808778], [2.3199534834172026, 48.85340591072205]]]}}, {"type": "Feature", "properties": {"ndvi_mean": 0.383721262216568, "ndmi_mean": 0.14231735467910767, "ndbi_mean": -0.14231735467910767}, "geometry": {"type": "Polygon", "coordinates": [[[2.3213162349031173, 48.85341364808778], [2.321304521538341, 48.8543129379871], [2.322667296945901, 48.85432065995963], [2.3226789867933286, 48.853421369933294], [2.3213162349031173, 48.85341364808778]]]}}, {"type": "Feature", "properties": {"ndvi_mean": 0.10568340122699738, "ndmi_mean": -0.04259411245584488, "ndbi_mean": 0.04259411245584488}, "geometry": {"type": "Polygon", "coordinates": [[[2.3226789867933286, 48.853421369933294], [2.322667296945901, 48.85432065995963], [2.324030072756966, 48.8543283664117], [2.324041739087025, 48.85342907625859], [2.3226789867933286, 48.853421369933294]]]}}, {"type": "Feature", "properties": {"ndvi_mean": 0.10770484060049057, "ndmi_mean": -0.042911890894174576, "ndbi_mean": 0.042911890894174576}, "geometry": {"type": "Polygon", "coordinates": [[[2.324041739087025, 48.85342907625859], [2.324030072756966, 48.8543283664117], [2.3253928489707256, 48.8543360573433], [2.3254044917833947, 48.853436767063684], [2.324041739087025, 48.85342907625859]]]}}, {"type": "Feature", "properties": {"ndvi_mean": 0.18986226618289948, "ndmi_mean": 0.0027913928497582674, "ndbi_mean": -0.0027913928497582674}, "geometry": {"type": "Polygon", "coordinates": [[[2.3254044917833947, 48.853436767063684], [2.3253928489707256, 48.8543360573433], [2.326755625586368, 48.85434373275442], [2.3267672448816263, 48.85344444234854], [2.3254044917833947, 48.853436767063684]]]}}, {"type": "Feature", "properties": {"ndvi_mean": 0.1089181900024414, "ndmi_mean": -0.06330519914627075, "ndbi_mean": 0.06330519914627075}, "geometry": {"type": "Polygon", "coordinates": [[[2.3267672448816263, 48.85344444234854], [2.326755625586368, 48.85434373275442], [2.3281184026030814, 48.85435139264505], [2.3281299983809087, 48.85345210211318], [2.3267672448816263, 48.85344444234854]]]}}, {"type": "Feature", "properties": {"ndvi_mean": 0.26539766788482666, "ndmi_mean": 0.0635363906621933, "ndbi_mean": -0.0635363906621933}, "geometry": {"type": "Polygon", "coordinates": [[[2.3281299983809087, 48.85345210211318], [2.3281184026030814, 48.85435139264505], [2.3294811800200543, 48.85435903701519], [2.329492752280429, 48.853459746357586], [2.3281299983809087, 48.85345210211318]]]}}, {"type": "Feature", "properties": {"ndvi_mean": 0.14217878878116608, "ndmi_mean": -0.007615894079208374, "ndbi_mean": 0.007615894079208374}, "geometry": {"type": "Polygon", "coordinates": [[[2.329492752280429, 48.853459746357586], [2.3294811800200543, 48.85435903701519], [2.330843957836475, 48.854366665864845], [2.3308555065793772, 48.853467375081735], [2.329492752280429, 48.853459746357586]]]}}, {"type": "Feature", "properties": {"ndvi_mean": 0.1295657604932785, "ndmi_mean": -0.03120763599872589, "ndbi_mean": 0.03120763599872589}, "geometry": {"type": "Polygon", "coordinates": [[[2.3308555065793772, 48.853467375081735], [2.330843957836475, 48.854366665864845], [2.332206736051532, 48.854374279193976], [2.3322182612769407, 48.85347498828565], [2.3308555065793772, 48.853467375081735]]]}}, {"type": "Feature", "properties": {"ndvi_mean": 0.16138383746147156, "ndmi_mean": 0.00045304163359105587, "ndbi_mean": -0.00045304163359105587}, "geometry": {"type": "Polygon", "coordinates": [[[2.3322182612769407, 48.85347498828565], [2.332206736051532, 48.854374279193976], [2.3335695146644126, 48.854381877002616], [2.3335810163723076, 48.85348258596931], [2.3322182612769407, 48.85347498828565]]]}}, {"type": "Feature", "properties": {"ndvi_mean": 0.2976580858230591, "ndmi_mean": 0.03747682645916939, "ndbi_mean": -0.03747682645916939}, "geometry": {"type": "Polygon", "coordinates": [[[2.3335810163723076, 48.85348258596931], [2.3335695146644126, 48.854381877002616], [2.334932293674307, 48.85438945929072], [2.334943771864667, 48.85349016813269], [2.3335810163723076, 48.85348258596931]]]}}, {"type": "Feature", "properties": {"ndvi_mean": 0.2625976800918579, "ndmi_mean": 0.03285063058137894, "ndbi_mean": -0.03285063058137894}, "geometry": {"type": "Polygon", "coordinates": [[[2.334943771864667, 48.85349016813269], [2.334932293674307, 48.85438945929072], [2.3362950730804015, 48.854397026058315], [2.336306527753207, 48.85349773477581], [2.334943771864667, 48.85349016813269]]]}}, {"type": "Feature", "properties": {"ndvi_mean": 0.3095499873161316, "ndmi_mean": 0.053500156849622726, "ndbi_mean": -0.053500156849622726}, "geometry": {"type": "Polygon", "coordinates": [[[2.284534437249249, 48.85230000454176], [2.284522089350333, 48.85319929164377], [2.285884830039666, 48.85320743253243], [2.285897154422626, 48.8523081452965], [2.284534437249249, 48.85230000454176]]]}}, {"type": "Feature", "properties": {"ndvi_mean": 0.2071710228919983, "ndmi_mean": -0.0533907525241375, "ndbi_mean": 0.0533907525241375}, "geometry": {"type": "Polygon", "coordinates": [[[2.285897154422626, 48.8523081452965], [2.285884830039666, 48.85320743253243], [2.2872475711543974, 48.853215557901066], [2.2872598720213784, 48.852316270531475], [2.285897154422626, 48.8523081452965]]]}}, {"type": "Feature", "properties": {"ndvi_mean": 0.25275078415870667, "ndmi_mean": -0.008267577737569809, "ndbi_mean": 0.008267577737569809}, "geometry": {"type": "Polygon", "coordinates": [[[2.2872598720213784, 48.852316270531475], [2.2872475711543974, 48.853215557901066], [2.2886103126937147, 48.85322366774967], [2.288622590044695, 48.85232438024667], [2.2872598720213784, 48.852316270531475]]]}}, {"type": "Feature", "properties": {"ndvi_mean": 0.34034085273742676, "ndmi_mean": -0.004812110215425491, "ndbi_mean": 0.004812110215425491}, "geometry": {"type": "Polygon", "coordinates": [[[2.288622590044695, 48.85232438024667], [2.2886103126937147, 48.85322366774967], [2.289973054656807, 48.85323176207822], [2.2899853084917647, 48.85233247444208], [2.288622590044695, 48.85232438024667]]]}}, {"type": "Feature", "properties": {"ndvi_mean": 0.18480680882930756, "ndmi_mean": -0.06653320789337158, "ndbi_mean": 0.06653320789337158}, "geometry": {"type": "Polygon", "coordinates": [[[2.2899853084917647, 48.85233247444208], [2.289973054656807, 48.85323176207822], [2.291335797042862, 48.85323984088672], [2.2913480273617752, 48.852340553117706], [2.2899853084917647, 48.85233247444208]]]}}, {"type": "Feature", "properties": {"ndvi_mean": 0.0772705152630806, "ndmi_mean": -0.11022638529539108, "ndbi_mean": 0.11022638529539108}, "geometry": {"type": "Polygon", "coordinates": [[[2.2913480273617752, 48.852340553117706], [2.291335797042862, 48.85323984088672], [2.2926985398510684, 48.85324790417518], [2.2927107466539156, 48.852348616273524], [2.2913480273617752, 48.852340553117706]]]}}, {"type": "Feature", "properties": {"ndvi_mean": 0.3175322413444519, "ndmi_mean": 0.019727246835827827, "ndbi_mean": -0.019727246835827827}, "geometry": {"type": "Polygon", "coordinates": [[[2.2927107466539156, 48.852348616273524], [2.2926985398510684, 48.85324790417518], [2.2940612830806155, 48.853255951943574], [2.294073466367374, 48.85235666390953], [2.2927107466539156, 48.852348616273524]]]}}, {"type": "Feature", "properties": {"ndvi_mean": 0.3262728154659271, "ndmi_mean": 0.039828673005104065, "ndbi_mean": -0.039828673005104065}, "geometry": {"type": "Polygon", "coordinates": [[[2.294073466367374, 48.85235666390953], [2.2940612830806155, 48.853255951943574], [2.2954240267306907, 48.853263984191884], [2.2954361865013397, 48.85236469602573], [2.294073466367374, 48.85235666390953]]]}}, {"type": "Feature", "properties": {"ndvi_mean": 0.22166836261749268, "ndmi_mean": -0.0263227391988039, "ndbi_mean": 0.0263227391988039}, "geometry": {"type": "Polygon", "coordinates": [[[2.2954361865013397, 48.85236469602573], [2.2954240267306907, 48.853263984191884], [2.296786770800483, 48.85327200092012], [2.296798907055, 48.852372712622106], [2.2954361865013397, 48.85236469602573]]]}}, {"type": "Feature", "properties": {"ndvi_mean": 0.20446611940860748, "ndmi_mean": -0.06789454072713852, "ndbi_mean": 0.06789454072713852}, "geometry": {"type": "Polygon", "coordinates": [[[2.296798907055, 48.852372712622106], [2.296786770800483, 48.85327200092012], [2.29814951528918, 48.85328000212828], [2.2981616280275436, 48.852380713698665], [2.296798907055, 48.852372712622106]]]}}, {"type": "Feature", "properties": {"ndvi_mean": 0.22494082152843475, "ndmi_mean": 0.009127678349614143, "ndbi_mean": -0.009127678349614143}, "geometry": {"type": "Polygon", "coordinates": [[[2.2981616280275436, 48.852380713698665], [2.29814951528918, 48.85328000212828], [2.2995122601959705, 48.85328798781636], [2.2995243494181596, 48.85238869925537], [2.2981616280275436, 48.852380713698665]]]}}, {"type": "Feature", "properties": {"ndvi_mean": 0.4314121901988983, "ndmi_mean": 0.09587585180997849, "ndbi_mean": -0.09587585180997849}, "geometry": {"type": "Polygon", "coordinates": [[[2.2995243494181596, 48.85238869925537], [2.2995122601959705, 48.85328798781636], [2.300875005520044, 48.85329595798433], [2.300887071226036, 48.85239666929223], [2.2995243494181596, 48.85238869925537]]]}}, {"type": "Feature", "properties": {"ndvi_mean": 0.2865007221698761, "ndmi_mean": 0.05968345329165459, "ndbi_mean": -0.05968345329165459}, "geometry": {"type": "Polygon", "coordinates": [[[2.300887071226036, 48.85239666929223], [2.300875005520044, 48.85329595798433], [2.302237751260588, 48.8533039126322], [2.3022497934503616, 48.85240462380926], [2.300887071226036, 48.85239666929223]]]}}, {"type": "Feature", "properties": {"ndvi_mean": 0.055686306208372116, "ndmi_mean": -0.10218803584575653, "ndbi_mean": 0.10218803584575653}, "geometry": {"type": "Polygon", "coordinates": [[[2.3022497934503616, 48.85240462380926], [2.302237751260588, 48.8533039126322], [2.30360049741679, 48.853311851759976], [2.3036125160903245, 48.85241256280643], [2.3022497934503616, 48.85240462380926]]]}}, {"type": "Feature", "properties": {"ndvi_mean": 0.20300863683223724, "ndmi_mean": -0.050149522721767426, "ndbi_mean": 0.050149522721767426}, "geometry": {"type": "Polygon", "coordinates": [[[2.3036125160903245, 48.85241256280643], [2.30360049741679, 48.853311851759976], [2.30496324398784, 48.853319775367616], [2.3049752391451133, 48.85242048628374], [2.3036125160903245, 48.85241256280643]]]}}, {"type": "Feature", "properties": {"ndvi_mean": 0.2721032500267029, "ndmi_mean": -0.050483088940382004, "ndbi_mean": 0.050483088940382004}, "geometry": {"type": "Polygon", "coordinates": [[[2.3049752391451133, 48.85242048628374], [2.30496324398784, 48.853319775367616], [2.3063259909729257, 48.85332768345512], [2.3063379626139167, 48.85242839424118], [2.3049752391451133, 48.85242048628374]]]}}, {"type": "Feature", "properties": {"ndvi_mean": 0.1751699298620224, "ndmi_mean": -0.11595834791660309, "ndbi_mean": 0.11595834791660309}, "geometry": {"type": "Polygon", "coordinates": [[[2.3063379626139167, 48.85242839424118], [2.3063259909729257, 48.85332768345512], [2.307688738371236, 48.85333557602251], [2.3077006864959224, 48.85243628667874], [2.3063379626139167, 48.85242839424118]]]}}, {"type": "Feature", "properties": {"ndvi_mean": 0.28071391582489014, "ndmi_mean": -0.025725962594151497, "ndbi_mean": 0.025725962594151497}, "geometry": {"type": "Polygon", "coordinates": [[[2.3077006864959224, 48.85243628667874], [2.307688738371236, 48.85333557602251], [2.3090514861819584, 48.85334345306977], [2.3090634107903196, 48.85244416359642], [2.3077006864959224, 48.85243628667874]]]}}, {"type": "Feature", "properties": {"ndvi_mean": 0.20841073989868164, "ndmi_mean": -0.005814043339341879, "ndbi_mean": 0.005814043339341879}, "geometry": {"type": "Polygon", "coordinates": [[[2.3090634107903196, 48.85244416359642], [2.3090514861819584, 48.85334345306977], [2.310414234404282, 48.85335131459688], [2.3104261354962965, 48.85245202499423], [2.3090634107903196, 48.85244416359642]]]}}, {"type": "Feature", "properties": {"ndvi_mean": 0.3561760187149048, "ndmi_mean": 0.06282560527324677, "ndbi_mean": -0.06282560527324677}, "geometry": {"type": "Polygon", "coordinates": [[[2.3104261354962965, 48.85245202499423], [2.310414234404282, 48.85335131459688], [2.3117769830373947, 48.85335916060384], [2.3117888606130417, 48.85245987087212], [2.3104261354962965, 48.85245202499423]]]}}, {"type": "Feature", "properties": {"ndvi_mean": 0.36852580308914185, "ndmi_mean": 0.07709082961082458, "ndbi_mean": -0.07709082961082458}, "geometry": {"type": "Polygon", "coordinates": [[[2.3117888606130417, 48.85245987087212], [2.3117769830373947, 48.85335916060384], [2.313139732080486, 48.85336699109065], [2.313151586139744, 48.85246770123012], [2.3117888606130417, 48.85245987087212]]]}}, {"type": "Feature", "properties": {"ndvi_mean": 0.2631606459617615, "ndmi_mean": 0.06567692011594772, "ndbi_mean": -0.06567692011594772}, "geometry": {"type": "Polygon", "coordinates": [[[2.313151586139744, 48.85246770123012], [2.313139732080486, 48.85336699109065], [2.314502481532743, 48.85337480605728], [2.3145143120755907, 48.85247551606821], [2.313151586139744, 48.85246770123012]]]}}, {"type": "Feature", "properties": {"ndvi_mean": 0.33476707339286804, "ndmi_mean": 0.08125519007444382, "ndbi_mean": -0.08125519007444382}, "geometry": {"type": "Polygon", "coordinates": [[[2.3145143120755907, 48.85247551606821], [2.314502481532743, 48.85337480605728], [2.3158652313933548, 48.85338260550375], [2.315877038419771, 48.85248331538639], [2.3145143120755907, 48.85247551606821]]]}}, {"type": "Feature", "properties": {"ndvi_mean": 0.3568759262561798, "ndmi_mean": 0.07478700578212738, "ndbi_mean": -0.07478700578212738}, "geometry": {"type": "Polygon", "coordinates": [[[2.315877038419771, 48.85248331538639], [2.3158652313933548, 48.85338260550375], [2.31722798166151, 48.85339038943004], [2.3172397651714736, 48.852491099184626], [2.315877038419771, 48.85248331538639]]]}}, {"type": "Feature", "properties": {"ndvi_mean": 0.14804701507091522, "ndmi_mean": 0.0009785258444026113, "ndbi_mean": -0.0009785258444026113}, "geometry": {"type": "Polygon", "coordinates": [[[2.3172397651714736, 48.852491099184626], [2.31722798166151, 48.85339038943004], [2.3185907323363963, 48.85339815783614], [2.318602492329886, 48.852498867462955], [2.3172397651714736, 48.852491099184626]]]}}, {"type": "Feature", "properties": {"ndvi_mean": 0.2933168113231659, "ndmi_mean": 0.04323086142539978, "ndbi_mean": -0.04323086142539978}, "geometry": {"type": "Polygon", "coordinates": [[[2.318602492329886, 48.852498867462955], [2.3185907323363963, 48.85339815783614], [2.3199534834172026, 48.85340591072205], [2.3199652198941982, 48.85250662022135], [2.318602492329886, 48.852498867462955]]]}}, {"type": "Feature", "properties": {"ndvi_mean": 0.6597482562065125, "ndmi_mean": 0.21648740768432617, "ndbi_mean": -0.21648740768432617}, "geometry": {"type": "Polygon", "coordinates": [[[2.3199652198941982, 48.85250662022135], [2.3199534834172026, 48.85340591072205], [2.3213162349031173, 48.85341364808778], [2.321327947863597, 48.85251435745979], [2.3199652198941982, 48.85250662022135]]]}}, {"type": "Feature", "properties": {"ndvi_mean": 0.6725447177886963, "ndmi_mean": 0.2674441933631897, "ndbi_mean": -0.2674441933631897}, "geometry": {"type": "Polygon", "coordinates": [[[2.321327947863597, 48.85251435745979], [2.3213162349031173, 48.85341364808778], [2.3226789867933286, 48.853421369933294], [2.3226906762372717, 48.85252207917829], [2.321327947863597, 48.85251435745979]]]}}, {"type": "Feature", "properties": {"ndvi_mean": 0.17889997363090515, "ndmi_mean": 0.01649118959903717, "ndbi_mean": -0.01649118959903717}, "geometry": {"type": "Polygon", "coordinates": [[[2.3226906762372717, 48.85252207917829], [2.3226789867933286, 48.853421369933294], [2.324041739087025, 48.85342907625859], [2.324053405014411, 48.85252978537684], [2.3226906762372717, 48.85252207917829]]]}}, {"type": "Feature", "properties": {"ndvi_mean": 0.18503683805465698, "ndmi_mean": 0.020520532503724098, "ndbi_mean": -0.020520532503724098}, "geometry": {"type": "Polygon", "coordinates": [[[2.324053405014411, 48.85252978537684], [2.324041739087025, 48.85342907625859], [2.3254044917833947, 48.853436767063684], [2.325416134194202, 48.85253747605541], [2.324053405014411, 48.85252978537684]]]}}, {"type": "Feature", "properties": {"ndvi_mean": 0.20304203033447266, "ndmi_mean": 0.030832968652248383, "ndbi_mean": -0.030832968652248383}, "geometry": {"type": "Polygon", "coordinates": [[[2.325416134194202, 48.85253747605541], [2.3254044917833947, 48.853436767063684], [2.3267672448816263, 48.85344444234854], [2.3267788637758353, 48.852545151214024], [2.325416134194202, 48.85253747605541]]]}}, {"type": "Feature", "properties": {"ndvi_mean": 0.2457534223794937, "ndmi_mean": 0.019376756623387337, "ndbi_mean": -0.019376756623387337}, "geometry": {"type": "Polygon", "coordinates": [[[2.3267788637758353, 48.852545151214024], [2.3267672448816263, 48.85344444234854], [2.3281299983809087, 48.85345210211318], [2.3281415937584975, 48.852552810852664], [2.3267788637758353, 48.852545151214024]]]}}, {"type": "Feature", "properties": {"ndvi_mean": 0.1601870357990265, "ndmi_mean": -0.04475194960832596, "ndbi_mean": 0.04475194960832596}, "geometry": {"type": "Polygon", "coordinates": [[[2.3281415937584975, 48.852552810852664], [2.3281299983809087, 48.85345210211318], [2.329492752280429, 48.853459746357586], [2.3295043241413773, 48.852560454971325], [2.3281415937584975, 48.852552810852664]]]}}, {"type": "Feature", "properties": {"ndvi_mean": 0.028167517855763435, "ndmi_mean": -0.1275915652513504, "ndbi_mean": 0.1275915652513504}, "geometry": {"type": "Polygon", "coordinates": [[[2.3295043241413773, 48.852560454971325], [2.329492752280429, 48.853459746357586], [2.3308555065793772, 48.853467375081735], [2.3308670549236643, 48.852568083569984], [2.3295043241413773, 48.852560454971325]]]}}, {"type": "Feature", "properties": {"ndvi_mean": 0.07200054824352264, "ndmi_mean": -0.10454011708498001, "ndbi_mean": 0.10454011708498001}, "geometry": {"type": "Polygon", "coordinates": [[[2.3308670549236643, 48.852568083569984], [2.3308555065793772, 48.853467375081735], [2.3322182612769407, 48.85347498828565], [2.332229786104546, 48.852575696648664], [2.3308670549236643, 48.852568083569984]]]}}, {"type": "Feature", "properties": {"ndvi_mean": 0.01442877296358347, "ndmi_mean": -0.07846351712942123, "ndbi_mean": 0.07846351712942123}, "geometry": {"type": "Polygon", "coordinates": [[[2.332229786104546, 48.852575696648664], [2.3322182612769407, 48.85347498828565], [2.3335810163723076, 48.85348258596931], [2.33359251768321, 48.85258329420734], [2.332229786104546, 48.852575696648664]]]}}, {"type": "Feature", "properties": {"ndvi_mean": 0.11045371741056442, "ndmi_mean": -0.060242488980293274, "ndbi_mean": 0.060242488980293274}, "geometry": {"type": "Polygon", "coordinates": [[[2.33359251768321, 48.85258329420734], [2.3335810163723076, 48.85348258596931], [2.334943771864667, 48.85349016813269], [2.3349552496588464, 48.85259087624602], [2.33359251768321, 48.85258329420734]]]}}, {"type": "Feature", "properties": {"ndvi_mean": 0.1680791676044464, "ndmi_mean": -0.03833140805363655, "ndbi_mean": 0.03833140805363655}, "geometry": {"type": "Polygon", "coordinates": [[[2.3349552496588464, 48.85259087624602], [2.334943771864667, 48.85349016813269], [2.336306527753207, 48.85349773477581], [2.336317982030643, 48.852598442764666], [2.3349552496588464, 48.85259087624602]]]}}, {"type": "Feature", "properties": {"ndvi_mean": 0.3964402973651886, "ndmi_mean": 0.03345758095383644, "ndbi_mean": -0.03345758095383644}, "geometry": {"type": "Polygon", "coordinates": [[[2.2845467847219783, 48.85140071671125], [2.284534437249249, 48.85230000454176], [2.285897154422626, 48.8523081452965], [2.2859094783802094, 48.851408857332096], [2.2845467847219783, 48.85140071671125]]]}}, {"type": "Feature", "properties": {"ndvi_mean": 0.25641217827796936, "ndmi_mean": -0.05277552083134651, "ndbi_mean": 0.05277552083134651}, "geometry": {"type": "Polygon", "coordinates": [[[2.2859094783802094, 48.851408857332096], [2.285897154422626, 48.8523081452965], [2.2872598720213784, 48.852316270531475], [2.2872721724637946, 48.85141698243342], [2.2859094783802094, 48.851408857332096]]]}}, {"type": "Feature", "properties": {"ndvi_mean": 0.3200882077217102, "ndmi_mean": -0.007317943498492241, "ndbi_mean": 0.007317943498492241}, "geometry": {"type": "Polygon", "coordinates": [[[2.2872721724637946, 48.85141698243342], [2.2872598720213784, 48.852316270531475], [2.288622590044695, 48.85232438024667], [2.2886348669719228, 48.85142509201522], [2.2872721724637946, 48.85141698243342]]]}}, {"type": "Feature", "properties": {"ndvi_mean": 0.21069647371768951, "ndmi_mean": -0.03349941223859787, "ndbi_mean": 0.03349941223859787}, "geometry": {"type": "Polygon", "coordinates": [[[2.2886348669719228, 48.85142509201522], [2.288622590044695, 48.85232438024667], [2.2899853084917647, 48.85233247444208], [2.289997561903781, 48.851433186077486], [2.2886348669719228, 48.85142509201522]]]}}, {"type": "Feature", "properties": {"ndvi_mean": 0.14081722497940063, "ndmi_mean": -0.07796162366867065, "ndbi_mean": 0.07796162366867065}, "geometry": {"type": "Polygon", "coordinates": [[[2.289997561903781, 48.851433186077486], [2.2899853084917647, 48.85233247444208], [2.2913480273617752, 48.852340553117706], [2.2913602572585585, 48.85144126462021], [2.289997561903781, 48.851433186077486]]]}}, {"type": "Feature", "properties": {"ndvi_mean": 0.09934993088245392, "ndmi_mean": -0.10068246722221375, "ndbi_mean": 0.10068246722221375}, "geometry": {"type": "Polygon", "coordinates": [[[2.2913602572585585, 48.85144126462021], [2.2913480273617752, 48.852340553117706], [2.2927107466539156, 48.852348616273524], [2.2927229530354443, 48.85144932764341], [2.2913602572585585, 48.85144126462021]]]}}, {"type": "Feature", "properties": {"ndvi_mean": 0.30148836970329285, "ndmi_mean": -0.03799842298030853, "ndbi_mean": 0.03799842298030853}, "geometry": {"type": "Polygon", "coordinates": [[[2.2927229530354443, 48.85144932764341], [2.2927107466539156, 48.852348616273524], [2.294073466367374, 48.85235666390953], [2.2940856492336263, 48.851457375147035], [2.2927229530354443, 48.85144932764341]]]}}, {"type": "Feature", "properties": {"ndvi_mean": 0.37786757946014404, "ndmi_mean": 0.07331589609384537, "ndbi_mean": -0.07331589609384537}, "geometry": {"type": "Polygon", "coordinates": [[[2.2940856492336263, 48.851457375147035], [2.294073466367374, 48.85235666390953], [2.2954361865013397, 48.85236469602573], [2.2954483458522934, 48.851465407131116], [2.2940856492336263, 48.851457375147035]]]}}, {"type": "Feature", "properties": {"ndvi_mean": 0.2667608857154846, "ndmi_mean": -0.009570011869072914, "ndbi_mean": 0.009570011869072914}, "geometry": {"type": "Polygon", "coordinates": [[[2.2954483458522934, 48.851465407131116], [2.2954361865013397, 48.85236469602573], [2.296798907055, 48.852372712622106], [2.296811042890633, 48.85147342359562], [2.2954483458522934, 48.851465407131116]]]}}, {"type": "Feature", "properties": {"ndvi_mean": 0.13088764250278473, "ndmi_mean": -0.0857376828789711, "ndbi_mean": 0.0857376828789711}, "geometry": {"type": "Polygon", "coordinates": [[[2.296811042890633, 48.85147342359562], [2.296798907055, 48.852372712622106], [2.2981616280275436, 48.852380713698665], [2.2981737403478353, 48.851481424540566], [2.296811042890633, 48.85147342359562]]]}}, {"type": "Feature", "properties": {"ndvi_mean": 0.21679489314556122, "ndmi_mean": -0.04375474900007248, "ndbi_mean": 0.04375474900007248}, "geometry": {"type": "Polygon", "coordinates": [[[2.2981737403478353, 48.851481424540566], [2.2981616280275436, 48.852380713698665], [2.2995243494181596, 48.85238869925537], [2.299536438223088, 48.85148940996593], [2.2981737403478353, 48.851481424540566]]]}}, {"type": "Feature", "properties": {"ndvi_mean": 0.22103288769721985, "ndmi_mean": -0.007566012907773256, "ndbi_mean": 0.007566012907773256}, "geometry": {"type": "Polygon", "coordinates": [[[2.299536438223088, 48.85148940996593], [2.2995243494181596, 48.85238869925537], [2.300887071226036, 48.85239666929223], [2.300899136515579, 48.85149737987171], [2.299536438223088, 48.85148940996593]]]}}, {"type": "Feature", "properties": {"ndvi_mean": 0.29218098521232605, "ndmi_mean": 0.0505557507276535, "ndbi_mean": -0.0505557507276535}, "geometry": {"type": "Polygon", "coordinates": [[[2.300899136515579, 48.85149737987171], [2.300887071226036, 48.85239666929223], [2.3022497934503616, 48.85240462380926], [2.302261835224498, 48.85150533425787], [2.300899136515579, 48.85149737987171]]]}}, {"type": "Feature", "properties": {"ndvi_mean": 0.1695459932088852, "ndmi_mean": -0.015236123465001583, "ndbi_mean": 0.015236123465001583}, "geometry": {"type": "Polygon", "coordinates": [[[2.302261835224498, 48.85150533425787], [2.3022497934503616, 48.85240462380926], [2.3036125160903245, 48.85241256280643], [2.303624534349033, 48.85151327312446], [2.302261835224498, 48.85150533425787]]]}}, {"type": "Feature", "properties": {"ndvi_mean": 0.23516428470611572, "ndmi_mean": -0.024446915835142136, "ndbi_mean": 0.024446915835142136}, "geometry": {"type": "Polygon", "coordinates": [[[2.303624534349033, 48.85151327312446], [2.3036125160903245, 48.85241256280643], [2.3049752391451133, 48.85242048628374], [2.304987233888372, 48.85152119647144], [2.303624534349033, 48.85151327312446]]]}}, {"type": "Feature", "properties": {"ndvi_mean": 0.22535575926303864, "ndmi_mean": -0.05568687990307808, "ndbi_mean": 0.05568687990307808}, "geometry": {"type": "Polygon", "coordinates": [[[2.304987233888372, 48.85152119647144], [2.3049752391451133, 48.85242048628374], [2.3063379626139167, 48.85242839424118], [2.3063499338417044, 48.851529104298805], [2.304987233888372, 48.85152119647144]]]}}, {"type": "Feature", "properties": {"ndvi_mean": 0.17824788391590118, "ndmi_mean": -0.1361134946346283, "ndbi_mean": 0.1361134946346283}, "geometry": {"type": "Polygon", "coordinates": [[[2.3063499338417044, 48.851529104298805], [2.3063379626139167, 48.85242839424118], [2.3077006864959224, 48.85243628667874], [2.307712634208218, 48.85153699660655], [2.3063499338417044, 48.851529104298805]]]}}, {"type": "Feature", "properties": {"ndvi_mean": 0.15681105852127075, "ndmi_mean": -0.064399853348732, "ndbi_mean": 0.064399853348732}, "geometry": {"type": "Polygon", "coordinates": [[[2.307712634208218, 48.85153699660655], [2.3077006864959224, 48.85243628667874], [2.3090634107903196, 48.85244416359642], [2.309075334987101, 48.85154487339465], [2.307712634208218, 48.85153699660655]]]}}, {"type": "Feature", "properties": {"ndvi_mean": 0.34489691257476807, "ndmi_mean": 0.06736039370298386, "ndbi_mean": -0.06736039370298386}, "geometry": {"type": "Polygon", "coordinates": [[[2.309075334987101, 48.85154487339465], [2.3090634107903196, 48.85244416359642], [2.3104261354962965, 48.85245202499423], [2.310438036177543, 48.851552734663144], [2.309075334987101, 48.85154487339465]]]}}, {"type": "Feature", "properties": {"ndvi_mean": 0.25994259119033813, "ndmi_mean": 0.021843213587999344, "ndbi_mean": -0.021843213587999344}, "geometry": {"type": "Polygon", "coordinates": [[[2.310438036177543, 48.851552734663144], [2.3104261354962965, 48.85245202499423], [2.3117888606130417, 48.85245987087212], [2.311800737778732, 48.851560580411984], [2.310438036177543, 48.851552734663144]]]}}, {"type": "Feature", "properties": {"ndvi_mean": 0.4539650082588196, "ndmi_mean": 0.12324899435043335, "ndbi_mean": -0.12324899435043335}, "geometry": {"type": "Polygon", "coordinates": [[[2.311800737778732, 48.851560580411984], [2.3117888606130417, 48.85245987087212], [2.313151586139744, 48.85246770123012], [2.3131634397898564, 48.85156841064117], [2.311800737778732, 48.851560580411984]]]}}, {"type": "Feature", "properties": {"ndvi_mean": 0.31946125626564026, "ndmi_mean": 0.07117722183465958, "ndbi_mean": -0.07117722183465958}, "geometry": {"type": "Polygon", "coordinates": [[[2.3131634397898564, 48.85156841064117], [2.313151586139744, 48.85246770123012], [2.3145143120755907, 48.85247551606821], [2.3145261422101044, 48.85157622535072], [2.3131634397898564, 48.85156841064117]]]}}, {"type": "Feature", "properties": {"ndvi_mean": 0.3974917531013489, "ndmi_mean": 0.07406336814165115, "ndbi_mean": -0.07406336814165115}, "geometry": {"type": "Polygon", "coordinates": [[[2.3145261422101044, 48.85157622535072], [2.3145143120755907, 48.85247551606821], [2.315877038419771, 48.85248331538639], [2.3158888450386654, 48.8515840245406], [2.3145261422101044, 48.85157622535072]]]}}, {"type": "Feature", "properties": {"ndvi_mean": 0.2235202193260193, "ndmi_mean": -0.010520799085497856, "ndbi_mean": 0.010520799085497856}, "geometry": {"type": "Polygon", "coordinates": [[[2.3158888450386654, 48.8515840245406], [2.315877038419771, 48.85248331538639], [2.3172397651714736, 48.852491099184626], [2.3172515482747267, 48.85159180821081], [2.3158888450386654, 48.8515840245406]]]}}, {"type": "Feature", "properties": {"ndvi_mean": 0.11151617020368576, "ndmi_mean": -0.03837577998638153, "ndbi_mean": 0.03837577998638153}, "geometry": {"type": "Polygon", "coordinates": [[[2.3172515482747267, 48.85159180821081], [2.3172397651714736, 48.852491099184626], [2.318602492329886, 48.852498867462955], [2.3186142519174773, 48.85159957636136], [2.3172515482747267, 48.85159180821081]]]}}, {"type": "Feature", "properties": {"ndvi_mean": 0.2854781448841095, "ndmi_mean": 0.039632245898246765, "ndbi_mean": -0.039632245898246765}, "geometry": {"type": "Polygon", "coordinates": [[[2.3186142519174773, 48.85159957636136], [2.318602492329886, 48.852498867462955], [2.3199652198941982, 48.85250662022135], [2.319976955966106, 48.85160732899221], [2.3186142519174773, 48.85159957636136]]]}}, {"type": "Feature", "properties": {"ndvi_mean": 0.5214881896972656, "ndmi_mean": 0.1695338487625122, "ndbi_mean": -0.1695338487625122}, "geometry": {"type": "Polygon", "coordinates": [[[2.319976955966106, 48.85160732899221], [2.3199652198941982, 48.85250662022135], [2.321327947863597, 48.85251435745979], [2.3213396604198007, 48.85161506610339], [2.319976955966106, 48.85160732899221]]]}}, {"type": "Feature", "properties": {"ndvi_mean": 0.39357584714889526, "ndmi_mean": 0.0846036896109581, "ndbi_mean": -0.0846036896109581}, "geometry": {"type": "Polygon", "coordinates": [[[2.3213396604198007, 48.85161506610339], [2.321327947863597, 48.85251435745979], [2.3226906762372717, 48.85252207917829], [2.3227023652777508, 48.851622787694886], [2.3213396604198007, 48.85161506610339]]]}}, {"type": "Feature", "properties": {"ndvi_mean": 0.13685399293899536, "ndmi_mean": -0.021531812846660614, "ndbi_mean": 0.021531812846660614}, "geometry": {"type": "Polygon", "coordinates": [[[2.3227023652777508, 48.851622787694886], [2.3226906762372717, 48.85252207917829], [2.324053405014411, 48.85252978537684], [2.324065070539144, 48.851630493766656], [2.3227023652777508, 48.851622787694886]]]}}, {"type": "Feature", "properties": {"ndvi_mean": 0.23936781287193298, "ndmi_mean": 0.029799215495586395, "ndbi_mean": -0.029799215495586395}, "geometry": {"type": "Polygon", "coordinates": [[[2.324065070539144, 48.851630493766656], [2.324053405014411, 48.85252978537684], [2.325416134194202, 48.85253747605541], [2.3254277762031688, 48.85163818431874], [2.324065070539144, 48.851630493766656]]]}}, {"type": "Feature", "properties": {"ndvi_mean": 0.14498886466026306, "ndmi_mean": -0.054003261029720306, "ndbi_mean": 0.054003261029720306}, "geometry": {"type": "Polygon", "coordinates": [[[2.3254277762031688, 48.85163818431874], [2.325416134194202, 48.85253747605541], [2.3267788637758353, 48.852545151214024], [2.326790482269014, 48.851645859351095], [2.3254277762031688, 48.85163818431874]]]}}, {"type": "Feature", "properties": {"ndvi_mean": 0.12304892390966415, "ndmi_mean": -0.04639856517314911, "ndbi_mean": 0.04639856517314911}, "geometry": {"type": "Polygon", "coordinates": [[[2.326790482269014, 48.851645859351095], [2.3267788637758353, 48.852545151214024], [2.3281415937584975, 48.852552810852664], [2.328153188735868, 48.851653518863756], [2.326790482269014, 48.851645859351095]]]}}, {"type": "Feature", "properties": {"ndvi_mean": 0.03510168194770813, "ndmi_mean": -0.07861819118261337, "ndbi_mean": 0.07861819118261337}, "geometry": {"type": "Polygon", "coordinates": [[[2.328153188735868, 48.851653518863756], [2.3281415937584975, 48.852552810852664], [2.3295043241413773, 48.852560454971325], [2.3295158956029196, 48.85166116285667], [2.328153188735868, 48.851653518863756]]]}}, {"type": "Feature", "properties": {"ndvi_mean": 0.03810854256153107, "ndmi_mean": -0.126397967338562, "ndbi_mean": 0.126397967338562}, "geometry": {"type": "Polygon", "coordinates": [[[2.3295158956029196, 48.85166116285667], [2.3295043241413773, 48.852560454971325], [2.3308670549236643, 48.852568083569984], [2.330878602869356, 48.851668791329864], [2.3295158956029196, 48.85166116285667]]]}}, {"type": "Feature", "properties": {"ndvi_mean": 0.007223354186862707, "ndmi_mean": -0.0831872820854187, "ndbi_mean": 0.0831872820854187}, "geometry": {"type": "Polygon", "coordinates": [[[2.330878602869356, 48.851668791329864], [2.3308670549236643, 48.852568083569984], [2.332229786104546, 48.852575696648664], [2.3322413105343673, 48.8516764042833], [2.330878602869356, 48.851668791329864]]]}}, {"type": "Feature", "properties": {"ndvi_mean": 0.06700638681650162, "ndmi_mean": -0.06606980413198471, "ndbi_mean": 0.06606980413198471}, "geometry": {"type": "Polygon", "coordinates": [[[2.3322413105343673, 48.8516764042833], [2.332229786104546, 48.852575696648664], [2.33359251768321, 48.85258329420734], [2.333604018597141, 48.85168400171701], [2.3322413105343673, 48.8516764042833]]]}}, {"type": "Feature", "properties": {"ndvi_mean": 0.03736135736107826, "ndmi_mean": -0.151420459151268, "ndbi_mean": 0.151420459151268}, "geometry": {"type": "Polygon", "coordinates": [[[2.333604018597141, 48.85168400171701], [2.33359251768321, 48.85258329420734], [2.3349552496588464, 48.85259087624602], [2.3349667270568655, 48.851691583630966], [2.333604018597141, 48.85168400171701]]]}}, {"type": "Feature", "properties": {"ndvi_mean": 0.11881771683692932, "ndmi_mean": -0.16005703806877136, "ndbi_mean": 0.16005703806877136}, "geometry": {"type": "Polygon", "coordinates": [[[2.3349667270568655, 48.851691583630966], [2.3349552496588464, 48.85259087624602], [2.336317982030643, 48.852598442764666], [2.33632943591273, 48.85169915002515], [2.3349667270568655, 48.851691583630966]]]}}, {"type": "Feature", "properties": {"ndvi_mean": 0.4903671145439148, "ndmi_mean": 0.11890943348407745, "ndbi_mean": -0.11890943348407745}, "geometry": {"type": "Polygon", "coordinates": [[[2.2845591317685416, 48.8505014281525], [2.2845467847219783, 48.85140071671125], [2.2859094783802094, 48.851408857332096], [2.285921801912439, 48.85050956863944], [2.2845591317685416, 48.8505014281525]]]}}, {"type": "Feature", "properties": {"ndvi_mean": 0.3561286926269531, "ndmi_mean": 0.03602926805615425, "ndbi_mean": -0.03602926805615425}, "geometry": {"type": "Polygon", "coordinates": [[[2.285921801912439, 48.85050956863944], [2.2859094783802094, 48.851408857332096], [2.2872721724637946, 48.85141698243342], [2.287284472481669, 48.8505176936071], [2.285921801912439, 48.85050956863944]]]}}, {"type": "Feature", "properties": {"ndvi_mean": 0.23485340178012848, "ndmi_mean": -0.04178309813141823, "ndbi_mean": 0.04178309813141823}, "geometry": {"type": "Polygon", "coordinates": [[[2.287284472481669, 48.8505176936071], [2.2872721724637946, 48.85141698243342], [2.2886348669719228, 48.85142509201522], [2.288647143475419, 48.85052580305551], [2.287284472481669, 48.8505176936071]]]}}, {"type": "Feature", "properties": {"ndvi_mean": 0.16523218154907227, "ndmi_mean": -0.058524589985609055, "ndbi_mean": 0.058524589985609055}, "geometry": {"type": "Polygon", "coordinates": [[[2.288647143475419, 48.85052580305551], [2.2886348669719228, 48.85142509201522], [2.289997561903781, 48.851433186077486], [2.290009814892878, 48.85053389698464], [2.288647143475419, 48.85052580305551]]]}}, {"type": "Feature", "properties": {"ndvi_mean": 0.2228272557258606, "ndmi_mean": -0.045731376856565475, "ndbi_mean": 0.045731376856565475}, "geometry": {"type": "Polygon", "coordinates": [[[2.290009814892878, 48.85053389698464], [2.289997561903781, 48.851433186077486], [2.2913602572585585, 48.85144126462021], [2.291372486733234, 48.85054197539449], [2.290009814892878, 48.85053389698464]]]}}, {"type": "Feature", "properties": {"ndvi_mean": 0.08766742795705795, "ndmi_mean": -0.0582001730799675, "ndbi_mean": 0.0582001730799675}, "geometry": {"type": "Polygon", "coordinates": [[[2.291372486733234, 48.85054197539449], [2.2913602572585585, 48.85144126462021], [2.2927229530354443, 48.85144932764341], [2.2927351589956766, 48.85055003828505], [2.291372486733234, 48.85054197539449]]]}}, {"type": "Feature", "properties": {"ndvi_mean": 0.042780809104442596, "ndmi_mean": -0.07298409193754196, "ndbi_mean": 0.07298409193754196}, "geometry": {"type": "Polygon", "coordinates": [[[2.2927351589956766, 48.85055003828505], [2.2927229530354443, 48.85144932764341], [2.2940856492336263, 48.851457375147035], [2.294097831679393, 48.85055808565632], [2.2927351589956766, 48.85055003828505]]]}}, {"type": "Feature", "properties": {"ndvi_mean": 0.17106765508651733, "ndmi_mean": -0.015102491714060307, "ndbi_mean": 0.015102491714060307}, "geometry": {"type": "Polygon", "coordinates": [[[2.294097831679393, 48.85055808565632], [2.2940856492336263, 48.851457375147035], [2.2954483458522934, 48.851465407131116], [2.2954605047835734, 48.85056611750827], [2.294097831679393, 48.85055808565632]]]}}, {"type": "Feature", "properties": {"ndvi_mean": 0.30036208033561707, "ndmi_mean": -0.00034625231637619436, "ndbi_mean": 0.00034625231637619436}, "geometry": {"type": "Polygon", "coordinates": [[[2.2954605047835734, 48.85056611750827], [2.2954483458522934, 48.851465407131116], [2.296811042890633, 48.85147342359562], [2.2968231783074047, 48.85057413384093], [2.2954605047835734, 48.85056611750827]]]}}, {"type": "Feature", "properties": {"ndvi_mean": 0.20451149344444275, "ndmi_mean": -0.03436405584216118, "ndbi_mean": 0.03436405584216118}, "geometry": {"type": "Polygon", "coordinates": [[[2.2968231783074047, 48.85057413384093], [2.296811042890633, 48.85147342359562], [2.2981737403478353, 48.851481424540566], [2.298185852250077, 48.85058213465426], [2.2968231783074047, 48.85057413384093]]]}}, {"type": "Feature", "properties": {"ndvi_mean": 0.21783964335918427, "ndmi_mean": -0.03484413027763367, "ndbi_mean": 0.03484413027763367}, "geometry": {"type": "Polygon", "coordinates": [[[2.298185852250077, 48.85058213465426], [2.2981737403478353, 48.851481424540566], [2.299536438223088, 48.85148940996593], [2.299548526610777, 48.85059011994826], [2.298185852250077, 48.85058213465426]]]}}, {"type": "Feature", "properties": {"ndvi_mean": 0.16819125413894653, "ndmi_mean": -0.025224078446626663, "ndbi_mean": 0.025224078446626663}, "geometry": {"type": "Polygon", "coordinates": [[[2.299548526610777, 48.85059011994826], [2.299536438223088, 48.85148940996593], [2.300899136515579, 48.85149737987171], [2.300911201388695, 48.850598089722936], [2.299548526610777, 48.85059011994826]]]}}, {"type": "Feature", "properties": {"ndvi_mean": 0.25613945722579956, "ndmi_mean": -0.002098598750308156, "ndbi_mean": 0.002098598750308156}, "geometry": {"type": "Polygon", "coordinates": [[[2.300911201388695, 48.850598089722936], [2.300899136515579, 48.85149737987171], [2.302261835224498, 48.85150533425787], [2.302273876583019, 48.850606043978274], [2.300911201388695, 48.850598089722936]]]}}, {"type": "Feature", "properties": {"ndvi_mean": 0.146466925740242, "ndmi_mean": -0.06247755140066147, "ndbi_mean": 0.06247755140066147}, "geometry": {"type": "Polygon", "coordinates": [[[2.302273876583019, 48.850606043978274], [2.302261835224498, 48.85150533425787], [2.303624534349033, 48.85151327312446], [2.3036365521929367, 48.85061398271428], [2.302273876583019, 48.850606043978274]]]}}, {"type": "Feature", "properties": {"ndvi_mean": 0.16995744407176971, "ndmi_mean": -0.11559326946735382, "ndbi_mean": 0.11559326946735382}, "geometry": {"type": "Polygon", "coordinates": [[[2.3036365521929367, 48.85061398271428], [2.303624534349033, 48.85151327312446], [2.304987233888372, 48.85152119647144], [2.304999228217638, 48.850621905930915], [2.3036365521929367, 48.85061398271428]]]}}, {"type": "Feature", "properties": {"ndvi_mean": 0.1325652301311493, "ndmi_mean": -0.07534906268119812, "ndbi_mean": 0.07534906268119812}, "geometry": {"type": "Polygon", "coordinates": [[[2.304999228217638, 48.850621905930915], [2.304987233888372, 48.85152119647144], [2.3063499338417044, 48.851529104298805], [2.3063619046563106, 48.8506298136282], [2.304999228217638, 48.850621905930915]]]}}, {"type": "Feature", "properties": {"ndvi_mean": 0.21324244141578674, "ndmi_mean": -0.04726701229810715, "ndbi_mean": 0.04726701229810715}, "geometry": {"type": "Polygon", "coordinates": [[[2.3063619046563106, 48.8506298136282], [2.3063499338417044, 48.851529104298805], [2.307712634208218, 48.85153699660655], [2.3077245815081433, 48.85063770580613], [2.3063619046563106, 48.8506298136282]]]}}, {"type": "Feature", "properties": {"ndvi_mean": 0.21935242414474487, "ndmi_mean": -0.02826848439872265, "ndbi_mean": 0.02826848439872265}, "geometry": {"type": "Polygon", "coordinates": [[[2.3077245815081433, 48.85063770580613], [2.307712634208218, 48.85153699660655], [2.309075334987101, 48.85154487339465], [2.309087258772325, 48.85064558246467], [2.3077245815081433, 48.85063770580613]]]}}, {"type": "Feature", "properties": {"ndvi_mean": 0.3411790430545807, "ndmi_mean": 0.10061292350292206, "ndbi_mean": -0.10061292350292206}, "geometry": {"type": "Polygon", "coordinates": [[[2.309087258772325, 48.85064558246467], [2.309075334987101, 48.85154487339465], [2.310438036177543, 48.851552734663144], [2.310449936448043, 48.850653443603846], [2.309087258772325, 48.85064558246467]]]}}, {"type": "Feature", "properties": {"ndvi_mean": 0.3509437143802643, "ndmi_mean": 0.08754373341798782, "ndbi_mean": -0.08754373341798782}, "geometry": {"type": "Polygon", "coordinates": [[[2.310449936448043, 48.850653443603846], [2.310438036177543, 48.851552734663144], [2.311800737778732, 48.851560580411984], [2.311812614534487, 48.850661289223645], [2.310449936448043, 48.850653443603846]]]}}, {"type": "Feature", "properties": {"ndvi_mean": 0.46918749809265137, "ndmi_mean": 0.1532798558473587, "ndbi_mean": -0.1532798558473587}, "geometry": {"type": "Polygon", "coordinates": [[[2.311812614534487, 48.850661289223645], [2.311800737778732, 48.851560580411984], [2.3131634397898564, 48.85156841064117], [2.3131752930308456, 48.85066911932403], [2.311812614534487, 48.850661289223645]]]}}, {"type": "Feature", "properties": {"ndvi_mean": 0.3144112527370453, "ndmi_mean": 0.06023751571774483, "ndbi_mean": -0.06023751571774483}, "geometry": {"type": "Polygon", "coordinates": [[[2.3131752930308456, 48.85066911932403], [2.3131634397898564, 48.85156841064117], [2.3145261422101044, 48.85157622535072], [2.314537971936306, 48.850676933905035], [2.3131752930308456, 48.85066911932403]]]}}, {"type": "Feature", "properties": {"ndvi_mean": 0.34916481375694275, "ndmi_mean": 0.08431350439786911, "ndbi_mean": -0.08431350439786911}, "geometry": {"type": "Polygon", "coordinates": [[[2.314537971936306, 48.850676933905035], [2.3145261422101044, 48.85157622535072], [2.3158888450386654, 48.8515840245406], [2.315900651250058, 48.85068473296662], [2.314537971936306, 48.850676933905035]]]}}, {"type": "Feature", "properties": {"ndvi_mean": 0.20854684710502625, "ndmi_mean": 0.03153799846768379, "ndbi_mean": -0.03153799846768379}, "geometry": {"type": "Polygon", "coordinates": [[[2.315900651250058, 48.85068473296662], [2.3158888450386654, 48.8515840245406], [2.3172515482747267, 48.85159180821081], [2.31726333097129, 48.8506925165088], [2.315900651250058, 48.85068473296662]]]}}, {"type": "Feature", "properties": {"ndvi_mean": 0.217428058385849, "ndmi_mean": -0.033670779317617416, "ndbi_mean": 0.033670779317617416}, "geometry": {"type": "Polygon", "coordinates": [[[2.31726333097129, 48.8506925165088], [2.3172515482747267, 48.85159180821081], [2.3186142519174773, 48.85159957636136], [2.3186260110991905, 48.85070028453157], [2.31726333097129, 48.8506925165088]]]}}, {"type": "Feature", "properties": {"ndvi_mean": 0.22727999091148376, "ndmi_mean": 0.028646579012274742, "ndbi_mean": -0.028646579012274742}, "geometry": {"type": "Polygon", "coordinates": [[[2.3186260110991905, 48.85070028453157], [2.3186142519174773, 48.85159957636136], [2.319976955966106, 48.85160732899221], [2.3199886916329473, 48.850708037034906], [2.3186260110991905, 48.85070028453157]]]}}, {"type": "Feature", "properties": {"ndvi_mean": 0.5541453957557678, "ndmi_mean": 0.1708718240261078, "ndbi_mean": -0.1708718240261078}, "geometry": {"type": "Polygon", "coordinates": [[[2.3199886916329473, 48.850708037034906], [2.319976955966106, 48.85160732899221], [2.3213396604198007, 48.85161506610339], [2.32135137257175, 48.85071577401881], [2.3199886916329473, 48.850708037034906]]]}}, {"type": "Feature", "properties": {"ndvi_mean": 0.4847170114517212, "ndmi_mean": 0.11175700277090073, "ndbi_mean": -0.11175700277090073}, "geometry": {"type": "Polygon", "coordinates": [[[2.32135137257175, 48.85071577401881], [2.3213396604198007, 48.85161506610339], [2.3227023652777508, 48.851622787694886], [2.322714053914787, 48.85072349548328], [2.32135137257175, 48.85071577401881]]]}}, {"type": "Feature", "properties": {"ndvi_mean": 0.07234971225261688, "ndmi_mean": -0.07357930392026901, "ndbi_mean": 0.07357930392026901}, "geometry": {"type": "Polygon", "coordinates": [[[2.322714053914787, 48.85072349548328], [2.3227023652777508, 48.851622787694886], [2.324065070539144, 48.851630493766656], [2.3240767356612455, 48.85073120142831], [2.322714053914787, 48.85072349548328]]]}}, {"type": "Feature", "properties": {"ndvi_mean": 0.1100568100810051, "ndmi_mean": -0.035822708159685135, "ndbi_mean": 0.035822708159685135}, "geometry": {"type": "Polygon", "coordinates": [[[2.3240767356612455, 48.85073120142831], [2.324065070539144, 48.851630493766656], [2.3254277762031688, 48.85163818431874], [2.325439417810315, 48.85073889185387], [2.3240767356612455, 48.85073120142831]]]}}, {"type": "Feature", "properties": {"ndvi_mean": 0.42542797327041626, "ndmi_mean": 0.10184662789106369, "ndbi_mean": -0.10184662789106369}, "geometry": {"type": "Polygon", "coordinates": [[[2.325439417810315, 48.85073889185387], [2.3254277762031688, 48.85163818431874], [2.326790482269014, 48.851645859351095], [2.326802100361184, 48.85074656676001], [2.325439417810315, 48.85073889185387]]]}}, {"type": "Feature", "properties": {"ndvi_mean": 0.1165613904595375, "ndmi_mean": -0.09680886566638947, "ndbi_mean": 0.09680886566638947}, "geometry": {"type": "Polygon", "coordinates": [[[2.326802100361184, 48.85074656676001], [2.326790482269014, 48.851645859351095], [2.328153188735868, 48.851653518863756], [2.3281647833130417, 48.850754226146655], [2.326802100361184, 48.85074656676001]]]}}, {"type": "Feature", "properties": {"ndvi_mean": 0.0954570546746254, "ndmi_mean": -0.08829011768102646, "ndbi_mean": 0.08829011768102646}, "geometry": {"type": "Polygon", "coordinates": [[[2.3281647833130417, 48.850754226146655], [2.328153188735868, 48.851653518863756], [2.3295158956029196, 48.85166116285667], [2.329527466665075, 48.850761870013834], [2.3281647833130417, 48.850754226146655]]]}}, {"type": "Feature", "properties": {"ndvi_mean": 0.1053004190325737, "ndmi_mean": -0.051174603402614594, "ndbi_mean": 0.051174603402614594}, "geometry": {"type": "Polygon", "coordinates": [[[2.329527466665075, 48.850761870013834], [2.3295158956029196, 48.85166116285667], [2.330878602869356, 48.851668791329864], [2.330890150416474, 48.85076949836155], [2.329527466665075, 48.850761870013834]]]}}, {"type": "Feature", "properties": {"ndvi_mean": 0.03829716145992279, "ndmi_mean": -0.07673337310552597, "ndbi_mean": 0.07673337310552597}, "geometry": {"type": "Polygon", "coordinates": [[[2.330890150416474, 48.85076949836155], [2.330878602869356, 48.851668791329864], [2.3322413105343673, 48.8516764042833], [2.332252834566426, 48.85077711118977], [2.330890150416474, 48.85076949836155]]]}}, {"type": "Feature", "properties": {"ndvi_mean": 0.15948744118213654, "ndmi_mean": 0.014359061606228352, "ndbi_mean": -0.014359061606228352}, "geometry": {"type": "Polygon", "coordinates": [[[2.332252834566426, 48.85077711118977], [2.3322413105343673, 48.8516764042833], [2.333604018597141, 48.85168400171701], [2.3336155191141206, 48.850784708498516], [2.332252834566426, 48.85077711118977]]]}}, {"type": "Feature", "properties": {"ndvi_mean": 0.12442798912525177, "ndmi_mean": -0.05395006760954857, "ndbi_mean": 0.05395006760954857}, "geometry": {"type": "Polygon", "coordinates": [[[2.3336155191141206, 48.850784708498516], [2.333604018597141, 48.85168400171701], [2.3349667270568655, 48.851691583630966], [2.3349782040587455, 48.85079229028774], [2.3336155191141206, 48.850784708498516]]]}}, {"type": "Feature", "properties": {"ndvi_mean": 0.04323238134384155, "ndmi_mean": -0.12039031833410263, "ndbi_mean": 0.12039031833410263}, "geometry": {"type": "Polygon", "coordinates": [[[2.3349782040587455, 48.85079229028774], [2.3349667270568655, 48.851691583630966], [2.33632943591273, 48.85169915002515], [2.3363408893994895, 48.85079985655747], [2.3349782040587455, 48.85079229028774]]]}}, {"type": "Feature", "properties": {"ndvi_mean": 0.1631862372159958, "ndmi_mean": -0.09994913637638092, "ndbi_mean": 0.09994913637638092}, "geometry": {"type": "Polygon", "coordinates": [[[2.284571478388962, 48.84960213886571], [2.2845591317685416, 48.8505014281525], [2.285921801912439, 48.85050956863944], [2.2859341250193372, 48.849610279218744], [2.284571478388962, 48.84960213886571]]]}}, {"type": "Feature", "properties": {"ndvi_mean": 0.24253202974796295, "ndmi_mean": -0.04944285750389099, "ndbi_mean": 0.04944285750389099}, "geometry": {"type": "Polygon", "coordinates": [[[2.2859341250193372, 48.849610279218744], [2.285921801912439, 48.85050956863944], [2.287284472481669, 48.8505176936071], [2.287296772075023, 48.849618404052784], [2.2859341250193372, 48.849610279218744]]]}}, {"type": "Feature", "properties": {"ndvi_mean": 0.3157148063182831, "ndmi_mean": -0.006713776383548975, "ndbi_mean": 0.006713776383548975}, "geometry": {"type": "Polygon", "coordinates": [[[2.287296772075023, 48.849618404052784], [2.287284472481669, 48.8505176936071], [2.288647143475419, 48.85052580305551], [2.288659419555207, 48.849626513367795], [2.287296772075023, 48.849618404052784]]]}}, {"type": "Feature", "properties": {"ndvi_mean": 0.1693955957889557, "ndmi_mean": -0.083611860871315, "ndbi_mean": 0.083611860871315}, "geometry": {"type": "Polygon", "coordinates": [[[2.288659419555207, 48.849626513367795], [2.288647143475419, 48.85052580305551], [2.290009814892878, 48.85053389698464], [2.2900220674590774, 48.84963460716379], [2.288659419555207, 48.849626513367795]]]}}, {"type": "Feature", "properties": {"ndvi_mean": 0.21509206295013428, "ndmi_mean": -0.06626910716295242, "ndbi_mean": 0.06626910716295242}, "geometry": {"type": "Polygon", "coordinates": [[[2.2900220674590774, 48.84963460716379], [2.290009814892878, 48.85053389698464], [2.291372486733234, 48.85054197539449], [2.291384715785824, 48.849642685440756], [2.2900220674590774, 48.84963460716379]]]}}, {"type": "Feature", "properties": {"ndvi_mean": 0.11869632452726364, "ndmi_mean": -0.07988697290420532, "ndbi_mean": 0.07988697290420532}, "geometry": {"type": "Polygon", "coordinates": [[[2.291384715785824, 48.849642685440756], [2.291372486733234, 48.85054197539449], [2.2927351589956766, 48.85055003828505], [2.292747364534634, 48.84965074819869], [2.291384715785824, 48.849642685440756]]]}}, {"type": "Feature", "properties": {"ndvi_mean": 0.0706748515367508, "ndmi_mean": -0.08963713049888611, "ndbi_mean": 0.08963713049888611}, "geometry": {"type": "Polygon", "coordinates": [[[2.292747364534634, 48.84965074819869], [2.2927351589956766, 48.85055003828505], [2.294097831679393, 48.85055808565632], [2.2941100137046972, 48.849658795437584], [2.292747364534634, 48.84965074819869]]]}}, {"type": "Feature", "properties": {"ndvi_mean": 0.11962390691041946, "ndmi_mean": -0.048734694719314575, "ndbi_mean": 0.048734694719314575}, "geometry": {"type": "Polygon", "coordinates": [[[2.2941100137046972, 48.849658795437584], [2.294097831679393, 48.85055808565632], [2.2954605047835734, 48.85056611750827], [2.295472663295202, 48.849666827157435], [2.2941100137046972, 48.849658795437584]]]}}, {"type": "Feature", "properties": {"ndvi_mean": 0.08732616156339645, "ndmi_mean": -0.08601509779691696, "ndbi_mean": 0.08601509779691696}, "geometry": {"type": "Polygon", "coordinates": [[[2.295472663295202, 48.849666827157435], [2.2954605047835734, 48.85056611750827], [2.2968231783074047, 48.85057413384093], [2.296835313305336, 48.84967484335821], [2.295472663295202, 48.849666827157435]]]}}, {"type": "Feature", "properties": {"ndvi_mean": 0.12299475818872452, "ndmi_mean": -0.03212641552090645, "ndbi_mean": 0.03212641552090645}, "geometry": {"type": "Polygon", "coordinates": [[[2.296835313305336, 48.84967484335821], [2.2968231783074047, 48.85057413384093], [2.298185852250077, 48.85058213465426], [2.2981979637342893, 48.84968284403993], [2.296835313305336, 48.84967484335821]]]}}, {"type": "Feature", "properties": {"ndvi_mean": 0.17288164794445038, "ndmi_mean": -0.01711377128958702, "ndbi_mean": 0.01711377128958702}, "geometry": {"type": "Polygon", "coordinates": [[[2.2981979637342893, 48.84968284403993], [2.298185852250077, 48.85058213465426], [2.299548526610777, 48.85059011994826], [2.299560614581249, 48.8496908292026], [2.2981979637342893, 48.84968284403993]]]}}, {"type": "Feature", "properties": {"ndvi_mean": 0.1256282478570938, "ndmi_mean": -0.03620177507400513, "ndbi_mean": 0.03620177507400513}, "geometry": {"type": "Polygon", "coordinates": [[[2.299560614581249, 48.8496908292026], [2.299548526610777, 48.85059011994826], [2.300911201388695, 48.850598089722936], [2.300923265845405, 48.84969879884618], [2.299560614581249, 48.8496908292026]]]}}, {"type": "Feature", "properties": {"ndvi_mean": 0.18087610602378845, "ndmi_mean": -0.06572413444519043, "ndbi_mean": 0.06572413444519043}, "geometry": {"type": "Polygon", "coordinates": [[[2.300923265845405, 48.84969879884618], [2.300911201388695, 48.850598089722936], [2.302273876583019, 48.850606043978274], [2.3022859175259454, 48.84970675297068], [2.300923265845405, 48.84969879884618]]]}}, {"type": "Feature", "properties": {"ndvi_mean": 0.31653353571891785, "ndmi_mean": -0.035503264516592026, "ndbi_mean": 0.035503264516592026}, "geometry": {"type": "Polygon", "coordinates": [[[2.3022859175259454, 48.84970675297068], [2.302273876583019, 48.850606043978274], [2.3036365521929367, 48.85061398271428], [2.3036485696220583, 48.84971469157609], [2.3022859175259454, 48.84970675297068]]]}}, {"type": "Feature", "properties": {"ndvi_mean": 0.18127863109111786, "ndmi_mean": -0.148706316947937, "ndbi_mean": 0.148706316947937}, "geometry": {"type": "Polygon", "coordinates": [[[2.3036485696220583, 48.84971469157609], [2.3036365521929367, 48.85061398271428], [2.304999228217638, 48.850621905930915], [2.3050112221329324, 48.849722614662404], [2.3036485696220583, 48.84971469157609]]]}}, {"type": "Feature", "properties": {"ndvi_mean": 0.3259273171424866, "ndmi_mean": -0.015369641594588757, "ndbi_mean": 0.015369641594588757}, "geometry": {"type": "Polygon", "coordinates": [[[2.3050112221329324, 48.849722614662404], [2.304999228217638, 48.850621905930915], [2.3063619046563106, 48.8506298136282], [2.306373875057757, 48.84973052222963], [2.3050112221329324, 48.849722614662404]]]}}, {"type": "Feature", "properties": {"ndvi_mean": 0.32730430364608765, "ndmi_mean": 0.005636678542941809, "ndbi_mean": -0.005636678542941809}, "geometry": {"type": "Polygon", "coordinates": [[[2.306373875057757, 48.84973052222963], [2.3063619046563106, 48.8506298136282], [2.3077245815081433, 48.85063770580613], [2.3077365283957203, 48.849738414277724], [2.306373875057757, 48.84973052222963]]]}}, {"type": "Feature", "properties": {"ndvi_mean": 0.33365172147750854, "ndmi_mean": 0.039559442549943924, "ndbi_mean": -0.039559442549943924}, "geometry": {"type": "Polygon", "coordinates": [[[2.3077365283957203, 48.849738414277724], [2.3077245815081433, 48.85063770580613], [2.309087258772325, 48.85064558246467], [2.309099182146011, 48.84974629080672], [2.3077365283957203, 48.849738414277724]]]}}, {"type": "Feature", "properties": {"ndvi_mean": 0.27154049277305603, "ndmi_mean": 0.036773379892110825, "ndbi_mean": -0.036773379892110825}, "geometry": {"type": "Polygon", "coordinates": [[[2.309099182146011, 48.84974629080672], [2.309087258772325, 48.85064558246467], [2.310449936448043, 48.850653443603846], [2.310461836307817, 48.849754151816576], [2.309099182146011, 48.84974629080672]]]}}, {"type": "Feature", "properties": {"ndvi_mean": 0.3384798765182495, "ndmi_mean": 0.10050072520971298, "ndbi_mean": -0.10050072520971298}, "geometry": {"type": "Polygon", "coordinates": [[[2.310461836307817, 48.849754151816576], [2.310449936448043, 48.850653443603846], [2.311812614534487, 48.850661289223645], [2.3118244908803276, 48.84976199730731], [2.310461836307817, 48.849754151816576]]]}}, {"type": "Feature", "properties": {"ndvi_mean": 0.44968098402023315, "ndmi_mean": 0.1494445949792862, "ndbi_mean": -0.1494445949792862}, "geometry": {"type": "Polygon", "coordinates": [[[2.3118244908803276, 48.84976199730731], [2.311812614534487, 48.850661289223645], [2.3131752930308456, 48.85066911932403], [2.3131871458627313, 48.84976982727891], [2.3118244908803276, 48.84976199730731]]]}}, {"type": "Feature", "properties": {"ndvi_mean": 0.30072709918022156, "ndmi_mean": 0.08282770216464996, "ndbi_mean": -0.08282770216464996}, "geometry": {"type": "Polygon", "coordinates": [[[2.3131871458627313, 48.84976982727891], [2.3131752930308456, 48.85066911932403], [2.314537971936306, 48.850676933905035], [2.3145498012542163, 48.849777641731364], [2.3131871458627313, 48.84976982727891]]]}}, {"type": "Feature", "properties": {"ndvi_mean": 0.49532660841941833, "ndmi_mean": 0.15752191841602325, "ndbi_mean": -0.15752191841602325}, "geometry": {"type": "Polygon", "coordinates": [[[2.3145498012542163, 48.849777641731364], [2.314537971936306, 48.850676933905035], [2.315900651250058, 48.85068473296662], [2.3159124570539715, 48.849785440664675], [2.3145498012542163, 48.849777641731364]]]}}, {"type": "Feature", "properties": {"ndvi_mean": 0.10196501761674881, "ndmi_mean": -0.04095840826630592, "ndbi_mean": 0.04095840826630592}, "geometry": {"type": "Polygon", "coordinates": [[[2.3159124570539715, 48.849785440664675], [2.315900651250058, 48.85068473296662], [2.31726333097129, 48.8506925165088], [2.3172751132611857, 48.84979322407883], [2.3159124570539715, 48.849785440664675]]]}}, {"type": "Feature", "properties": {"ndvi_mean": 0.1169392392039299, "ndmi_mean": -0.05453859269618988, "ndbi_mean": 0.05453859269618988}, "geometry": {"type": "Polygon", "coordinates": [[[2.3172751132611857, 48.84979322407883], [2.31726333097129, 48.8506925165088], [2.3186260110991905, 48.85070028453157], [2.318637769875046, 48.849800991973815], [2.3172751132611857, 48.84979322407883]]]}}, {"type": "Feature", "properties": {"ndvi_mean": 0.14207042753696442, "ndmi_mean": -0.026505762711167336, "ndbi_mean": 0.026505762711167336}, "geometry": {"type": "Polygon", "coordinates": [[[2.318637769875046, 48.849800991973815], [2.3186260110991905, 48.85070028453157], [2.3199886916329473, 48.850708037034906], [2.320000426894744, 48.84980874434962], [2.318637769875046, 48.849800991973815]]]}}, {"type": "Feature", "properties": {"ndvi_mean": 0.45550036430358887, "ndmi_mean": 0.07381140440702438, "ndbi_mean": -0.07381140440702438}, "geometry": {"type": "Polygon", "coordinates": [[[2.320000426894744, 48.84980874434962], [2.3199886916329473, 48.850708037034906], [2.32135137257175, 48.85071577401881], [2.321363084319465, 48.84981648120627], [2.320000426894744, 48.84980874434962]]]}}, {"type": "Feature", "properties": {"ndvi_mean": 0.43255355954170227, "ndmi_mean": 0.017832737416028976, "ndbi_mean": -0.017832737416028976}, "geometry": {"type": "Polygon", "coordinates": [[[2.321363084319465, 48.84981648120627], [2.32135137257175, 48.85071577401881], [2.322714053914787, 48.85072349548328], [2.3227257421483993, 48.84982420254374], [2.321363084319465, 48.84981648120627]]]}}, {"type": "Feature", "properties": {"ndvi_mean": 0.17751555144786835, "ndmi_mean": -0.048024896532297134, "ndbi_mean": 0.048024896532297134}, "geometry": {"type": "Polygon", "coordinates": [[[2.3227257421483993, 48.84982420254374], [2.322714053914787, 48.85072349548328], [2.3240767356612455, 48.85073120142831], [2.3240884003807354, 48.849831908362006], [2.3227257421483993, 48.84982420254374]]]}}, {"type": "Feature", "properties": {"ndvi_mean": 0.04189162328839302, "ndmi_mean": -0.11887680739164352, "ndbi_mean": 0.11887680739164352}, "geometry": {"type": "Polygon", "coordinates": [[[2.3240884003807354, 48.849831908362006], [2.3240767356612455, 48.85073120142831], [2.325439417810315, 48.85073889185387], [2.325451059015662, 48.849839598661084], [2.3240884003807354, 48.849831908362006]]]}}, {"type": "Feature", "properties": {"ndvi_mean": 0.16316333413124084, "ndmi_mean": -0.11907587945461273, "ndbi_mean": 0.11907587945461273}, "geometry": {"type": "Polygon", "coordinates": [[[2.325451059015662, 48.849839598661084], [2.325439417810315, 48.85073889185387], [2.326802100361184, 48.85074656676001], [2.326813718052366, 48.849847273440965], [2.325451059015662, 48.849839598661084]]]}}, {"type": "Feature", "properties": {"ndvi_mean": 0.20790190994739532, "ndmi_mean": -0.05748127028346062, "ndbi_mean": 0.05748127028346062}, "geometry": {"type": "Polygon", "coordinates": [[[2.326813718052366, 48.849847273440965], [2.326802100361184, 48.85074656676001], [2.3281647833130417, 48.850754226146655], [2.3281763774900384, 48.84985493270161], [2.326813718052366, 48.849847273440965]]]}}, {"type": "Feature", "properties": {"ndvi_mean": 0.20527157187461853, "ndmi_mean": 0.031760074198246, "ndbi_mean": -0.031760074198246}, "geometry": {"type": "Polygon", "coordinates": [[[2.3281763774900384, 48.84985493270161], [2.3281647833130417, 48.850754226146655], [2.329527466665075, 48.850761870013834], [2.329539037327866, 48.84986257644308], [2.3281763774900384, 48.84985493270161]]]}}, {"type": "Feature", "properties": {"ndvi_mean": 0.0708518922328949, "ndmi_mean": -0.022813705727458, "ndbi_mean": 0.022813705727458}, "geometry": {"type": "Polygon", "coordinates": [[[2.329539037327866, 48.84986257644308], [2.329527466665075, 48.850761870013834], [2.330890150416474, 48.85076949836155], [2.330901697565038, 48.84987020466529], [2.329539037327866, 48.84986257644308]]]}}, {"type": "Feature", "properties": {"ndvi_mean": 0.03421785682439804, "ndmi_mean": -0.06458485871553421, "ndbi_mean": 0.06458485871553421}, "geometry": {"type": "Polygon", "coordinates": [[[2.330901697565038, 48.84987020466529], [2.330890150416474, 48.85076949836155], [2.332252834566426, 48.85077711118977], [2.332264358200743, 48.8498778173683], [2.330901697565038, 48.84987020466529]]]}}, {"type": "Feature", "properties": {"ndvi_mean": 0.2132636457681656, "ndmi_mean": 0.004129105247557163, "ndbi_mean": -0.004129105247557163}, "geometry": {"type": "Polygon", "coordinates": [[[2.332264358200743, 48.8498778173683], [2.332252834566426, 48.85077711118977], [2.3336155191141206, 48.850784708498516], [2.3336270192341697, 48.84988541455207], [2.332264358200743, 48.8498778173683]]]}}, {"type": "Feature", "properties": {"ndvi_mean": 0.15867926180362701, "ndmi_mean": -0.01801617071032524, "ndbi_mean": 0.01801617071032524}, "geometry": {"type": "Polygon", "coordinates": [[[2.3336270192341697, 48.84988541455207], [2.3336155191141206, 48.850784708498516], [2.3349782040587455, 48.85079229028774], [2.3349896806645063, 48.84989299621659], [2.3336270192341697, 48.84988541455207]]]}}, {"type": "Feature", "properties": {"ndvi_mean": 0.11303672939538956, "ndmi_mean": -0.034345127642154694, "ndbi_mean": 0.034345127642154694}, "geometry": {"type": "Polygon", "coordinates": [[[2.3349896806645063, 48.84989299621659], [2.3349782040587455, 48.85079229028774], [2.3363408893994895, 48.85079985655747], [2.3363523424909416, 48.84990056236186], [2.3349896806645063, 48.84989299621659]]]}}, {"type": "Feature", "properties": {"ndvi_mean": 0.22949714958667755, "ndmi_mean": -0.10118450224399567, "ndbi_mean": 0.10118450224399567}, "geometry": {"type": "Polygon", "coordinates": [[[2.284583824583261, 48.84870284885115], [2.284571478388962, 48.84960213886571], [2.2859341250193372, 48.849610279218744], [2.285946447700926, 48.84871098907028], [2.284583824583261, 48.84870284885115]]]}}, {"type": "Feature", "properties": {"ndvi_mean": 0.29666829109191895, "ndmi_mean": 0.03145502135157585, "ndbi_mean": -0.03145502135157585}, "geometry": {"type": "Polygon", "coordinates": [[[2.285946447700926, 48.84871098907028], [2.2859341250193372, 48.849610279218744], [2.287296772075023, 48.849618404052784], [2.287309071243879, 48.84871911377067], [2.285946447700926, 48.84871098907028]]]}}, {"type": "Feature", "properties": {"ndvi_mean": 0.3151881694793701, "ndmi_mean": 0.05311395972967148, "ndbi_mean": -0.05311395972967148}, "geometry": {"type": "Polygon", "coordinates": [[[2.287309071243879, 48.84871911377067], [2.287296772075023, 48.849618404052784], [2.288659419555207, 48.849626513367795], [2.2886716952113075, 48.848727222952284], [2.287309071243879, 48.84871911377067]]]}}, {"type": "Feature", "properties": {"ndvi_mean": 0.16203942894935608, "ndmi_mean": -0.04583398997783661, "ndbi_mean": 0.04583398997783661}, "geometry": {"type": "Polygon", "coordinates": [[[2.2886716952113075, 48.848727222952284], [2.288659419555207, 48.849626513367795], [2.2900220674590774, 48.84963460716379], [2.290034319602402, 48.848735316615155], [2.2886716952113075, 48.848727222952284]]]}}, {"type": "Feature", "properties": {"ndvi_mean": 0.15843163430690765, "ndmi_mean": -0.10901463776826859, "ndbi_mean": 0.10901463776826859}, "geometry": {"type": "Polygon", "coordinates": [[[2.290034319602402, 48.848735316615155], [2.2900220674590774, 48.84963460716379], [2.291384715785824, 48.849642685440756], [2.291396944416349, 48.84874339475925], [2.290034319602402, 48.848735316615155]]]}}, {"type": "Feature", "properties": {"ndvi_mean": 0.23824098706245422, "ndmi_mean": -0.0432545505464077, "ndbi_mean": 0.0432545505464077}, "geometry": {"type": "Polygon", "coordinates": [[[2.291396944416349, 48.84874339475925], [2.291384715785824, 48.849642685440756], [2.292747364534634, 48.84965074819869], [2.292759569652339, 48.848751457384544], [2.291396944416349, 48.84874339475925]]]}}, {"type": "Feature", "properties": {"ndvi_mean": 0.18225975334644318, "ndmi_mean": -0.056492432951927185, "ndbi_mean": 0.056492432951927185}, "geometry": {"type": "Polygon", "coordinates": [[[2.292759569652339, 48.848751457384544], [2.292747364534634, 48.84965074819869], [2.2941100137046972, 48.849658795437584], [2.29412219530956, 48.84875950449108], [2.292759569652339, 48.848751457384544]]]}}, {"type": "Feature", "properties": {"ndvi_mean": 0.10984960198402405, "ndmi_mean": -0.09843217581510544, "ndbi_mean": 0.09843217581510544}, "geometry": {"type": "Polygon", "coordinates": [[[2.29412219530956, 48.84875950449108], [2.2941100137046972, 48.849658795437584], [2.295472663295202, 48.849666827157435], [2.2954848213872006, 48.84876753607881], [2.29412219530956, 48.84875950449108]]]}}, {"type": "Feature", "properties": {"ndvi_mean": 0.14955419301986694, "ndmi_mean": -0.060155101120471954, "ndbi_mean": 0.060155101120471954}, "geometry": {"type": "Polygon", "coordinates": [[[2.2954848213872006, 48.84876753607881], [2.295472663295202, 48.849666827157435], [2.296835313305336, 48.84967484335821], [2.296847447884449, 48.848775552147735], [2.2954848213872006, 48.84876753607881]]]}}, {"type": "Feature", "properties": {"ndvi_mean": 0.09880770742893219, "ndmi_mean": -0.04176529869437218, "ndbi_mean": 0.04176529869437218}, "geometry": {"type": "Polygon", "coordinates": [[[2.296847447884449, 48.848775552147735], [2.296835313305336, 48.84967484335821], [2.2981979637342893, 48.84968284403993], [2.2982100748004948, 48.84878355269787], [2.296847447884449, 48.848775552147735]]]}}, {"type": "Feature", "properties": {"ndvi_mean": 0.20614326000213623, "ndmi_mean": -0.014880944043397903, "ndbi_mean": 0.014880944043397903}, "geometry": {"type": "Polygon", "coordinates": [[[2.2982100748004948, 48.84878355269787], [2.2981979637342893, 48.84968284403993], [2.299560614581249, 48.8496908292026], [2.2995727021345256, 48.84879153772917], [2.2982100748004948, 48.84878355269787]]]}}, {"type": "Feature", "properties": {"ndvi_mean": 0.15934176743030548, "ndmi_mean": -0.04893483594059944, "ndbi_mean": 0.04893483594059944}, "geometry": {"type": "Polygon", "coordinates": [[[2.2995727021345256, 48.84879153772917], [2.299560614581249, 48.8496908292026], [2.300923265845405, 48.84969879884618], [2.3009353298857307, 48.848799507241665], [2.2995727021345256, 48.84879153772917]]]}}, {"type": "Feature", "properties": {"ndvi_mean": 0.15471741557121277, "ndmi_mean": -0.08327941596508026, "ndbi_mean": 0.08327941596508026}, "geometry": {"type": "Polygon", "coordinates": [[[2.3009353298857307, 48.848799507241665], [2.300923265845405, 48.84969879884618], [2.3022859175259454, 48.84970675297068], [2.3022979580532987, 48.848807461235324], [2.3009353298857307, 48.848799507241665]]]}}, {"type": "Feature", "properties": {"ndvi_mean": 0.28567415475845337, "ndmi_mean": 0.015259469859302044, "ndbi_mean": -0.015259469859302044}, "geometry": {"type": "Polygon", "coordinates": [[[2.3022979580532987, 48.848807461235324], [2.3022859175259454, 48.84970675297068], [2.3036485696220583, 48.84971469157609], [2.3036605866364175, 48.84881539971016], [2.3022979580532987, 48.848807461235324]]]}}, {"type": "Feature", "properties": {"ndvi_mean": 0.4017348885536194, "ndmi_mean": 0.04560225456953049, "ndbi_mean": -0.04560225456953049}, "geometry": {"type": "Polygon", "coordinates": [[[2.3036605866364175, 48.84881539971016], [2.3036485696220583, 48.84971469157609], [2.3050112221329324, 48.849722614662404], [2.305023215634277, 48.84882332266615], [2.3036605866364175, 48.84881539971016]]]}}, {"type": "Feature", "properties": {"ndvi_mean": 0.26227736473083496, "ndmi_mean": -0.07266634702682495, "ndbi_mean": 0.07266634702682495}, "geometry": {"type": "Polygon", "coordinates": [[[2.305023215634277, 48.84882332266615], [2.3050112221329324, 48.849722614662404], [2.306373875057757, 48.84973052222963], [2.306385845046065, 48.848831230103286], [2.305023215634277, 48.84882332266615]]]}}, {"type": "Feature", "properties": {"ndvi_mean": 0.4304688274860382, "ndmi_mean": 0.049572039395570755, "ndbi_mean": -0.049572039395570755}, "geometry": {"type": "Polygon", "coordinates": [[[2.306385845046065, 48.848831230103286], [2.306373875057757, 48.84973052222963], [2.3077365283957203, 48.849738414277724], [2.30774847487097, 48.84883912202157], [2.306385845046065, 48.848831230103286]]]}}, {"type": "Feature", "properties": {"ndvi_mean": 0.38406121730804443, "ndmi_mean": 0.07972261309623718, "ndbi_mean": -0.07972261309623718}, "geometry": {"type": "Polygon", "coordinates": [[[2.30774847487097, 48.84883912202157], [2.3077365283957203, 48.849738414277724], [2.309099182146011, 48.84974629080672], [2.309111105108181, 48.848846998420996], [2.30774847487097, 48.84883912202157]]]}}, {"type": "Feature", "properties": {"ndvi_mean": 0.38219234347343445, "ndmi_mean": 0.05008775740861893, "ndbi_mean": -0.05008775740861893}, "geometry": {"type": "Polygon", "coordinates": [[[2.309111105108181, 48.848846998420996], [2.309099182146011, 48.84974629080672], [2.310461836307817, 48.849754151816576], [2.310473735756886, 48.84885485930157], [2.309111105108181, 48.848846998420996]]]}}, {"type": "Feature", "properties": {"ndvi_mean": 0.4449290335178375, "ndmi_mean": 0.15213248133659363, "ndbi_mean": -0.15213248133659363}, "geometry": {"type": "Polygon", "coordinates": [[[2.310473735756886, 48.84885485930157], [2.310461836307817, 48.849754151816576], [2.3118244908803276, 48.84976199730731], [2.3118363668162756, 48.84886270466325], [2.310473735756886, 48.84885485930157]]]}}, {"type": "Feature", "properties": {"ndvi_mean": 0.3719896376132965, "ndmi_mean": 0.10909710079431534, "ndbi_mean": -0.10909710079431534}, "geometry": {"type": "Polygon", "coordinates": [[[2.3118363668162756, 48.84886270466325], [2.3118244908803276, 48.84976199730731], [2.3131871458627313, 48.84976982727891], [2.3131989982855354, 48.84887053450605], [2.3118363668162756, 48.84886270466325]]]}}, {"type": "Feature", "properties": {"ndvi_mean": 0.2986114025115967, "ndmi_mean": 0.03441197797656059, "ndbi_mean": -0.03441197797656059}, "geometry": {"type": "Polygon", "coordinates": [[[2.3131989982855354, 48.84887053450605], [2.3131871458627313, 48.84976982727891], [2.3145498012542163, 48.849777641731364], [2.3145616301638565, 48.84887834882997], [2.3131989982855354, 48.84887053450605]]]}}, {"type": "Feature", "properties": {"ndvi_mean": 0.30813920497894287, "ndmi_mean": 0.08381388336420059, "ndbi_mean": -0.08381388336420059}, "geometry": {"type": "Polygon", "coordinates": [[[2.3145616301638565, 48.84887834882997], [2.3145498012542163, 48.849777641731364], [2.3159124570539715, 48.849785440664675], [2.315924262450426, 48.848886147634985], [2.3145616301638565, 48.84887834882997]]]}}, {"type": "Feature", "properties": {"ndvi_mean": 0.24166202545166016, "ndmi_mean": 0.05358803644776344, "ndbi_mean": -0.05358803644776344}, "geometry": {"type": "Polygon", "coordinates": [[[2.315924262450426, 48.848886147634985], [2.3159124570539715, 48.849785440664675], [2.3172751132611857, 48.84979322407883], [2.3172868951444334, 48.848893930921115], [2.315924262450426, 48.848886147634985]]]}}, {"type": "Feature", "properties": {"ndvi_mean": 0.23974977433681488, "ndmi_mean": 0.0350310355424881, "ndbi_mean": -0.0350310355424881}, "geometry": {"type": "Polygon", "coordinates": [[[2.3172868951444334, 48.848893930921115], [2.3172751132611857, 48.84979322407883], [2.318637769875046, 48.849800991973815], [2.318649528245067, 48.84890169868834], [2.3172868951444334, 48.848893930921115]]]}}, {"type": "Feature", "properties": {"ndvi_mean": 0.08236358314752579, "ndmi_mean": -0.039722755551338196, "ndbi_mean": 0.039722755551338196}, "geometry": {"type": "Polygon", "coordinates": [[[2.318649528245067, 48.84890169868834], [2.318637769875046, 48.849800991973815], [2.320000426894744, 48.84980874434962], [2.3200121617515155, 48.84890945093662], [2.318649528245067, 48.84890169868834]]]}}, {"type": "Feature", "properties": {"ndvi_mean": 0.3214265704154968, "ndmi_mean": -0.0020900042727589607, "ndbi_mean": 0.0020900042727589607}, "geometry": {"type": "Polygon", "coordinates": [[[2.3200121617515155, 48.84890945093662], [2.320000426894744, 48.84980874434962], [2.321363084319465, 48.84981648120627], [2.321374795662967, 48.84891718766601], [2.3200121617515155, 48.84890945093662]]]}}, {"type": "Feature", "properties": {"ndvi_mean": 0.19046035408973694, "ndmi_mean": -0.08813928812742233, "ndbi_mean": 0.08813928812742233}, "geometry": {"type": "Polygon", "coordinates": [[[2.321374795662967, 48.84891718766601], [2.321363084319465, 48.84981648120627], [2.3227257421483993, 48.84982420254374], [2.322737429978611, 48.84892490887646], [2.321374795662967, 48.84891718766601]]]}}, {"type": "Feature", "properties": {"ndvi_mean": 0.11129273474216461, "ndmi_mean": -0.042154282331466675, "ndbi_mean": 0.042154282331466675}, "geometry": {"type": "Polygon", "coordinates": [[[2.322737429978611, 48.84892490887646], [2.3227257421483993, 48.84982420254374], [2.3240884003807354, 48.849831908362006], [2.3241000646976357, 48.84893261456798], [2.322737429978611, 48.84892490887646]]]}}, {"type": "Feature", "properties": {"ndvi_mean": 0.10060987621545792, "ndmi_mean": -0.05971734970808029, "ndbi_mean": 0.05971734970808029}, "geometry": {"type": "Polygon", "coordinates": [[[2.3241000646976357, 48.84893261456798], [2.3240884003807354, 48.849831908362006], [2.325451059015662, 48.849839598661084], [2.3254626998192296, 48.84894030474056], [2.3241000646976357, 48.84893261456798]]]}}, {"type": "Feature", "properties": {"ndvi_mean": 0.10496411472558975, "ndmi_mean": -0.1047053337097168, "ndbi_mean": 0.1047053337097168}, "geometry": {"type": "Polygon", "coordinates": [[[2.3254626998192296, 48.84894030474056], [2.325451059015662, 48.849839598661084], [2.326813718052366, 48.849847273440965], [2.3268253353425816, 48.84894797939419], [2.3254626998192296, 48.84894030474056]]]}}, {"type": "Feature", "properties": {"ndvi_mean": 0.2147594392299652, "ndmi_mean": -0.01908942498266697, "ndbi_mean": 0.01908942498266697}, "geometry": {"type": "Polygon", "coordinates": [[[2.3268253353425816, 48.84894797939419], [2.326813718052366, 48.849847273440965], [2.3281763774900384, 48.84985493270161], [2.3281879712668796, 48.84895563852887], [2.3268253353425816, 48.84894797939419]]]}}, {"type": "Feature", "properties": {"ndvi_mean": 0.025762641802430153, "ndmi_mean": -0.07274548709392548, "ndbi_mean": 0.07274548709392548}, "geometry": {"type": "Polygon", "coordinates": [[[2.3281879712668796, 48.84895563852887], [2.3281763774900384, 48.84985493270161], [2.329539037327866, 48.84986257644308], [2.3295506075913126, 48.84896328214459], [2.3281879712668796, 48.84895563852887]]]}}, {"type": "Feature", "properties": {"ndvi_mean": 0.35788771510124207, "ndmi_mean": 0.10086774080991745, "ndbi_mean": -0.10086774080991745}, "geometry": {"type": "Polygon", "coordinates": [[[2.3295506075913126, 48.84896328214459], [2.329539037327866, 48.84986257644308], [2.330901697565038, 48.84987020466529], [2.3309132443150693, 48.84897091024134], [2.3295506075913126, 48.84896328214459]]]}}, {"type": "Feature", "properties": {"ndvi_mean": 0.07790359854698181, "ndmi_mean": -0.06211663782596588, "ndbi_mean": 0.06211663782596588}, "geometry": {"type": "Polygon", "coordinates": [[[2.3309132443150693, 48.84897091024134], [2.330901697565038, 48.84987020466529], [2.332264358200743, 48.8498778173683], [2.3322758814373388, 48.84897852281912], [2.3309132443150693, 48.84897091024134]]]}}, {"type": "Feature", "properties": {"ndvi_mean": 0.17688818275928497, "ndmi_mean": 0.0001762924948707223, "ndbi_mean": -0.0001762924948707223}, "geometry": {"type": "Polygon", "coordinates": [[[2.3322758814373388, 48.84897852281912], [2.332264358200743, 48.8498778173683], [2.3336270192341697, 48.84988541455207], [2.333638518957309, 48.84898611987793], [2.3322758814373388, 48.84897852281912]]]}}, {"type": "Feature", "properties": {"ndvi_mean": 0.13891996443271637, "ndmi_mean": -0.04554387554526329, "ndbi_mean": 0.04554387554526329}, "geometry": {"type": "Polygon", "coordinates": [[[2.333638518957309, 48.84898611987793], [2.3336270192341697, 48.84988541455207], [2.3349896806645063, 48.84989299621659], [2.3350011568741684, 48.84899370141772], [2.333638518957309, 48.84898611987793]]]}}, {"type": "Feature", "properties": {"ndvi_mean": 0.15396025776863098, "ndmi_mean": -0.09699614346027374, "ndbi_mean": 0.09699614346027374}, "geometry": {"type": "Polygon", "coordinates": [[[2.3350011568741684, 48.84899370141772], [2.3349896806645063, 48.84989299621659], [2.3363523424909416, 48.84990056236186], [2.336363795187106, 48.849001267438545], [2.3350011568741684, 48.84899370141772]]]}}, {"type": "Feature", "properties": {"ndvi_mean": 0.3030620515346527, "ndmi_mean": -0.019393006339669228, "ndbi_mean": 0.019393006339669228}, "geometry": {"type": "Polygon", "coordinates": [[[2.284596170351461, 48.84780355810901], [2.284583824583261, 48.84870284885115], [2.285946447700926, 48.84871098907028], [2.285958769957227, 48.84781169819424], [2.284596170351461, 48.84780355810901]]]}}, {"type": "Feature", "properties": {"ndvi_mean": 0.2571227550506592, "ndmi_mean": -0.029174532741308212, "ndbi_mean": 0.029174532741308212}, "geometry": {"type": "Polygon", "coordinates": [[[2.285958769957227, 48.84781169819424], [2.285946447700926, 48.84871098907028], [2.287309071243879, 48.84871911377067], [2.2873213699882577, 48.84781982276098], [2.285958769957227, 48.84781169819424]]]}}, {"type": "Feature", "properties": {"ndvi_mean": 0.20330627262592316, "ndmi_mean": -0.04066413268446922, "ndbi_mean": 0.04066413268446922}, "geometry": {"type": "Polygon", "coordinates": [[[2.2873213699882577, 48.84781982276098], [2.287309071243879, 48.84871911377067], [2.2886716952113075, 48.848727222952284], [2.2886839704437434, 48.84782793180923], [2.2873213699882577, 48.84781982276098]]]}}, {"type": "Feature", "properties": {"ndvi_mean": 0.2083989977836609, "ndmi_mean": -0.02659735456109047, "ndbi_mean": 0.02659735456109047}, "geometry": {"type": "Polygon", "coordinates": [[[2.2886839704437434, 48.84782793180923], [2.2886716952113075, 48.848727222952284], [2.290034319602402, 48.848735316615155], [2.290046571322872, 48.84783602533895], [2.2886839704437434, 48.84782793180923]]]}}, {"type": "Feature", "properties": {"ndvi_mean": 0.1584235429763794, "ndmi_mean": -0.1030140370130539, "ndbi_mean": 0.1030140370130539}, "geometry": {"type": "Polygon", "coordinates": [[[2.290046571322872, 48.84783602533895], [2.290034319602402, 48.848735316615155], [2.291396944416349, 48.84874339475925], [2.2914091726248325, 48.84784410335017], [2.290046571322872, 48.84783602533895]]]}}, {"type": "Feature", "properties": {"ndvi_mean": 0.2504118084907532, "ndmi_mean": -0.03824356943368912, "ndbi_mean": 0.03824356943368912}, "geometry": {"type": "Polygon", "coordinates": [[[2.2914091726248325, 48.84784410335017], [2.291396944416349, 48.84874339475925], [2.292759569652339, 48.848751457384544], [2.292771774348813, 48.847852165842866], [2.2914091726248325, 48.84784410335017]]]}}, {"type": "Feature", "properties": {"ndvi_mean": 0.13513563573360443, "ndmi_mean": -0.0612703338265419, "ndbi_mean": 0.0612703338265419}, "geometry": {"type": "Polygon", "coordinates": [[[2.292771774348813, 48.847852165842866], [2.292759569652339, 48.848751457384544], [2.29412219530956, 48.84875950449108], [2.294134376494003, 48.847860212817025], [2.292771774348813, 48.847852165842866]]]}}, {"type": "Feature", "properties": {"ndvi_mean": 0.12835630774497986, "ndmi_mean": -0.11244017630815506, "ndbi_mean": 0.11244017630815506}, "geometry": {"type": "Polygon", "coordinates": [[[2.294134376494003, 48.847860212817025], [2.29412219530956, 48.84875950449108], [2.2954848213872006, 48.84876753607881], [2.2954969790595907, 48.84786824427265], [2.294134376494003, 48.847860212817025]]]}}, {"type": "Feature", "properties": {"ndvi_mean": 0.18991485238075256, "ndmi_mean": -0.041502729058265686, "ndbi_mean": 0.041502729058265686}, "geometry": {"type": "Polygon", "coordinates": [[[2.2954969790595907, 48.84786824427265], [2.2954848213872006, 48.84876753607881], [2.296847447884449, 48.848775552147735], [2.296859582044765, 48.847876260209716], [2.2954969790595907, 48.84786824427265]]]}}, {"type": "Feature", "properties": {"ndvi_mean": 0.09414900839328766, "ndmi_mean": -0.06805561482906342, "ndbi_mean": 0.06805561482906342}, "geometry": {"type": "Polygon", "coordinates": [[[2.296859582044765, 48.847876260209716], [2.296847447884449, 48.848775552147735], [2.2982100748004948, 48.84878355269787], [2.2982221854487146, 48.84788426062824], [2.296859582044765, 48.847876260209716]]]}}, {"type": "Feature", "properties": {"ndvi_mean": 0.12089094519615173, "ndmi_mean": -0.07277379930019379, "ndbi_mean": 0.07277379930019379}, "geometry": {"type": "Polygon", "coordinates": [[[2.2982221854487146, 48.84788426062824], [2.2982100748004948, 48.84878355269787], [2.2995727021345256, 48.84879153772917], [2.299584789270628, 48.847892245528215], [2.2982221854487146, 48.84788426062824]]]}}, {"type": "Feature", "properties": {"ndvi_mean": 0.15619239211082458, "ndmi_mean": -0.044134773313999176, "ndbi_mean": 0.044134773313999176}, "geometry": {"type": "Polygon", "coordinates": [[[2.299584789270628, 48.847892245528215], [2.2995727021345256, 48.84879153772917], [2.3009353298857307, 48.848799507241665], [2.3009473935096936, 48.847900214909615], [2.299584789270628, 48.847892245528215]]]}}, {"type": "Feature", "properties": {"ndvi_mean": 0.3090701401233673, "ndmi_mean": 0.06486860662698746, "ndbi_mean": -0.06486860662698746}, "geometry": {"type": "Polygon", "coordinates": [[[2.3009473935096936, 48.847900214909615], [2.3009353298857307, 48.848799507241665], [2.3022979580532987, 48.848807461235324], [2.3023099981651005, 48.847908168772435], [2.3009473935096936, 48.847900214909615]]]}}, {"type": "Feature", "properties": {"ndvi_mean": 0.2731601595878601, "ndmi_mean": 0.008545787073671818, "ndbi_mean": -0.008545787073671818}, "geometry": {"type": "Polygon", "coordinates": [[[2.3023099981651005, 48.847908168772435], [2.3022979580532987, 48.848807461235324], [2.3036605866364175, 48.84881539971016], [2.3036726032360373, 48.847916107116696], [2.3023099981651005, 48.847908168772435]]]}}, {"type": "Feature", "properties": {"ndvi_mean": 0.19569313526153564, "ndmi_mean": -0.07482153177261353, "ndbi_mean": 0.07482153177261353}, "geometry": {"type": "Polygon", "coordinates": [[[2.3036726032360373, 48.847916107116696], [2.3036605866364175, 48.84881539971016], [2.305023215634277, 48.84882332266615], [2.3050352087216925, 48.847924029942355], [2.3036726032360373, 48.847916107116696]]]}}, {"type": "Feature", "properties": {"ndvi_mean": 0.3558758795261383, "ndmi_mean": 0.02099553495645523, "ndbi_mean": -0.02099553495645523}, "geometry": {"type": "Polygon", "coordinates": [[[2.3050352087216925, 48.847924029942355], [2.305023215634277, 48.84882332266615], [2.306385845046065, 48.848831230103286], [2.3063978146212554, 48.847931937249434], [2.3050352087216925, 48.847924029942355]]]}}, {"type": "Feature", "properties": {"ndvi_mean": 0.28421419858932495, "ndmi_mean": -0.0034255580976605415, "ndbi_mean": 0.0034255580976605415}, "geometry": {"type": "Polygon", "coordinates": [[[2.3063978146212554, 48.847931937249434], [2.306385845046065, 48.848831230103286], [2.30774847487097, 48.84883912202157], [2.3077604209339135, 48.8479398290379], [2.3063978146212554, 48.847931937249434]]]}}, {"type": "Feature", "properties": {"ndvi_mean": 0.08197654038667679, "ndmi_mean": -0.09349476546049118, "ndbi_mean": 0.09349476546049118}, "geometry": {"type": "Polygon", "coordinates": [[[2.3077604209339135, 48.8479398290379], [2.30774847487097, 48.84883912202157], [2.309111105108181, 48.848846998420996], [2.3091230276588566, 48.847947705307774], [2.3077604209339135, 48.8479398290379]]]}}, {"type": "Feature", "properties": {"ndvi_mean": 0.2500053644180298, "ndmi_mean": 0.013870072551071644, "ndbi_mean": -0.013870072551071644}, "geometry": {"type": "Polygon", "coordinates": [[[2.3091230276588566, 48.847947705307774], [2.309111105108181, 48.848846998420996], [2.310473735756886, 48.84885485930157], [2.3104856347952727, 48.84795556605903], [2.3091230276588566, 48.847947705307774]]]}}, {"type": "Feature", "properties": {"ndvi_mean": 0.30963772535324097, "ndmi_mean": 0.052361082285642624, "ndbi_mean": -0.052361082285642624}, "geometry": {"type": "Polygon", "coordinates": [[[2.3104856347952727, 48.84795556605903], [2.310473735756886, 48.84885485930157], [2.3118363668162756, 48.84886270466325], [2.311848242342351, 48.84796341129166], [2.3104856347952727, 48.84795556605903]]]}}, {"type": "Feature", "properties": {"ndvi_mean": 0.2471942901611328, "ndmi_mean": -0.013265418820083141, "ndbi_mean": 0.013265418820083141}, "geometry": {"type": "Polygon", "coordinates": [[[2.311848242342351, 48.84796341129166], [2.3118363668162756, 48.84886270466325], [2.3131989982855354, 48.84887053450605], [2.3132108502992796, 48.84797124100568], [2.311848242342351, 48.84796341129166]]]}}, {"type": "Feature", "properties": {"ndvi_mean": 0.2358287274837494, "ndmi_mean": -0.0052015637047588825, "ndbi_mean": 0.0052015637047588825}, "geometry": {"type": "Polygon", "coordinates": [[[2.3132108502992796, 48.84797124100568], [2.3131989982855354, 48.84887053450605], [2.3145616301638565, 48.84887834882997], [2.3145734586652473, 48.84797905520106], [2.3132108502992796, 48.84797124100568]]]}}, {"type": "Feature", "properties": {"ndvi_mean": 0.4358370900154114, "ndmi_mean": 0.15487492084503174, "ndbi_mean": -0.15487492084503174}, "geometry": {"type": "Polygon", "coordinates": [[[2.3145734586652473, 48.84797905520106], [2.3145616301638565, 48.84887834882997], [2.315924262450426, 48.848886147634985], [2.315936067439443, 48.8479868538778], [2.3145734586652473, 48.84797905520106]]]}}, {"type": "Feature", "properties": {"ndvi_mean": 0.15927870571613312, "ndmi_mean": 0.02053149789571762, "ndbi_mean": -0.02053149789571762}, "geometry": {"type": "Polygon", "coordinates": [[[2.315936067439443, 48.8479868538778], [2.315924262450426, 48.848886147634985], [2.3172868951444334, 48.848893930921115], [2.3172986766210557, 48.84799463703591], [2.315936067439443, 48.8479868538778]]]}}, {"type": "Feature", "properties": {"ndvi_mean": 0.24587932229042053, "ndmi_mean": -0.002846913877874613, "ndbi_mean": 0.002846913877874613}, "geometry": {"type": "Polygon", "coordinates": [[[2.3172986766210557, 48.84799463703591], [2.3172868951444334, 48.848893930921115], [2.318649528245067, 48.84890169868834], [2.318661286209273, 48.84800240467535], [2.3172986766210557, 48.84799463703591]]]}}, {"type": "Feature", "properties": {"ndvi_mean": 0.03882129490375519, "ndmi_mean": -0.17762726545333862, "ndbi_mean": 0.17762726545333862}, "geometry": {"type": "Polygon", "coordinates": [[[2.318661286209273, 48.84800240467535], [2.318649528245067, 48.84890169868834], [2.3200121617515155, 48.84890945093662], [2.3200238962032835, 48.84801015679613], [2.318661286209273, 48.84800240467535]]]}}, {"type": "Feature", "properties": {"ndvi_mean": 0.1123356893658638, "ndmi_mean": -0.0911196619272232, "ndbi_mean": 0.0911196619272232}, "geometry": {"type": "Polygon", "coordinates": [[[2.3200238962032835, 48.84801015679613], [2.3200121617515155, 48.84890945093662], [2.321374795662967, 48.84891718766601], [2.3213865066022774, 48.84801789339825], [2.3200238962032835, 48.84801015679613]]]}}, {"type": "Feature", "properties": {"ndvi_mean": 0.19980968534946442, "ndmi_mean": -0.0012838088441640139, "ndbi_mean": 0.0012838088441640139}, "geometry": {"type": "Polygon", "coordinates": [[[2.3213865066022774, 48.84801789339825], [2.321374795662967, 48.84891718766601], [2.322737429978611, 48.84892490887646], [2.322749117405442, 48.84802561448169], [2.3213865066022774, 48.84801789339825]]]}}, {"type": "Feature", "properties": {"ndvi_mean": 0.3400970697402954, "ndmi_mean": 0.051374293863773346, "ndbi_mean": -0.051374293863773346}, "geometry": {"type": "Polygon", "coordinates": [[[2.322749117405442, 48.84802561448169], [2.322737429978611, 48.84892490887646], [2.3241000646976357, 48.84893261456798], [2.3241117286119666, 48.84803332004646], [2.322749117405442, 48.84802561448169]]]}}, {"type": "Feature", "properties": {"ndvi_mean": 0.06374688446521759, "ndmi_mean": -0.05786960572004318, "ndbi_mean": 0.05786960572004318}, "geometry": {"type": "Polygon", "coordinates": [[[2.3241117286119666, 48.84803332004646], [2.3241000646976357, 48.84893261456798], [2.3254626998192296, 48.84894030474056], [2.3254743402210396, 48.84804101009255], [2.3241117286119666, 48.84803332004646]]]}}, {"type": "Feature", "properties": {"ndvi_mean": 0.07621400058269501, "ndmi_mean": -0.036326609551906586, "ndbi_mean": 0.036326609551906586}, "geometry": {"type": "Polygon", "coordinates": [[[2.3254743402210396, 48.84804101009255], [2.3254626998192296, 48.84894030474056], [2.3268253353425816, 48.84894797939419], [2.3268369522318495, 48.84804868461993], [2.3254743402210396, 48.84804101009255]]]}}, {"type": "Feature", "properties": {"ndvi_mean": 0.12842214107513428, "ndmi_mean": -0.026357516646385193, "ndbi_mean": 0.026357516646385193}, "geometry": {"type": "Polygon", "coordinates": [[[2.3268369522318495, 48.84804868461993], [2.3268253353425816, 48.84894797939419], [2.3281879712668796, 48.84895563852887], [2.3281995646435854, 48.84805634362864], [2.3268369522318495, 48.84804868461993]]]}}, {"type": "Feature", "properties": {"ndvi_mean": 0.0391203835606575, "ndmi_mean": -0.0703916847705841, "ndbi_mean": 0.0703916847705841}, "geometry": {"type": "Polygon", "coordinates": [[[2.3281995646435854, 48.84805634362864], [2.3281879712668796, 48.84895563852887], [2.3295506075913126, 48.84896328214459], [2.3295621774554354, 48.84806398711863], [2.3281995646435854, 48.84805634362864]]]}}, {"type": "Feature", "properties": {"ndvi_mean": 0.24577218294143677, "ndmi_mean": -0.009111233055591583, "ndbi_mean": 0.009111233055591583}, "geometry": {"type": "Polygon", "coordinates": [[[2.3295621774554354, 48.84806398711863], [2.3295506075913126, 48.84896328214459], [2.3309132443150693, 48.84897091024134], [2.3309247906665886, 48.84807161508989], [2.3295621774554354, 48.84806398711863]]]}}, {"type": "Feature", "properties": {"ndvi_mean": 0.07311326265335083, "ndmi_mean": -0.06001647934317589, "ndbi_mean": 0.06001647934317589}, "geometry": {"type": "Polygon", "coordinates": [[[2.3309247906665886, 48.84807161508989], [2.3309132443150693, 48.84897091024134], [2.3322758814373388, 48.84897852281912], [2.3322874042762334, 48.84807922754246], [2.3309247906665886, 48.84807161508989]]]}}, {"type": "Feature", "properties": {"ndvi_mean": 0.4409239590167999, "ndmi_mean": 0.13862891495227814, "ndbi_mean": -0.13862891495227814}, "geometry": {"type": "Polygon", "coordinates": [[[2.3322874042762334, 48.84807922754246], [2.3322758814373388, 48.84897852281912], [2.333638518957309, 48.84898611987793], [2.3336500182835587, 48.84808682447629], [2.3322874042762334, 48.84807922754246]]]}}, {"type": "Feature", "properties": {"ndvi_mean": 0.4655418395996094, "ndmi_mean": 0.16176508367061615, "ndbi_mean": -0.16176508367061615}, "geometry": {"type": "Polygon", "coordinates": [[[2.3336500182835587, 48.84808682447629], [2.333638518957309, 48.84898611987793], [2.3350011568741684, 48.84899370141772], [2.3350126326877527, 48.84809440589139], [2.3336500182835587, 48.84808682447629]]]}}, {"type": "Feature", "properties": {"ndvi_mean": 0.5622928738594055, "ndmi_mean": 0.1925739198923111, "ndbi_mean": -0.1925739198923111}, "geometry": {"type": "Polygon", "coordinates": [[[2.3350126326877527, 48.84809440589139], [2.3350011568741684, 48.84899370141772], [2.336363795187106, 48.849001267438545], [2.3363752474880037, 48.84810197178777], [2.3350126326877527, 48.84809440589139]]]}}, {"type": "Feature", "properties": {"ndvi_mean": 0.14799118041992188, "ndmi_mean": -0.08023793995380402, "ndbi_mean": 0.08023793995380402}, "geometry": {"type": "Polygon", "coordinates": [[[2.2846085156935843, 48.84690426663953], [2.284596170351461, 48.84780355810901], [2.285958769957227, 48.84781169819424], [2.2859710917882614, 48.84691240659086], [2.2846085156935843, 48.84690426663953]]]}}, {"type": "Feature", "properties": {"ndvi_mean": 0.29120272397994995, "ndmi_mean": 0.018244141712784767, "ndbi_mean": -0.018244141712784767}, "geometry": {"type": "Polygon", "coordinates": [[[2.2859710917882614, 48.84691240659086], [2.285958769957227, 48.84781169819424], [2.2873213699882577, 48.84781982276098], [2.2873336683081824, 48.84692053102396], [2.2859710917882614, 48.84691240659086]]]}}, {"type": "Feature", "properties": {"ndvi_mean": 0.29430991411209106, "ndmi_mean": 0.012732253409922123, "ndbi_mean": -0.012732253409922123}, "geometry": {"type": "Polygon", "coordinates": [[[2.2873336683081824, 48.84692053102396], [2.2873213699882577, 48.84781982276098], [2.2886839704437434, 48.84782793180923], [2.288696245252536, 48.84692863993883], [2.2873336683081824, 48.84692053102396]]]}}, {"type": "Feature", "properties": {"ndvi_mean": 0.15166287124156952, "ndmi_mean": -0.058161649852991104, "ndbi_mean": 0.058161649852991104}, "geometry": {"type": "Polygon", "coordinates": [[[2.288696245252536, 48.84692863993883], [2.2886839704437434, 48.84782793180923], [2.290046571322872, 48.84783602533895], [2.2900588226205105, 48.84693673333543], [2.288696245252536, 48.84692863993883]]]}}, {"type": "Feature", "properties": {"ndvi_mean": 0.18442462384700775, "ndmi_mean": -0.051316630095243454, "ndbi_mean": 0.051316630095243454}, "geometry": {"type": "Polygon", "coordinates": [[[2.2900588226205105, 48.84693673333543], [2.290046571322872, 48.84783602533895], [2.2914091726248325, 48.84784410335017], [2.2914214004112954, 48.846944811213774], [2.2900588226205105, 48.84693673333543]]]}}, {"type": "Feature", "properties": {"ndvi_mean": 0.13105656206607819, "ndmi_mean": -0.054340653121471405, "ndbi_mean": 0.054340653121471405}, "geometry": {"type": "Polygon", "coordinates": [[[2.2914214004112954, 48.846944811213774], [2.2914091726248325, 48.84784410335017], [2.292771774348813, 48.847852165842866], [2.292783978624078, 48.84695287357384], [2.2914214004112954, 48.846944811213774]]]}}, {"type": "Feature", "properties": {"ndvi_mean": 0.0979955643415451, "ndmi_mean": -0.06989480555057526, "ndbi_mean": 0.06989480555057526}, "geometry": {"type": "Polygon", "coordinates": [[[2.292783978624078, 48.84695287357384], [2.292771774348813, 48.847852165842866], [2.294134376494003, 48.847860212817025], [2.294146557258048, 48.846960920415626], [2.292783978624078, 48.84695287357384]]]}}, {"type": "Feature", "properties": {"ndvi_mean": 0.10749132931232452, "ndmi_mean": -0.07422032207250595, "ndbi_mean": 0.07422032207250595}, "geometry": {"type": "Polygon", "coordinates": [[[2.294146557258048, 48.846960920415626], [2.294134376494003, 48.847860212817025], [2.2954969790595907, 48.84786824427265], [2.295509136312395, 48.84696895173915], [2.294146557258048, 48.846960920415626]]]}}, {"type": "Feature", "properties": {"ndvi_mean": 0.09174444526433945, "ndmi_mean": -0.07803834229707718, "ndbi_mean": 0.07803834229707718}, "geometry": {"type": "Polygon", "coordinates": [[[2.295509136312395, 48.84696895173915], [2.2954969790595907, 48.84786824427265], [2.296859582044765, 48.847876260209716], [2.2968717157863057, 48.84697696754437], [2.295509136312395, 48.84696895173915]]]}}, {"type": "Feature", "properties": {"ndvi_mean": 0.09948337823152542, "ndmi_mean": -0.11357197910547256, "ndbi_mean": 0.11357197910547256}, "geometry": {"type": "Polygon", "coordinates": [[[2.2968717157863057, 48.84697696754437], [2.296859582044765, 48.847876260209716], [2.2982221854487146, 48.84788426062824], [2.298234295678971, 48.84698496783131], [2.2968717157863057, 48.84697696754437]]]}}, {"type": "Feature", "properties": {"ndvi_mean": 0.1419578194618225, "ndmi_mean": -0.09564252942800522, "ndbi_mean": 0.09564252942800522}, "geometry": {"type": "Polygon", "coordinates": [[[2.298234295678971, 48.84698496783131], [2.2982221854487146, 48.84788426062824], [2.299584789270628, 48.847892245528215], [2.2995968759895775, 48.84699295259993], [2.298234295678971, 48.84698496783131]]]}}, {"type": "Feature", "properties": {"ndvi_mean": 0.149734228849411, "ndmi_mean": -0.06222973018884659, "ndbi_mean": 0.06222973018884659}, "geometry": {"type": "Polygon", "coordinates": [[[2.2995968759895775, 48.84699295259993], [2.299584789270628, 48.847892245528215], [2.3009473935096936, 48.847900214909615], [2.3009594567173153, 48.84700092185024], [2.2995968759895775, 48.84699295259993]]]}}, {"type": "Feature", "properties": {"ndvi_mean": 0.15921799838542938, "ndmi_mean": -0.008402607403695583, "ndbi_mean": 0.008402607403695583}, "geometry": {"type": "Polygon", "coordinates": [[[2.3009594567173153, 48.84700092185024], [2.3009473935096936, 48.847900214909615], [2.3023099981651005, 48.847908168772435], [2.302322037861373, 48.84700887558223], [2.3009594567173153, 48.84700092185024]]]}}, {"type": "Feature", "properties": {"ndvi_mean": 0.12547791004180908, "ndmi_mean": -0.031859248876571655, "ndbi_mean": 0.031859248876571655}, "geometry": {"type": "Polygon", "coordinates": [[[2.302322037861373, 48.84700887558223], [2.3023099981651005, 48.847908168772435], [2.3036726032360373, 48.847916107116696], [2.303684619420938, 48.847016813795925], [2.302322037861373, 48.84700887558223]]]}}, {"type": "Feature", "properties": {"ndvi_mean": 0.117070272564888, "ndmi_mean": -0.09152227640151978, "ndbi_mean": 0.09152227640151978}, "geometry": {"type": "Polygon", "coordinates": [[[2.303684619420938, 48.847016813795925], [2.3036726032360373, 48.847916107116696], [2.3050352087216925, 48.847924029942355], [2.305047201395201, 48.847024736491264], [2.303684619420938, 48.847016813795925]]]}}, {"type": "Feature", "properties": {"ndvi_mean": 0.33898282051086426, "ndmi_mean": 0.06050108000636101, "ndbi_mean": -0.06050108000636101}, "geometry": {"type": "Polygon", "coordinates": [[[2.305047201395201, 48.847024736491264], [2.3050352087216925, 48.847924029942355], [2.3063978146212554, 48.847931937249434], [2.30640978378335, 48.84703264366827], [2.305047201395201, 48.847024736491264]]]}}, {"type": "Feature", "properties": {"ndvi_mean": 0.28174442052841187, "ndmi_mean": 0.053384218364953995, "ndbi_mean": -0.053384218364953995}, "geometry": {"type": "Polygon", "coordinates": [[[2.30640978378335, 48.84703264366827], [2.3063978146212554, 48.847931937249434], [2.3077604209339135, 48.8479398290379], [2.3077723665845733, 48.84704053532693], [2.30640978378335, 48.84703264366827]]]}}, {"type": "Feature", "properties": {"ndvi_mean": 0.04849642887711525, "ndmi_mean": -0.09132466465234756, "ndbi_mean": 0.09132466465234756}, "geometry": {"type": "Polygon", "coordinates": [[[2.3077723665845733, 48.84704053532693], [2.3077604209339135, 48.8479398290379], [2.3091230276588566, 48.847947705307774], [2.3091349497980596, 48.847048411467235], [2.3077723665845733, 48.84704053532693]]]}}, {"type": "Feature", "properties": {"ndvi_mean": 0.04581332206726074, "ndmi_mean": -0.0629434585571289, "ndbi_mean": 0.0629434585571289}, "geometry": {"type": "Polygon", "coordinates": [[[2.3091349497980596, 48.847048411467235], [2.3091230276588566, 48.847947705307774], [2.3104856347952727, 48.84795556605903], [2.3104975334229976, 48.84705627208921], [2.3091349497980596, 48.847048411467235]]]}}, {"type": "Feature", "properties": {"ndvi_mean": 0.30301082134246826, "ndmi_mean": 0.06067106872797012, "ndbi_mean": -0.06067106872797012}, "geometry": {"type": "Polygon", "coordinates": [[[2.3104975334229976, 48.84705627208921], [2.3104856347952727, 48.84795556605903], [2.311848242342351, 48.84796341129166], [2.3118601174585764, 48.84706411719279], [2.3104975334229976, 48.84705627208921]]]}}, {"type": "Feature", "properties": {"ndvi_mean": 0.22022922337055206, "ndmi_mean": 0.0007011357811279595, "ndbi_mean": -0.0007011357811279595}, "geometry": {"type": "Polygon", "coordinates": [[[2.3118601174585764, 48.84706411719279], [2.311848242342351, 48.84796341129166], [2.3132108502992796, 48.84797124100568], [2.3132227019039844, 48.847071946778016], [2.3118601174585764, 48.84706411719279]]]}}, {"type": "Feature", "properties": {"ndvi_mean": 0.1519118845462799, "ndmi_mean": -0.05640650913119316, "ndbi_mean": 0.05640650913119316}, "geometry": {"type": "Polygon", "coordinates": [[[2.3132227019039844, 48.847071946778016], [2.3132108502992796, 48.84797124100568], [2.3145734586652473, 48.84797905520106], [2.314585286758411, 48.84707976084485], [2.3132227019039844, 48.847071946778016]]]}}, {"type": "Feature", "properties": {"ndvi_mean": 0.3046659529209137, "ndmi_mean": 0.07765868306159973, "ndbi_mean": -0.07765868306159973}, "geometry": {"type": "Polygon", "coordinates": [[[2.314585286758411, 48.84707976084485], [2.3145734586652473, 48.84797905520106], [2.315936067439443, 48.8479868538778], [2.3159478720210434, 48.84708755939333], [2.314585286758411, 48.84707976084485]]]}}, {"type": "Feature", "properties": {"ndvi_mean": 0.14399291574954987, "ndmi_mean": -0.06049642711877823, "ndbi_mean": 0.06049642711877823}, "geometry": {"type": "Polygon", "coordinates": [[[2.3159478720210434, 48.84708755939333], [2.315936067439443, 48.8479868538778], [2.3172986766210557, 48.84799463703591], [2.317310457691072, 48.84709534242341], [2.3159478720210434, 48.84708755939333]]]}}, {"type": "Feature", "properties": {"ndvi_mean": 0.06572619080543518, "ndmi_mean": -0.07496605813503265, "ndbi_mean": 0.07496605813503265}, "geometry": {"type": "Polygon", "coordinates": [[[2.317310457691072, 48.84709534242341], [2.3172986766210557, 48.84799463703591], [2.318661286209273, 48.84800240467535], [2.318673043767684, 48.84710310993506], [2.317310457691072, 48.84709534242341]]]}}, {"type": "Feature", "properties": {"ndvi_mean": 0.10954722762107849, "ndmi_mean": -0.06503383815288544, "ndbi_mean": 0.06503383815288544}, "geometry": {"type": "Polygon", "coordinates": [[[2.318673043767684, 48.84710310993506], [2.318661286209273, 48.84800240467535], [2.3200238962032835, 48.84801015679613], [2.3200356302500698, 48.84711086192834], [2.318673043767684, 48.84710310993506]]]}}, {"type": "Feature", "properties": {"ndvi_mean": 0.12571200728416443, "ndmi_mean": -0.1217815950512886, "ndbi_mean": 0.1217815950512886}, "geometry": {"type": "Polygon", "coordinates": [[[2.3200356302500698, 48.84711086192834], [2.3200238962032835, 48.84801015679613], [2.3213865066022774, 48.84801789339825], [2.3213982171374163, 48.8471185984032], [2.3200356302500698, 48.84711086192834]]]}}, {"type": "Feature", "properties": {"ndvi_mean": 0.2565701901912689, "ndmi_mean": 0.04591736942529678, "ndbi_mean": -0.04591736942529678}, "geometry": {"type": "Polygon", "coordinates": [[[2.3213982171374163, 48.8471185984032], [2.3213865066022774, 48.84801789339825], [2.322749117405442, 48.84802561448169], [2.3227608044289134, 48.84712631935966], [2.3213982171374163, 48.8471185984032]]]}}, {"type": "Feature", "properties": {"ndvi_mean": 0.07923083007335663, "ndmi_mean": -0.10161347687244415, "ndbi_mean": 0.10161347687244415}, "geometry": {"type": "Polygon", "coordinates": [[[2.3227608044289134, 48.84712631935966], [2.322749117405442, 48.84802561448169], [2.3241117286119666, 48.84803332004646], [2.324123392123749, 48.84713402479766], [2.3227608044289134, 48.84712631935966]]]}}, {"type": "Feature", "properties": {"ndvi_mean": 0.042726196348667145, "ndmi_mean": -0.2359285205602646, "ndbi_mean": 0.2359285205602646}, "geometry": {"type": "Polygon", "coordinates": [[[2.324123392123749, 48.84713402479766], [2.3241117286119666, 48.84803332004646], [2.3254743402210396, 48.84804101009255], [2.3254859802211127, 48.84714171471727], [2.324123392123749, 48.84713402479766]]]}}, {"type": "Feature", "properties": {"ndvi_mean": -0.002185423858463764, "ndmi_mean": -0.06106725335121155, "ndbi_mean": 0.06106725335121155}, "geometry": {"type": "Polygon", "coordinates": [[[2.3254859802211127, 48.84714171471727], [2.3254743402210396, 48.84804101009255], [2.3268369522318495, 48.84804868461993], [2.3268485687201923, 48.84714938911842], [2.3254859802211127, 48.84714171471727]]]}}, {"type": "Feature", "properties": {"ndvi_mean": 0.1012333333492279, "ndmi_mean": -0.09226468205451965, "ndbi_mean": 0.09226468205451965}, "geometry": {"type": "Polygon", "coordinates": [[[2.3268485687201923, 48.84714938911842], [2.3268369522318495, 48.84804868461993], [2.3281995646435854, 48.84805634362864], [2.3282111576201774, 48.84715704800114], [2.3268485687201923, 48.84714938911842]]]}}, {"type": "Feature", "properties": {"ndvi_mean": 0.1390378177165985, "ndmi_mean": -0.046166010200977325, "ndbi_mean": 0.046166010200977325}, "geometry": {"type": "Polygon", "coordinates": [[[2.3282111576201774, 48.84715704800114], [2.3281995646435854, 48.84805634362864], [2.3295621774554354, 48.84806398711863], [2.3295737469202553, 48.8471646913654], [2.3282111576201774, 48.84715704800114]]]}}, {"type": "Feature", "properties": {"ndvi_mean": 0.07932467758655548, "ndmi_mean": -0.06818228214979172, "ndbi_mean": 0.06818228214979172}, "geometry": {"type": "Polygon", "coordinates": [[[2.3295737469202553, 48.8471646913654], [2.3295621774554354, 48.84806398711863], [2.3309247906665886, 48.84807161508989], [2.330936336619616, 48.8471723192112], [2.3295737469202553, 48.8471646913654]]]}}, {"type": "Feature", "properties": {"ndvi_mean": 0.14424718916416168, "ndmi_mean": -0.04093749076128006, "ndbi_mean": 0.04093749076128006}, "geometry": {"type": "Polygon", "coordinates": [[[2.330936336619616, 48.8471723192112], [2.3309247906665886, 48.84807161508989], [2.3322874042762334, 48.84807922754246], [2.332298926717448, 48.84717993153854], [2.330936336619616, 48.8471723192112]]]}}, {"type": "Feature", "properties": {"ndvi_mean": 0.6289948225021362, "ndmi_mean": 0.22488491237163544, "ndbi_mean": -0.22488491237163544}, "geometry": {"type": "Polygon", "coordinates": [[[2.332298926717448, 48.84717993153854], [2.3322874042762334, 48.84807922754246], [2.3336500182835587, 48.84808682447629], [2.3336615172129394, 48.84718752834741], [2.332298926717448, 48.84717993153854]]]}}, {"type": "Feature", "properties": {"ndvi_mean": 0.5097908973693848, "ndmi_mean": 0.1681499034166336, "ndbi_mean": -0.1681499034166336}, "geometry": {"type": "Polygon", "coordinates": [[[2.3336615172129394, 48.84718752834741], [2.3336500182835587, 48.84808682447629], [2.3350126326877527, 48.84809440589139], [2.335024108105279, 48.84719510963782], [2.3336615172129394, 48.84718752834741]]]}}, {"type": "Feature", "properties": {"ndvi_mean": 0.6740331053733826, "ndmi_mean": 0.2534319758415222, "ndbi_mean": -0.2534319758415222}, "geometry": {"type": "Polygon", "coordinates": [[[2.335024108105279, 48.84719510963782], [2.3350126326877527, 48.84809440589139], [2.3363752474880037, 48.84810197178777], [2.336386699393656, 48.84720267540974], [2.335024108105279, 48.84719510963782]]]}}, {"type": "Feature", "properties": {"ndvi_mean": 0.15514883399009705, "ndmi_mean": -0.05385342985391617, "ndbi_mean": 0.05385342985391617}, "geometry": {"type": "Polygon", "coordinates": [[[2.2846208606096527, 48.84600497444294], [2.2846085156935843, 48.84690426663953], [2.2859710917882614, 48.84691240659086], [2.285983413194053, 48.846013114260394], [2.2846208606096527, 48.84600497444294]]]}}, {"type": "Feature", "properties": {"ndvi_mean": 0.16547554731369019, "ndmi_mean": -0.08588074892759323, "ndbi_mean": 0.08588074892759323}, "geometry": {"type": "Polygon", "coordinates": [[[2.285983413194053, 48.846013114260394], [2.2859710917882614, 48.84691240659086], [2.2873336683081824, 48.84692053102396], [2.287345966203675, 48.846021238559864], [2.285983413194053, 48.846013114260394]]]}}, {"type": "Feature", "properties": {"ndvi_mean": 0.2210020124912262, "ndmi_mean": -0.011001596227288246, "ndbi_mean": 0.011001596227288246}, "geometry": {"type": "Polygon", "coordinates": [[[2.287345966203675, 48.846021238559864], [2.2873336683081824, 48.84692053102396], [2.288696245252536, 48.84692863993883], [2.2887085196377077, 48.84602934734134], [2.287345966203675, 48.846021238559864]]]}}, {"type": "Feature", "properties": {"ndvi_mean": 0.4126996099948883, "ndmi_mean": 0.09851540625095367, "ndbi_mean": -0.09851540625095367}, "geometry": {"type": "Polygon", "coordinates": [[[2.2887085196377077, 48.84602934734134], [2.288696245252536, 48.84692863993883], [2.2900588226205105, 48.84693673333543], [2.2900710734953393, 48.84603744060482], [2.2887085196377077, 48.84602934734134]]]}}, {"type": "Feature", "properties": {"ndvi_mean": 0.38051459193229675, "ndmi_mean": 0.07539914548397064, "ndbi_mean": -0.07539914548397064}, "geometry": {"type": "Polygon", "coordinates": [[[2.2900710734953393, 48.84603744060482], [2.2900588226205105, 48.84693673333543], [2.2914214004112954, 48.846944811213774], [2.291433627775759, 48.84604551835029], [2.2900710734953393, 48.84603744060482]]]}}, {"type": "Feature", "properties": {"ndvi_mean": 0.191597580909729, "ndmi_mean": -0.01397895347326994, "ndbi_mean": 0.01397895347326994}, "geometry": {"type": "Polygon", "coordinates": [[[2.291433627775759, 48.84604551835029], [2.2914214004112954, 48.846944811213774], [2.292783978624078, 48.84695287357384], [2.2927961824781553, 48.846053580577745], [2.291433627775759, 48.84604551835029]]]}}, {"type": "Feature", "properties": {"ndvi_mean": 0.18966901302337646, "ndmi_mean": -0.05239212140440941, "ndbi_mean": 0.05239212140440941}, "geometry": {"type": "Polygon", "coordinates": [[[2.2927961824781553, 48.846053580577745], [2.292783978624078, 48.84695287357384], [2.294146557258048, 48.846960920415626], [2.294158737601718, 48.84606162728718], [2.2927961824781553, 48.846053580577745]]]}}, {"type": "Feature", "properties": {"ndvi_mean": 0.11677271127700806, "ndmi_mean": -0.0857725441455841, "ndbi_mean": 0.0857725441455841}, "geometry": {"type": "Polygon", "coordinates": [[[2.294158737601718, 48.84606162728718], [2.294146557258048, 48.846960920415626], [2.295509136312395, 48.84696895173915], [2.295521293145634, 48.846069658478584], [2.294158737601718, 48.84606162728718]]]}}, {"type": "Feature", "properties": {"ndvi_mean": 0.14034897089004517, "ndmi_mean": -0.06605052202939987, "ndbi_mean": 0.06605052202939987}, "geometry": {"type": "Polygon", "coordinates": [[[2.295521293145634, 48.846069658478584], [2.295509136312395, 48.84696895173915], [2.2968717157863057, 48.84697696754437], [2.2968838491090935, 48.84607767415196], [2.295521293145634, 48.846069658478584]]]}}, {"type": "Feature", "properties": {"ndvi_mean": 0.13479427993297577, "ndmi_mean": -0.07250408083200455, "ndbi_mean": 0.07250408083200455}, "geometry": {"type": "Polygon", "coordinates": [[[2.2968838491090935, 48.84607767415196], [2.2968717157863057, 48.84697696754437], [2.298234295678971, 48.84698496783131], [2.2982464054912843, 48.84608567430729], [2.2968838491090935, 48.84607767415196]]]}}, {"type": "Feature", "properties": {"ndvi_mean": 0.07317308336496353, "ndmi_mean": -0.08084654062986374, "ndbi_mean": 0.08084654062986374}, "geometry": {"type": "Polygon", "coordinates": [[[2.2982464054912843, 48.84608567430729], [2.298234295678971, 48.84698496783131], [2.2995968759895775, 48.84699295259993], [2.299608962291396, 48.84609365894457], [2.2982464054912843, 48.84608567430729]]]}}, {"type": "Feature", "properties": {"ndvi_mean": 0.10198371857404709, "ndmi_mean": -0.08939704298973083, "ndbi_mean": 0.08939704298973083}, "geometry": {"type": "Polygon", "coordinates": [[[2.299608962291396, 48.84609365894457], [2.2995968759895775, 48.84699295259993], [2.3009594567173153, 48.84700092185024], [2.300971519508617, 48.8461016280638], [2.299608962291396, 48.84609365894457]]]}}, {"type": "Feature", "properties": {"ndvi_mean": 0.14679665863513947, "ndmi_mean": -0.05140829086303711, "ndbi_mean": 0.05140829086303711}, "geometry": {"type": "Polygon", "coordinates": [[[2.300971519508617, 48.8461016280638], [2.3009594567173153, 48.84700092185024], [2.302322037861373, 48.84700887558223], [2.3023340771421363, 48.84610958166497], [2.300971519508617, 48.8461016280638]]]}}, {"type": "Feature", "properties": {"ndvi_mean": 0.2519925534725189, "ndmi_mean": 0.003183262888342142, "ndbi_mean": -0.003183262888342142}, "geometry": {"type": "Polygon", "coordinates": [[[2.3023340771421363, 48.84610958166497], [2.302322037861373, 48.84700887558223], [2.303684619420938, 48.847016813795925], [2.3036966351911423, 48.84611751974807], [2.3023340771421363, 48.84610958166497]]]}}, {"type": "Feature", "properties": {"ndvi_mean": 0.20090295374393463, "ndmi_mean": -0.026257293298840523, "ndbi_mean": 0.026257293298840523}, "geometry": {"type": "Polygon", "coordinates": [[[2.3036966351911423, 48.84611751974807], [2.303684619420938, 48.847016813795925], [2.305047201395201, 48.847024736491264], [2.305059193654824, 48.8461254423131], [2.3036966351911423, 48.84611751974807]]]}}, {"type": "Feature", "properties": {"ndvi_mean": 0.17260564863681793, "ndmi_mean": -0.04709082469344139, "ndbi_mean": 0.04709082469344139}, "geometry": {"type": "Polygon", "coordinates": [[[2.305059193654824, 48.8461254423131], [2.305047201395201, 48.847024736491264], [2.30640978378335, 48.84703264366827], [2.30642175253237, 48.846133349360045], [2.305059193654824, 48.8461254423131]]]}}, {"type": "Feature", "properties": {"ndvi_mean": 0.17101016640663147, "ndmi_mean": -0.014826471917331219, "ndbi_mean": 0.014826471917331219}, "geometry": {"type": "Polygon", "coordinates": [[[2.30642175253237, 48.846133349360045], [2.30640978378335, 48.84703264366827], [2.3077723665845733, 48.84704053532693], [2.307784311822969, 48.846141240888905], [2.30642175253237, 48.846133349360045]]]}}, {"type": "Feature", "properties": {"ndvi_mean": 0.2608180344104767, "ndmi_mean": 0.0502067431807518, "ndbi_mean": -0.0502067431807518}, "geometry": {"type": "Polygon", "coordinates": [[[2.307784311822969, 48.846141240888905], [2.3077723665845733, 48.84704053532693], [2.3091349497980596, 48.847048411467235], [2.30914687152581, 48.84614911689965], [2.307784311822969, 48.846141240888905]]]}}, {"type": "Feature", "properties": {"ndvi_mean": 0.014624472707509995, "ndmi_mean": -0.09627649188041687, "ndbi_mean": 0.09627649188041687}, "geometry": {"type": "Polygon", "coordinates": [[[2.30914687152581, 48.84614911689965], [2.3091349497980596, 48.847048411467235], [2.3104975334229976, 48.84705627208921], [2.310509431640081, 48.84615697739232], [2.30914687152581, 48.84614911689965]]]}}, {"type": "Feature", "properties": {"ndvi_mean": 0.3180459141731262, "ndmi_mean": 0.06030234321951866, "ndbi_mean": -0.06030234321951866}, "geometry": {"type": "Polygon", "coordinates": [[[2.310509431640081, 48.84615697739232], [2.3104975334229976, 48.84705627208921], [2.3118601174585764, 48.84706411719279], [2.3118719921649724, 48.84616482236687], [2.310509431640081, 48.84615697739232]]]}}, {"type": "Feature", "properties": {"ndvi_mean": 0.32570767402648926, "ndmi_mean": 0.04935290664434433, "ndbi_mean": -0.04935290664434433}, "geometry": {"type": "Polygon", "coordinates": [[[2.3118719921649724, 48.84616482236687], [2.3118601174585764, 48.84706411719279], [2.3132227019039844, 48.847071946778016], [2.313234553099672, 48.846172651823316], [2.3118719921649724, 48.84616482236687]]]}}, {"type": "Feature", "properties": {"ndvi_mean": 0.1680741161108017, "ndmi_mean": -0.0124293128028512, "ndbi_mean": 0.0124293128028512}, "geometry": {"type": "Polygon", "coordinates": [[[2.313234553099672, 48.846172651823316], [2.3132227019039844, 48.847071946778016], [2.314585286758411, 48.84707976084485], [2.3145971144433672, 48.84618046576162], [2.313234553099672, 48.846172651823316]]]}}, {"type": "Feature", "properties": {"ndvi_mean": 0.24054205417633057, "ndmi_mean": -0.06264828890562057, "ndbi_mean": 0.06264828890562057}, "geometry": {"type": "Polygon", "coordinates": [[[2.3145971144433672, 48.84618046576162], [2.314585286758411, 48.84707976084485], [2.3159478720210434, 48.84708755939333], [2.315959676195249, 48.84618826418181], [2.3145971144433672, 48.84618046576162]]]}}, {"type": "Feature", "properties": {"ndvi_mean": 0.2847515344619751, "ndmi_mean": -0.020742375403642654, "ndbi_mean": 0.020742375403642654}, "geometry": {"type": "Polygon", "coordinates": [[[2.315959676195249, 48.84618826418181], [2.3159478720210434, 48.84708755939333], [2.317310457691072, 48.84709534242341], [2.3173222383545045, 48.846196047083865], [2.315959676195249, 48.84618826418181]]]}}, {"type": "Feature", "properties": {"ndvi_mean": 0.17323914170265198, "ndmi_mean": -0.003803565865382552, "ndbi_mean": 0.003803565865382552}, "geometry": {"type": "Polygon", "coordinates": [[[2.3173222383545045, 48.846196047083865], [2.317310457691072, 48.84709534242341], [2.318673043767684, 48.84710310993506], [2.3186848009203236, 48.84620381446777], [2.3173222383545045, 48.846196047083865]]]}}, {"type": "Feature", "properties": {"ndvi_mean": 0.24034567177295685, "ndmi_mean": 0.005569821689277887, "ndbi_mean": -0.005569821689277887}, "geometry": {"type": "Polygon", "coordinates": [[[2.3186848009203236, 48.84620381446777], [2.318673043767684, 48.84710310993506], [2.3200356302500698, 48.84711086192834], [2.320047363891894, 48.84621156633353], [2.3186848009203236, 48.84620381446777]]]}}, {"type": "Feature", "properties": {"ndvi_mean": 0.08234091103076935, "ndmi_mean": -0.09670448303222656, "ndbi_mean": 0.09670448303222656}, "geometry": {"type": "Polygon", "coordinates": [[[2.320047363891894, 48.84621156633353], [2.3200356302500698, 48.84711086192834], [2.3213982171374163, 48.8471185984032], [2.3214099272684057, 48.846219302681135], [2.320047363891894, 48.84621156633353]]]}}, {"type": "Feature", "properties": {"ndvi_mean": 0.27165383100509644, "ndmi_mean": -0.004687336273491383, "ndbi_mean": 0.004687336273491383}, "geometry": {"type": "Polygon", "coordinates": [[[2.3214099272684057, 48.846219302681135], [2.3213982171374163, 48.8471185984032], [2.3227608044289134, 48.84712631935966], [2.3227724910490455, 48.84622702351058], [2.3214099272684057, 48.846219302681135]]]}}, {"type": "Feature", "properties": {"ndvi_mean": 0.1806914508342743, "ndmi_mean": -0.02248232066631317, "ndbi_mean": 0.02248232066631317}, "geometry": {"type": "Polygon", "coordinates": [[[2.3227724910490455, 48.84622702351058], [2.3227608044289134, 48.84712631935966], [2.324123392123749, 48.84713402479766], [2.3241350552330045, 48.846234728821855], [2.3227724910490455, 48.84622702351058]]]}}, {"type": "Feature", "properties": {"ndvi_mean": 0.05345429480075836, "ndmi_mean": -0.06356792151927948, "ndbi_mean": 0.06356792151927948}, "geometry": {"type": "Polygon", "coordinates": [[[2.3241350552330045, 48.846234728821855], [2.324123392123749, 48.84713402479766], [2.3254859802211127, 48.84714171471727], [2.3254976198194695, 48.846242418614956], [2.3241350552330045, 48.846234728821855]]]}}, {"type": "Feature", "properties": {"ndvi_mean": 0.029564933851361275, "ndmi_mean": -0.05861284211277962, "ndbi_mean": 0.05861284211277962}, "geometry": {"type": "Polygon", "coordinates": [[[2.3254976198194695, 48.846242418614956], [2.3254859802211127, 48.84714171471727], [2.3268485687201923, 48.84714938911842], [2.3268601848076305, 48.84625009288986], [2.3254976198194695, 48.846242418614956]]]}}, {"type": "Feature", "properties": {"ndvi_mean": 0.10495341569185257, "ndmi_mean": -0.03705815225839615, "ndbi_mean": 0.03705815225839615}, "geometry": {"type": "Polygon", "coordinates": [[[2.3268601848076305, 48.84625009288986], [2.3268485687201923, 48.84714938911842], [2.3282111576201774, 48.84715704800114], [2.3282227501966752, 48.84625775164661], [2.3268601848076305, 48.84625009288986]]]}}, {"type": "Feature", "properties": {"ndvi_mean": 0.1573391705751419, "ndmi_mean": -0.03199513256549835, "ndbi_mean": 0.03199513256549835}, "geometry": {"type": "Polygon", "coordinates": [[[2.3282227501966752, 48.84625775164661], [2.3282111576201774, 48.84715704800114], [2.3295737469202553, 48.8471646913654], [2.329585315985793, 48.846265394885144], [2.3282227501966752, 48.84625775164661]]]}}, {"type": "Feature", "properties": {"ndvi_mean": 0.06229759380221367, "ndmi_mean": -0.08994729816913605, "ndbi_mean": 0.08994729816913605}, "geometry": {"type": "Polygon", "coordinates": [[[2.329585315985793, 48.846265394885144], [2.3295737469202553, 48.8471646913654], [2.330936336619616, 48.8471723192112], [2.3309478821741725, 48.84627302260549], [2.329585315985793, 48.846265394885144]]]}}, {"type": "Feature", "properties": {"ndvi_mean": 0.0895443856716156, "ndmi_mean": -0.08383658528327942, "ndbi_mean": 0.08383658528327942}, "geometry": {"type": "Polygon", "coordinates": [[[2.3309478821741725, 48.84627302260549], [2.330936336619616, 48.8471723192112], [2.332298926717448, 48.84717993153854], [2.3323104487610027, 48.84628063480761], [2.3309478821741725, 48.84627302260549]]]}}, {"type": "Feature", "properties": {"ndvi_mean": 0.652395486831665, "ndmi_mean": 0.2576136887073517, "ndbi_mean": -0.2576136887073517}, "geometry": {"type": "Polygon", "coordinates": [[[2.3323104487610027, 48.84628063480761], [2.332298926717448, 48.84717993153854], [2.3336615172129394, 48.84718752834741], [2.3336730157454717, 48.84628823149153], [2.3323104487610027, 48.84628063480761]]]}}, {"type": "Feature", "properties": {"ndvi_mean": 0.5261701345443726, "ndmi_mean": 0.15980415046215057, "ndbi_mean": -0.15980415046215057}, "geometry": {"type": "Polygon", "coordinates": [[[2.3336730157454717, 48.84628823149153], [2.3336615172129394, 48.84718752834741], [2.335024108105279, 48.84719510963782], [2.3350355831267686, 48.84629581265722], [2.3336730157454717, 48.84628823149153]]]}}, {"type": "Feature", "properties": {"ndvi_mean": 0.6242815852165222, "ndmi_mean": 0.17517897486686707, "ndbi_mean": -0.17517897486686707}, "geometry": {"type": "Polygon", "coordinates": [[[2.3350355831267686, 48.84629581265722], [2.335024108105279, 48.84719510963782], [2.336386699393656, 48.84720267540974], [2.336398150904082, 48.84630337830469], [2.3350355831267686, 48.84629581265722]]]}}, {"type": "Feature", "properties": {"ndvi_mean": 0.25936299562454224, "ndmi_mean": -0.04481023550033569, "ndbi_mean": 0.04481023550033569}, "geometry": {"type": "Polygon", "coordinates": [[[2.284633205099688, 48.84510568151949], [2.2846208606096527, 48.84600497444294], [2.285983413194053, 48.846013114260394], [2.2859957341746227, 48.84511382120305], [2.284633205099688, 48.84510568151949]]]}}, {"type": "Feature", "properties": {"ndvi_mean": 0.2624157667160034, "ndmi_mean": -0.030321640893816948, "ndbi_mean": 0.030321640893816948}, "geometry": {"type": "Polygon", "coordinates": [[[2.2859957341746227, 48.84511382120305], [2.285983413194053, 48.846013114260394], [2.287345966203675, 48.846021238559864], [2.287358263674757, 48.84512194536889], [2.2859957341746227, 48.84511382120305]]]}}, {"type": "Feature", "properties": {"ndvi_mean": 0.10218457877635956, "ndmi_mean": -0.11412948369979858, "ndbi_mean": 0.11412948369979858}, "geometry": {"type": "Polygon", "coordinates": [[[2.287358263674757, 48.84512194536889], [2.287345966203675, 48.846021238559864], [2.2887085196377077, 48.84602934734134], [2.2887207935992797, 48.84513005401697], [2.287358263674757, 48.84512194536889]]]}}, {"type": "Feature", "properties": {"ndvi_mean": 0.15573763847351074, "ndmi_mean": -0.038143742829561234, "ndbi_mean": 0.038143742829561234}, "geometry": {"type": "Polygon", "coordinates": [[[2.2887207935992797, 48.84513005401697], [2.2887085196377077, 48.84602934734134], [2.2900710734953393, 48.84603744060482], [2.29008332394738, 48.84513814714733], [2.2887207935992797, 48.84513005401697]]]}}, {"type": "Feature", "properties": {"ndvi_mean": 0.23967362940311432, "ndmi_mean": 0.003623706754297018, "ndbi_mean": -0.003623706754297018}, "geometry": {"type": "Polygon", "coordinates": [[[2.29008332394738, 48.84513814714733], [2.2900710734953393, 48.84603744060482], [2.291433627775759, 48.84604551835029], [2.291445854718247, 48.845146224759944], [2.29008332394738, 48.84513814714733]]]}}, {"type": "Feature", "properties": {"ndvi_mean": 0.3078402578830719, "ndmi_mean": 0.01963634416460991, "ndbi_mean": -0.01963634416460991}, "geometry": {"type": "Polygon", "coordinates": [[[2.291445854718247, 48.845146224759944], [2.291433627775759, 48.84604551835029], [2.2927961824781553, 48.846053580577745], [2.2928083859110675, 48.84515428685477], [2.291445854718247, 48.845146224759944]]]}}, {"type": "Feature", "properties": {"ndvi_mean": 0.39522919058799744, "ndmi_mean": 0.05370009317994118, "ndbi_mean": -0.05370009317994118}, "geometry": {"type": "Polygon", "coordinates": [[[2.2928083859110675, 48.84515428685477], [2.2927961824781553, 48.846053580577745], [2.294158737601718, 48.84606162728718], [2.2941709175250327, 48.845162333431844], [2.2928083859110675, 48.84515428685477]]]}}, {"type": "Feature", "properties": {"ndvi_mean": 0.09115901589393616, "ndmi_mean": -0.11653982102870941, "ndbi_mean": 0.11653982102870941}, "geometry": {"type": "Polygon", "coordinates": [[[2.2941709175250327, 48.845162333431844], [2.294158737601718, 48.84606162728718], [2.295521293145634, 48.846069658478584], [2.29553344955933, 48.84517036449117], [2.2941709175250327, 48.845162333431844]]]}}, {"type": "Feature", "properties": {"ndvi_mean": 0.1237494945526123, "ndmi_mean": -0.07483331114053726, "ndbi_mean": 0.07483331114053726}, "geometry": {"type": "Polygon", "coordinates": [[[2.29553344955933, 48.84517036449117], [2.295521293145634, 48.846069658478584], [2.2968838491090935, 48.84607767415196], [2.2968959820131487, 48.845178380032685], [2.29553344955933, 48.84517036449117]]]}}, {"type": "Feature", "properties": {"ndvi_mean": 0.1770579218864441, "ndmi_mean": -0.03480353578925133, "ndbi_mean": 0.03480353578925133}, "geometry": {"type": "Polygon", "coordinates": [[[2.2968959820131487, 48.845178380032685], [2.2968838491090935, 48.84607767415196], [2.2982464054912843, 48.84608567430729], [2.298258514885678, 48.845186380056425], [2.2968959820131487, 48.845178380032685]]]}}, {"type": "Feature", "properties": {"ndvi_mean": 0.14788830280303955, "ndmi_mean": -0.03497587516903877, "ndbi_mean": 0.03497587516903877}, "geometry": {"type": "Polygon", "coordinates": [[[2.298258514885678, 48.845186380056425], [2.2982464054912843, 48.84608567430729], [2.299608962291396, 48.84609365894457], [2.2996210481761055, 48.84519436456238], [2.298258514885678, 48.845186380056425]]]}}, {"type": "Feature", "properties": {"ndvi_mean": 0.23844145238399506, "ndmi_mean": -0.07204567641019821, "ndbi_mean": 0.07204567641019821}, "geometry": {"type": "Polygon", "coordinates": [[[2.2996210481761055, 48.84519436456238], [2.299608962291396, 48.84609365894457], [2.300971519508617, 48.8461016280638], [2.300983581883621, 48.84520233355051], [2.2996210481761055, 48.84519436456238]]]}}, {"type": "Feature", "properties": {"ndvi_mean": 0.20540201663970947, "ndmi_mean": -0.051593031734228134, "ndbi_mean": 0.051593031734228134}, "geometry": {"type": "Polygon", "coordinates": [[[2.300983581883621, 48.84520233355051], [2.300971519508617, 48.8461016280638], [2.3023340771421363, 48.84610958166497], [2.3023461160074135, 48.845210287020876], [2.300983581883621, 48.84520233355051]]]}}, {"type": "Feature", "properties": {"ndvi_mean": 0.25388821959495544, "ndmi_mean": -0.05149706453084946, "ndbi_mean": 0.05149706453084946}, "geometry": {"type": "Polygon", "coordinates": [[[2.3023461160074135, 48.845210287020876], [2.3023340771421363, 48.84610958166497], [2.3036966351911423, 48.84611751974807], [2.303708650546671, 48.8452182249734], [2.3023461160074135, 48.845210287020876]]]}}, {"type": "Feature", "properties": {"ndvi_mean": 0.21064502000808716, "ndmi_mean": -0.053737808018922806, "ndbi_mean": 0.053737808018922806}, "geometry": {"type": "Polygon", "coordinates": [[[2.303708650546671, 48.8452182249734], [2.3036966351911423, 48.84611751974807], [2.305059193654824, 48.8461254423131], [2.3050711855005823, 48.84522614740812], [2.303708650546671, 48.8452182249734]]]}}, {"type": "Feature", "properties": {"ndvi_mean": 0.17615622282028198, "ndmi_mean": -0.06886081397533417, "ndbi_mean": 0.06886081397533417}, "geometry": {"type": "Polygon", "coordinates": [[[2.3050711855005823, 48.84522614740812], [2.305059193654824, 48.8461254423131], [2.30642175253237, 48.846133349360045], [2.306433720868337, 48.84523405432498], [2.3050711855005823, 48.84522614740812]]]}}, {"type": "Feature", "properties": {"ndvi_mean": 0.17495350539684296, "ndmi_mean": -0.03465915471315384, "ndbi_mean": 0.03465915471315384}, "geometry": {"type": "Polygon", "coordinates": [[[2.306433720868337, 48.84523405432498], [2.30642175253237, 48.846133349360045], [2.307784311822969, 48.846141240888905], [2.3077962566491235, 48.84524194572404], [2.306433720868337, 48.84523405432498]]]}}, {"type": "Feature", "properties": {"ndvi_mean": 0.21729163825511932, "ndmi_mean": -0.022968005388975143, "ndbi_mean": 0.022968005388975143}, "geometry": {"type": "Polygon", "coordinates": [[[2.3077962566491235, 48.84524194572404], [2.307784311822969, 48.846141240888905], [2.30914687152581, 48.84614911689965], [2.30915879284213, 48.84524982160525], [2.3077962566491235, 48.84524194572404]]]}}, {"type": "Feature", "properties": {"ndvi_mean": 0.0565851554274559, "ndmi_mean": -0.07784692943096161, "ndbi_mean": 0.07784692943096161}, "geometry": {"type": "Polygon", "coordinates": [[[2.30915879284213, 48.84524982160525], [2.30914687152581, 48.84614911689965], [2.310509431640081, 48.84615697739232], [2.310521329446546, 48.84525768196861], [2.30915879284213, 48.84524982160525]]]}}, {"type": "Feature", "properties": {"ndvi_mean": 0.3398490846157074, "ndmi_mean": 0.0446772426366806, "ndbi_mean": -0.0446772426366806}, "geometry": {"type": "Polygon", "coordinates": [[[2.310521329446546, 48.84525768196861], [2.310509431640081, 48.84615697739232], [2.3118719921649724, 48.84616482236687], [2.31188386646156, 48.84526552681413], [2.310521329446546, 48.84525768196861]]]}}, {"type": "Feature", "properties": {"ndvi_mean": 0.1270262598991394, "ndmi_mean": -0.05438714101910591, "ndbi_mean": 0.05438714101910591}, "geometry": {"type": "Polygon", "coordinates": [[[2.31188386646156, 48.84526552681413], [2.3118719921649724, 48.84616482236687], [2.313234553099672, 48.846172651823316], [2.3132464038863616, 48.845273356141774], [2.31188386646156, 48.84526552681413]]]}}, {"type": "Feature", "properties": {"ndvi_mean": 0.17713047564029694, "ndmi_mean": -0.10801369696855545, "ndbi_mean": 0.10801369696855545}, "geometry": {"type": "Polygon", "coordinates": [[[2.3132464038863616, 48.845273356141774], [2.313234553099672, 48.846172651823316], [2.3145971144433672, 48.84618046576162], [2.314608941720138, 48.84528116995156], [2.3132464038863616, 48.845273356141774]]]}}, {"type": "Feature", "properties": {"ndvi_mean": 0.20503589510917664, "ndmi_mean": -0.09899668395519257, "ndbi_mean": 0.09899668395519257}, "geometry": {"type": "Polygon", "coordinates": [[[2.314608941720138, 48.84528116995156], [2.3145971144433672, 48.84618046576162], [2.315959676195249, 48.84618826418181], [2.3159714799620796, 48.84528896824347], [2.314608941720138, 48.84528116995156]]]}}, {"type": "Feature", "properties": {"ndvi_mean": 0.17981241643428802, "ndmi_mean": -0.08982531726360321, "ndbi_mean": 0.08982531726360321}, "geometry": {"type": "Polygon", "coordinates": [[[2.3159714799620796, 48.84528896824347], [2.315959676195249, 48.84618826418181], [2.3173222383545045, 48.846196047083865], [2.317334018611374, 48.84529675101751], [2.3159714799620796, 48.84528896824347]]]}}, {"type": "Feature", "properties": {"ndvi_mean": 0.28287553787231445, "ndmi_mean": 0.023652346804738045, "ndbi_mean": -0.023652346804738045}, "geometry": {"type": "Polygon", "coordinates": [[[2.317334018611374, 48.84529675101751], [2.3173222383545045, 48.846196047083865], [2.3186848009203236, 48.84620381446777], [2.3186965576672107, 48.84530451827364], [2.317334018611374, 48.84529675101751]]]}}, {"type": "Feature", "properties": {"ndvi_mean": 0.1792708784341812, "ndmi_mean": -0.020626001060009003, "ndbi_mean": 0.020626001060009003}, "geometry": {"type": "Polygon", "coordinates": [[[2.3186965576672107, 48.84530451827364], [2.3186848009203236, 48.84620381446777], [2.320047363891894, 48.84621156633353], [2.320059097128778, 48.845312270011895], [2.3186965576672107, 48.84530451827364]]]}}, {"type": "Feature", "properties": {"ndvi_mean": 0.23897796869277954, "ndmi_mean": -0.03544411063194275, "ndbi_mean": 0.03544411063194275}, "geometry": {"type": "Polygon", "coordinates": [[[2.320059097128778, 48.845312270011895], [2.320047363891894, 48.84621156633353], [2.3214099272684057, 48.846219302681135], [2.3214216369952645, 48.84532000623225], [2.320059097128778, 48.845312270011895]]]}}, {"type": "Feature", "properties": {"ndvi_mean": 0.12992258369922638, "ndmi_mean": -0.033561497926712036, "ndbi_mean": 0.033561497926712036}, "geometry": {"type": "Polygon", "coordinates": [[[2.3214216369952645, 48.84532000623225], [2.3214099272684057, 48.846219302681135], [2.3227724910490455, 48.84622702351058], [2.32278417726586, 48.8453277269347], [2.3214216369952645, 48.84532000623225]]]}}, {"type": "Feature", "properties": {"ndvi_mean": 0.06715535372495651, "ndmi_mean": -0.05927969887852669, "ndbi_mean": 0.05927969887852669}, "geometry": {"type": "Polygon", "coordinates": [[[2.32278417726586, 48.8453277269347], [2.3227724910490455, 48.84622702351058], [2.3241350552330045, 48.846234728821855], [2.3241467179397524, 48.845335432119235], [2.32278417726586, 48.8453277269347]]]}}, {"type": "Feature", "properties": {"ndvi_mean": 0.06651349365711212, "ndmi_mean": -0.09602554142475128, "ndbi_mean": 0.09602554142475128}, "geometry": {"type": "Polygon", "coordinates": [[[2.3241467179397524, 48.845335432119235], [2.3241350552330045, 48.846234728821855], [2.3254976198194695, 48.846242418614956], [2.325509259016131, 48.845343121785845], [2.3241467179397524, 48.845335432119235]]]}}, {"type": "Feature", "properties": {"ndvi_mean": 0.13507811725139618, "ndmi_mean": -0.05293331295251846, "ndbi_mean": 0.05293331295251846}, "geometry": {"type": "Polygon", "coordinates": [[[2.325509259016131, 48.845343121785845], [2.3254976198194695, 48.846242418614956], [2.3268601848076305, 48.84625009288986], [2.326871800494184, 48.845350795934536], [2.325509259016131, 48.845343121785845]]]}}, {"type": "Feature", "properties": {"ndvi_mean": 0.16343295574188232, "ndmi_mean": -0.001092989812605083, "ndbi_mean": 0.001092989812605083}, "geometry": {"type": "Polygon", "coordinates": [[[2.326871800494184, 48.845350795934536], [2.3268601848076305, 48.84625009288986], [2.3282227501966752, 48.84625775164661], [2.3282343423731002, 48.845358454565286], [2.326871800494184, 48.845350795934536]]]}}, {"type": "Feature", "properties": {"ndvi_mean": 0.19666285812854767, "ndmi_mean": -0.014114564284682274, "ndbi_mean": 0.014114564284682274}, "geometry": {"type": "Polygon", "coordinates": [[[2.3282343423731002, 48.845358454565286], [2.3282227501966752, 48.84625775164661], [2.329585315985793, 48.846265394885144], [2.329596884652069, 48.8453660976781], [2.3282343423731002, 48.845358454565286]]]}}, {"type": "Feature", "properties": {"ndvi_mean": 0.16850391030311584, "ndmi_mean": -0.11698099225759506, "ndbi_mean": 0.11698099225759506}, "geometry": {"type": "Polygon", "coordinates": [[[2.329596884652069, 48.8453660976781], [2.329585315985793, 48.846265394885144], [2.3309478821741725, 48.84627302260549], [2.3309594273302787, 48.84537372527297], [2.329596884652069, 48.8453660976781]]]}}, {"type": "Feature", "properties": {"ndvi_mean": 0.15629009902477264, "ndmi_mean": -0.01742616482079029, "ndbi_mean": 0.01742616482079029}, "geometry": {"type": "Polygon", "coordinates": [[[2.3309594273302787, 48.84537372527297], [2.3309478821741725, 48.84627302260549], [2.3323104487610027, 48.84628063480761], [2.3323219704069182, 48.84538133734989], [2.3309594273302787, 48.84537372527297]]]}}, {"type": "Feature", "properties": {"ndvi_mean": 0.6857242584228516, "ndmi_mean": 0.24406731128692627, "ndbi_mean": -0.24406731128692627}, "geometry": {"type": "Polygon", "coordinates": [[[2.3323219704069182, 48.84538133734989], [2.3323104487610027, 48.84628063480761], [2.3336730157454717, 48.84628823149153], [2.333684513881176, 48.84538893390885], [2.3323219704069182, 48.84538133734989]]]}}, {"type": "Feature", "properties": {"ndvi_mean": 0.6668648719787598, "ndmi_mean": 0.24112612009048462, "ndbi_mean": -0.24112612009048462}, "geometry": {"type": "Polygon", "coordinates": [[[2.333684513881176, 48.84538893390885], [2.3336730157454717, 48.84628823149153], [2.3350355831267686, 48.84629581265722], [2.335047057752241, 48.84539651494985], [2.333684513881176, 48.84538893390885]]]}}, {"type": "Feature", "properties": {"ndvi_mean": 0.6764830946922302, "ndmi_mean": 0.2380739152431488, "ndbi_mean": -0.2380739152431488}, "geometry": {"type": "Polygon", "coordinates": [[[2.335047057752241, 48.84539651494985], [2.3350355831267686, 48.84629581265722], [2.336398150904082, 48.84630337830469], [2.336409602019303, 48.84540408047287], [2.335047057752241, 48.84539651494985]]]}}, {"type": "Feature", "properties": {"ndvi_mean": 0.2431938201189041, "ndmi_mean": -0.05556495860219002, "ndbi_mean": 0.05556495860219002}, "geometry": {"type": "Polygon", "coordinates": [[[2.284645549163712, 48.844206387869384], [2.284633205099688, 48.84510568151949], [2.2859957341746227, 48.84511382120305], [2.2860080547299924, 48.84421452741906], [2.284645549163712, 48.844206387869384]]]}}, {"type": "Feature", "properties": {"ndvi_mean": 0.1394955962896347, "ndmi_mean": -0.079747274518013, "ndbi_mean": 0.079747274518013}, "geometry": {"type": "Polygon", "coordinates": [[[2.2860080547299924, 48.84421452741906], [2.2859957341746227, 48.84511382120305], [2.287358263674757, 48.84512194536889], [2.2873705607214503, 48.84422265145127], [2.2860080547299924, 48.84421452741906]]]}}, {"type": "Feature", "properties": {"ndvi_mean": 0.29702723026275635, "ndmi_mean": -0.08035878092050552, "ndbi_mean": 0.08035878092050552}, "geometry": {"type": "Polygon", "coordinates": [[[2.2873705607214503, 48.84422265145127], [2.287358263674757, 48.84512194536889], [2.2887207935992797, 48.84513005401697], [2.2887330671372745, 48.84423075996598], [2.2873705607214503, 48.84422265145127]]]}}, {"type": "Feature", "properties": {"ndvi_mean": 0.10833800584077835, "ndmi_mean": -0.06427139043807983, "ndbi_mean": 0.06427139043807983}, "geometry": {"type": "Polygon", "coordinates": [[[2.2887330671372745, 48.84423075996598], [2.2887207935992797, 48.84513005401697], [2.29008332394738, 48.84513814714733], [2.2900955739766546, 48.84423885296322], [2.2887330671372745, 48.84423075996598]]]}}, {"type": "Feature", "properties": {"ndvi_mean": 0.2201460599899292, "ndmi_mean": -0.0008614283287897706, "ndbi_mean": 0.0008614283287897706}, "geometry": {"type": "Polygon", "coordinates": [[[2.2900955739766546, 48.84423885296322], [2.29008332394738, 48.84513814714733], [2.291445854718247, 48.845146224759944], [2.291458081238779, 48.84424693044296], [2.2900955739766546, 48.84423885296322]]]}}, {"type": "Feature", "properties": {"ndvi_mean": 0.3210984170436859, "ndmi_mean": -0.0067154658026993275, "ndbi_mean": 0.0067154658026993275}, "geometry": {"type": "Polygon", "coordinates": [[[2.291458081238779, 48.84424693044296], [2.291445854718247, 48.845146224759944], [2.2928083859110675, 48.84515428685477], [2.2928205889228357, 48.84425499240519], [2.291458081238779, 48.84424693044296]]]}}, {"type": "Feature", "properties": {"ndvi_mean": 0.3731502592563629, "ndmi_mean": 0.059502020478248596, "ndbi_mean": -0.059502020478248596}, "geometry": {"type": "Polygon", "coordinates": [[[2.2928205889228357, 48.84425499240519], [2.2928083859110675, 48.84515428685477], [2.2941709175250327, 48.845162333431844], [2.294183097028015, 48.84426303884991], [2.2928205889228357, 48.84425499240519]]]}}, {"type": "Feature", "properties": {"ndvi_mean": 0.11634379625320435, "ndmi_mean": -0.13542352616786957, "ndbi_mean": 0.13542352616786957}, "geometry": {"type": "Polygon", "coordinates": [[[2.294183097028015, 48.84426303884991], [2.2941709175250327, 48.845162333431844], [2.29553344955933, 48.84517036449117], [2.295545605553505, 48.844271069777115], [2.294183097028015, 48.84426303884991]]]}}, {"type": "Feature", "properties": {"ndvi_mean": 0.1016111746430397, "ndmi_mean": -0.07337957620620728, "ndbi_mean": 0.07337957620620728}, "geometry": {"type": "Polygon", "coordinates": [[[2.295545605553505, 48.844271069777115], [2.29553344955933, 48.84517036449117], [2.2968959820131487, 48.845178380032685], [2.296908114498494, 48.84427908518679], [2.295545605553505, 48.844271069777115]]]}}, {"type": "Feature", "properties": {"ndvi_mean": 0.16039501130580902, "ndmi_mean": -0.08907467871904373, "ndbi_mean": 0.08907467871904373}, "geometry": {"type": "Polygon", "coordinates": [[[2.296908114498494, 48.84427908518679], [2.2968959820131487, 48.845178380032685], [2.298258514885678, 48.845186380056425], [2.298270623862172, 48.844287085078946], [2.296908114498494, 48.84427908518679]]]}}, {"type": "Feature", "properties": {"ndvi_mean": 0.3040369749069214, "ndmi_mean": 0.023629214614629745, "ndbi_mean": -0.023629214614629745}, "geometry": {"type": "Polygon", "coordinates": [[[2.298270623862172, 48.844287085078946], [2.298258514885678, 48.845186380056425], [2.2996210481761055, 48.84519436456238], [2.2996331336437272, 48.844295069453565], [2.298270623862172, 48.844287085078946]]]}}, {"type": "Feature", "properties": {"ndvi_mean": 0.24284888803958893, "ndmi_mean": 0.0031020045280456543, "ndbi_mean": -0.0031020045280456543}, "geometry": {"type": "Polygon", "coordinates": [[[2.2996331336437272, 48.844295069453565], [2.2996210481761055, 48.84519436456238], [2.300983581883621, 48.84520233355051], [2.3009956438423487, 48.84430303831062], [2.2996331336437272, 48.844295069453565]]]}}, {"type": "Feature", "properties": {"ndvi_mean": 0.2480786293745041, "ndmi_mean": -0.028799841180443764, "ndbi_mean": 0.028799841180443764}, "geometry": {"type": "Polygon", "coordinates": [[[2.3009956438423487, 48.84430303831062], [2.300983581883621, 48.84520233355051], [2.3023461160074135, 48.845210287020876], [2.302358154457225, 48.84431099165015], [2.3009956438423487, 48.84430303831062]]]}}, {"type": "Feature", "properties": {"ndvi_mean": 0.3216860294342041, "ndmi_mean": -0.032448168843984604, "ndbi_mean": 0.032448168843984604}, "geometry": {"type": "Polygon", "coordinates": [[[2.302358154457225, 48.84431099165015], [2.3023461160074135, 48.845210287020876], [2.303708650546671, 48.8452182249734], [2.303720665487545, 48.8443189294721], [2.302358154457225, 48.84431099165015]]]}}, {"type": "Feature", "properties": {"ndvi_mean": 0.330245703458786, "ndmi_mean": -0.04289795458316803, "ndbi_mean": 0.04289795458316803}, "geometry": {"type": "Polygon", "coordinates": [[[2.303720665487545, 48.8443189294721], [2.303708650546671, 48.8452182249734], [2.3050711855005823, 48.84522614740812], [2.3050831769324978, 48.8443268517765], [2.303720665487545, 48.8443189294721]]]}}, {"type": "Feature", "properties": {"ndvi_mean": 0.1618971824645996, "ndmi_mean": -0.09045037627220154, "ndbi_mean": 0.09045037627220154}, "geometry": {"type": "Polygon", "coordinates": [[[2.3050831769324978, 48.8443268517765], [2.3050711855005823, 48.84522614740812], [2.306433720868337, 48.84523405432498], [2.3064456887912725, 48.84433475856333], [2.3050831769324978, 48.8443268517765]]]}}, {"type": "Feature", "properties": {"ndvi_mean": 0.12913374602794647, "ndmi_mean": -0.16084064543247223, "ndbi_mean": 0.16084064543247223}, "geometry": {"type": "Polygon", "coordinates": [[[2.3064456887912725, 48.84433475856333], [2.306433720868337, 48.84523405432498], [2.3077962566491235, 48.84524194572404], [2.307808201063057, 48.84434264983257], [2.3064456887912725, 48.84433475856333]]]}}, {"type": "Feature", "properties": {"ndvi_mean": 0.3230646848678589, "ndmi_mean": 0.031537000089883804, "ndbi_mean": -0.031537000089883804}, "geometry": {"type": "Polygon", "coordinates": [[[2.307808201063057, 48.84434264983257], [2.3077962566491235, 48.84524194572404], [2.30915879284213, 48.84524982160525], [2.309170713747041, 48.84435052558423], [2.307808201063057, 48.84434264983257]]]}}, {"type": "Feature", "properties": {"ndvi_mean": 0.16073963046073914, "ndmi_mean": -0.0344725027680397, "ndbi_mean": 0.0344725027680397}, "geometry": {"type": "Polygon", "coordinates": [[[2.309170713747041, 48.84435052558423], [2.30915879284213, 48.84524982160525], [2.310521329446546, 48.84525768196861], [2.310533226842413, 48.84435838581831], [2.309170713747041, 48.84435052558423]]]}}, {"type": "Feature", "properties": {"ndvi_mean": 0.315054714679718, "ndmi_mean": 0.02932729199528694, "ndbi_mean": -0.02932729199528694}, "geometry": {"type": "Polygon", "coordinates": [[[2.310533226842413, 48.84435838581831], [2.310521329446546, 48.84525768196861], [2.31188386646156, 48.84526552681413], [2.3118957403483615, 48.84436623053479], [2.310533226842413, 48.84435838581831]]]}}, {"type": "Feature", "properties": {"ndvi_mean": 0.24036003649234772, "ndmi_mean": -0.031289517879486084, "ndbi_mean": 0.031289517879486084}, "geometry": {"type": "Polygon", "coordinates": [[[2.3118957403483615, 48.84436623053479], [2.31188386646156, 48.84526552681413], [2.3132464038863616, 48.845273356141774], [2.313258254264076, 48.844374059733646], [2.3118957403483615, 48.84436623053479]]]}}, {"type": "Feature", "properties": {"ndvi_mean": 0.18375585973262787, "ndmi_mean": -0.09565184265375137, "ndbi_mean": 0.09565184265375137}, "geometry": {"type": "Polygon", "coordinates": [[[2.313258254264076, 48.844374059733646], [2.3132464038863616, 48.845273356141774], [2.314608941720138, 48.84528116995156], [2.3146207685887448, 48.8443818734149], [2.313258254264076, 48.844374059733646]]]}}, {"type": "Feature", "properties": {"ndvi_mean": 0.3353090286254883, "ndmi_mean": -0.0008673186530359089, "ndbi_mean": 0.0008673186530359089}, "geometry": {"type": "Polygon", "coordinates": [[[2.3146207685887448, 48.8443818734149], [2.314608941720138, 48.84528116995156], [2.3159714799620796, 48.84528896824347], [2.315983283321557, 48.844389671578554], [2.3146207685887448, 48.8443818734149]]]}}, {"type": "Feature", "properties": {"ndvi_mean": 0.23213079571723938, "ndmi_mean": -0.09407036006450653, "ndbi_mean": 0.09407036006450653}, "geometry": {"type": "Polygon", "coordinates": [[[2.315983283321557, 48.844389671578554], [2.3159714799620796, 48.84528896824347], [2.317334018611374, 48.84529675101751], [2.3173457984617016, 48.84439745422456], [2.315983283321557, 48.844389671578554]]]}}, {"type": "Feature", "properties": {"ndvi_mean": 0.12420963495969772, "ndmi_mean": -0.06931190192699432, "ndbi_mean": 0.06931190192699432}, "geometry": {"type": "Polygon", "coordinates": [[[2.3173457984617016, 48.84439745422456], [2.317334018611374, 48.84529675101751], [2.3186965576672107, 48.84530451827364], [2.318708314008367, 48.84440522135294], [2.3173457984617016, 48.84439745422456]]]}}, {"type": "Feature", "properties": {"ndvi_mean": 0.1475837379693985, "ndmi_mean": -0.039355963468551636, "ndbi_mean": 0.039355963468551636}, "geometry": {"type": "Polygon", "coordinates": [[[2.318708314008367, 48.84440522135294], [2.3186965576672107, 48.84530451827364], [2.320059097128778, 48.845312270011895], [2.320070829960742, 48.84441297296369], [2.318708314008367, 48.84440522135294]]]}}, {"type": "Feature", "properties": {"ndvi_mean": 0.1878128945827484, "ndmi_mean": -0.006419110111892223, "ndbi_mean": 0.006419110111892223}, "geometry": {"type": "Polygon", "coordinates": [[[2.320070829960742, 48.84441297296369], [2.320059097128778, 48.845312270011895], [2.3214216369952645, 48.84532000623225], [2.321433346318016, 48.84442070905679], [2.320070829960742, 48.84441297296369]]]}}, {"type": "Feature", "properties": {"ndvi_mean": 0.25838983058929443, "ndmi_mean": -0.007043390069156885, "ndbi_mean": 0.007043390069156885}, "geometry": {"type": "Polygon", "coordinates": [[[2.321433346318016, 48.84442070905679], [2.3214216369952645, 48.84532000623225], [2.32278417726586, 48.8453277269347], [2.322795863079377, 48.84442842963225], [2.321433346318016, 48.84442070905679]]]}}, {"type": "Feature", "properties": {"ndvi_mean": 0.13050013780593872, "ndmi_mean": -0.028278889134526253, "ndbi_mean": 0.028278889134526253}, "geometry": {"type": "Polygon", "coordinates": [[[2.322795863079377, 48.84442842963225], [2.32278417726586, 48.8453277269347], [2.3241467179397524, 48.845335432119235], [2.3241583802440147, 48.844436134690035], [2.322795863079377, 48.84442842963225]]]}}, {"type": "Feature", "properties": {"ndvi_mean": 0.005879080388695002, "ndmi_mean": -0.10349373519420624, "ndbi_mean": 0.10349373519420624}, "geometry": {"type": "Polygon", "coordinates": [[[2.3241583802440147, 48.844436134690035], [2.3241467179397524, 48.845335432119235], [2.325509259016131, 48.845343121785845], [2.3255208978111175, 48.84444382423017], [2.3241583802440147, 48.844436134690035]]]}}, {"type": "Feature", "properties": {"ndvi_mean": 0.18095587193965912, "ndmi_mean": -0.022562887519598007, "ndbi_mean": 0.022562887519598007}, "geometry": {"type": "Polygon", "coordinates": [[[2.3255208978111175, 48.84444382423017], [2.325509259016131, 48.845343121785845], [2.326871800494184, 48.845350795934536], [2.326883415779874, 48.844451498252624], [2.3255208978111175, 48.84444382423017]]]}}, {"type": "Feature", "properties": {"ndvi_mean": 0.14515361189842224, "ndmi_mean": -0.032759882509708405, "ndbi_mean": 0.032759882509708405}, "geometry": {"type": "Polygon", "coordinates": [[[2.326883415779874, 48.844451498252624], [2.326871800494184, 48.845350795934536], [2.3282343423731002, 48.845358454565286], [2.3282459341494732, 48.844459156757395], [2.326883415779874, 48.844451498252624]]]}}, {"type": "Feature", "properties": {"ndvi_mean": 0.21479681134223938, "ndmi_mean": -0.03720797598361969, "ndbi_mean": 0.03720797598361969}, "geometry": {"type": "Polygon", "coordinates": [[[2.3282459341494732, 48.844459156757395], [2.3282343423731002, 48.845358454565286], [2.329596884652069, 48.8453660976781], [2.329608452919104, 48.8444667997445], [2.3282459341494732, 48.844459156757395]]]}}, {"type": "Feature", "properties": {"ndvi_mean": 0.33127760887145996, "ndmi_mean": 0.02105320431292057, "ndbi_mean": -0.02105320431292057}, "geometry": {"type": "Polygon", "coordinates": [[[2.329608452919104, 48.8444667997445], [2.329596884652069, 48.8453660976781], [2.3309594273302787, 48.84537372527297], [2.330970972087955, 48.844474427213896], [2.329608452919104, 48.8444667997445]]]}}, {"type": "Feature", "properties": {"ndvi_mean": 0.09703865647315979, "ndmi_mean": -0.06419125199317932, "ndbi_mean": 0.06419125199317932}, "geometry": {"type": "Polygon", "coordinates": [[[2.330970972087955, 48.844474427213896], [2.3309594273302787, 48.84537372527297], [2.3323219704069182, 48.84538133734989], [2.332333491655215, 48.844482039165605], [2.330970972087955, 48.844474427213896]]]}}, {"type": "Feature", "properties": {"ndvi_mean": 0.6727445125579834, "ndmi_mean": 0.215420663356781, "ndbi_mean": -0.215420663356781}, "geometry": {"type": "Polygon", "coordinates": [[[2.332333491655215, 48.844482039165605], [2.3323219704069182, 48.84538133734989], [2.333684513881176, 48.84538893390885], [2.3336960116200736, 48.84448963559963], [2.332333491655215, 48.844482039165605]]]}}, {"type": "Feature", "properties": {"ndvi_mean": 0.7693608999252319, "ndmi_mean": 0.28288933634757996, "ndbi_mean": -0.28288933634757996}, "geometry": {"type": "Polygon", "coordinates": [[[2.3336960116200736, 48.84448963559963], [2.333684513881176, 48.84538893390885], [2.335047057752241, 48.84539651494985], [2.335058531981718, 48.84449721651591], [2.3336960116200736, 48.84448963559963]]]}}, {"type": "Feature", "properties": {"ndvi_mean": 0.7826924920082092, "ndmi_mean": 0.28629887104034424, "ndbi_mean": -0.28629887104034424}, "geometry": {"type": "Polygon", "coordinates": [[[2.335058531981718, 48.84449721651591], [2.335047057752241, 48.84539651494985], [2.336409602019303, 48.84540408047287], [2.3364210527393388, 48.844504781914495], [2.335058531981718, 48.84449721651591]]]}}]}